[[1;34mINFO[m] Scanning for projects...
Downloading from jboss-releases: https://repository.jboss.org/nexus/content/repositories/releases/org/jboss/jboss-parent/11/jboss-parent-11.pom
Downloaded from jboss-releases: https://repository.jboss.org/nexus/content/repositories/releases/org/jboss/jboss-parent/11/jboss-parent-11.pom (0 B at 0 B/s)
Downloading from jboss-releases: https://repository.jboss.org/nexus/content/repositories/releases/org/jboss/spec/jboss-javaee-6.0/3.0.2.Final/jboss-javaee-6.0-3.0.2.Final.pom
Downloaded from jboss-releases: https://repository.jboss.org/nexus/content/repositories/releases/org/jboss/spec/jboss-javaee-6.0/3.0.2.Final/jboss-javaee-6.0-3.0.2.Final.pom (0 B at 0 B/s)
Downloading from jboss-releases: https://repository.jboss.org/nexus/content/repositories/releases/org/jboss/jboss-parent/10/jboss-parent-10.pom
Downloaded from jboss-releases: https://repository.jboss.org/nexus/content/repositories/releases/org/jboss/jboss-parent/10/jboss-parent-10.pom (0 B at 0 B/s)
Downloading from jboss-releases: https://repository.jboss.org/nexus/content/repositories/releases/org/jboss/spec/jboss-javaee-web-6.0/3.0.2.Final/jboss-javaee-web-6.0-3.0.2.Final.pom
Downloaded from jboss-releases: https://repository.jboss.org/nexus/content/repositories/releases/org/jboss/spec/jboss-javaee-web-6.0/3.0.2.Final/jboss-javaee-web-6.0-3.0.2.Final.pom (0 B at 0 B/s)
Downloading from jboss-releases: https://repository.jboss.org/nexus/content/repositories/releases/org/jboss/shrinkwrap/shrinkwrap-bom/1.2.3/shrinkwrap-bom-1.2.3.pom
Downloaded from jboss-releases: https://repository.jboss.org/nexus/content/repositories/releases/org/jboss/shrinkwrap/shrinkwrap-bom/1.2.3/shrinkwrap-bom-1.2.3.pom (0 B at 0 B/s)
Downloading from jboss-releases: https://repository.jboss.org/nexus/content/repositories/releases/org/jboss/shrinkwrap/resolver/shrinkwrap-resolver-bom/2.2.2/shrinkwrap-resolver-bom-2.2.2.pom
Downloaded from jboss-releases: https://repository.jboss.org/nexus/content/repositories/releases/org/jboss/shrinkwrap/resolver/shrinkwrap-resolver-bom/2.2.2/shrinkwrap-resolver-bom-2.2.2.pom (0 B at 0 B/s)
Downloading from jboss-releases: https://repository.jboss.org/nexus/content/repositories/releases/org/jboss/shrinkwrap/descriptors/shrinkwrap-descriptors-bom/2.0.0-alpha-9/shrinkwrap-descriptors-bom-2.0.0-alpha-9.pom
Downloaded from jboss-releases: https://repository.jboss.org/nexus/content/repositories/releases/org/jboss/shrinkwrap/descriptors/shrinkwrap-descriptors-bom/2.0.0-alpha-9/shrinkwrap-descriptors-bom-2.0.0-alpha-9.pom (0 B at 0 B/s)
Downloading from jboss-releases: https://repository.jboss.org/nexus/content/repositories/releases/org/jboss/arquillian/selenium/selenium-bom/2.53.0/selenium-bom-2.53.0.pom
Downloaded from jboss-releases: https://repository.jboss.org/nexus/content/repositories/releases/org/jboss/arquillian/selenium/selenium-bom/2.53.0/selenium-bom-2.53.0.pom (0 B at 0 B/s)
Downloading from jboss-releases: https://repository.jboss.org/nexus/content/repositories/releases/org/jboss/arquillian/extension/arquillian-drone-bom/2.0.0.Final/arquillian-drone-bom-2.0.0.Final.pom
Downloaded from jboss-releases: https://repository.jboss.org/nexus/content/repositories/releases/org/jboss/arquillian/extension/arquillian-drone-bom/2.0.0.Final/arquillian-drone-bom-2.0.0.Final.pom (0 B at 0 B/s)
Downloading from jboss-releases: https://repository.jboss.org/nexus/content/repositories/releases/org/jboss/arquillian/arquillian-bom/1.1.11.Final/arquillian-bom-1.1.11.Final.pom
Downloaded from jboss-releases: https://repository.jboss.org/nexus/content/repositories/releases/org/jboss/arquillian/arquillian-bom/1.1.11.Final/arquillian-bom-1.1.11.Final.pom (0 B at 0 B/s)
Downloading from jboss-releases: https://repository.jboss.org/nexus/content/repositories/releases/org/jboss/shrinkwrap/resolver/shrinkwrap-resolver-bom/2.2.0/shrinkwrap-resolver-bom-2.2.0.pom
Downloaded from jboss-releases: https://repository.jboss.org/nexus/content/repositories/releases/org/jboss/shrinkwrap/resolver/shrinkwrap-resolver-bom/2.2.0/shrinkwrap-resolver-bom-2.2.0.pom (0 B at 0 B/s)
Downloading from jboss-releases: https://repository.jboss.org/nexus/content/repositories/releases/org/jboss/shrinkwrap/descriptors/shrinkwrap-descriptors-bom/2.0.0-alpha-8/shrinkwrap-descriptors-bom-2.0.0-alpha-8.pom
Downloaded from jboss-releases: https://repository.jboss.org/nexus/content/repositories/releases/org/jboss/shrinkwrap/descriptors/shrinkwrap-descriptors-bom/2.0.0-alpha-8/shrinkwrap-descriptors-bom-2.0.0-alpha-8.pom (0 B at 0 B/s)
[[1;33mWARNING[m] The project org.richfaces:richfaces-cache-bom:pom:4.5.18-SNAPSHOT uses prerequisites which is only intended for maven-plugin projects but not for non maven-plugin projects. For such purposes you should use the maven-enforcer-plugin. See https://maven.apache.org/enforcer/enforcer-rules/requireMavenVersion.html
[[1;33mWARNING[m] The project org.richfaces:richfaces-build:pom:4.5.18-SNAPSHOT uses prerequisites which is only intended for maven-plugin projects but not for non maven-plugin projects. For such purposes you should use the maven-enforcer-plugin. See https://maven.apache.org/enforcer/enforcer-rules/requireMavenVersion.html
[[1;33mWARNING[m] The project org.richfaces:richfaces-build-resources:jar:4.5.18-SNAPSHOT uses prerequisites which is only intended for maven-plugin projects but not for non maven-plugin projects. For such purposes you should use the maven-enforcer-plugin. See https://maven.apache.org/enforcer/enforcer-rules/requireMavenVersion.html
[[1;33mWARNING[m] The project org.richfaces:richfaces-parent:pom:4.5.18-SNAPSHOT uses prerequisites which is only intended for maven-plugin projects but not for non maven-plugin projects. For such purposes you should use the maven-enforcer-plugin. See https://maven.apache.org/enforcer/enforcer-rules/requireMavenVersion.html
[[1;33mWARNING[m] The project org.richfaces.examples:richfaces-photoalbum:war:4.5.18-SNAPSHOT uses prerequisites which is only intended for maven-plugin projects but not for non maven-plugin projects. For such purposes you should use the maven-enforcer-plugin. See https://maven.apache.org/enforcer/enforcer-rules/requireMavenVersion.html
[[1;33mWARNING[m] The project org.richfaces.examples:richfaces-showcase:war:4.5.18-SNAPSHOT uses prerequisites which is only intended for maven-plugin projects but not for non maven-plugin projects. For such purposes you should use the maven-enforcer-plugin. See https://maven.apache.org/enforcer/enforcer-rules/requireMavenVersion.html
[[1;34mINFO[m] [1m------------------------------------------------------------------------[m
[[1;34mINFO[m] [1mReactor Build Order:[m
[[1;34mINFO[m] 
[[1;34mINFO[m] RichFaces BOM                                                      [pom]
[[1;34mINFO[m] RichFaces Build Version Management                                 [pom]
[[1;34mINFO[m] RichFaces Build Resources                                          [jar]
[[1;34mINFO[m] RichFaces Parent                                                   [pom]
[[1;34mINFO[m] RichFaces Page Fragments                                           [jar]
[[1;34mINFO[m] RichFaces Core                                                     [jar]
[[1;34mINFO[m] RichFaces UI Components Parent                                     [pom]
[[1;34mINFO[m] RichFaces a4j components                                           [jar]
[[1;34mINFO[m] RichFaces Resources Maven Plugin                          [maven-plugin]
[[1;34mINFO[m] RichFaces rich components                                          [jar]
[[1;34mINFO[m] RichFaces Push Depchain                                            [pom]
[[1;34mINFO[m] RichFaces Push Native Depchain                                     [pom]
[[1;34mINFO[m] RichFaces Distribution Assembler                                   [pom]
[[1;34mINFO[m] RichFaces Photoalbum                                               [war]
[[1;34mINFO[m] RichFaces Showcase                                                 [war]
[[1;34mINFO[m] RichFaces Examples Template                                        [war]
[[1;34mINFO[m] RichFaces Example - JPA Demo                                       [war]
[[1;34mINFO[m] RichFaces Example - Push Demo                                      [war]
[[1;34mINFO[m] RichFaces Example - IRC Client                                     [war]
[[1;34mINFO[m] RichFaces Example - Component                                      [war]
[[1;34mINFO[m] 
[[1;34mINFO[m] [1m-----------------< [0;36morg.richfaces:richfaces-cache-bom[0;1m >------------------[m
[[1;34mINFO[m] [1mBuilding RichFaces BOM 4.5.18-SNAPSHOT                            [1/20][m
[[1;34mINFO[m] [1m--------------------------------[ pom ]---------------------------------[m
Downloading from jboss-releases-plugins: https://repository.jboss.org/nexus/content/repositories/releases/org/apache/maven/plugins/maven-clean-plugin/3.0.0/maven-clean-plugin-3.0.0.pom
Downloading from central-https: https://repo.maven.apache.org/maven2/org/apache/maven/plugins/maven-clean-plugin/3.0.0/maven-clean-plugin-3.0.0.pom
Downloaded from central-https: https://repo.maven.apache.org/maven2/org/apache/maven/plugins/maven-clean-plugin/3.0.0/maven-clean-plugin-3.0.0.pom (0 B at 0 B/s)
Downloading from jboss-releases-plugins: https://repository.jboss.org/nexus/content/repositories/releases/org/apache/maven/plugins/maven-plugins/28/maven-plugins-28.pom
Downloading from central-https: https://repo.maven.apache.org/maven2/org/apache/maven/plugins/maven-plugins/28/maven-plugins-28.pom
Downloaded from central-https: https://repo.maven.apache.org/maven2/org/apache/maven/plugins/maven-plugins/28/maven-plugins-28.pom (0 B at 0 B/s)
Downloading from jboss-releases-plugins: https://repository.jboss.org/nexus/content/repositories/releases/org/apache/maven/maven-parent/27/maven-parent-27.pom
Downloading from central-https: https://repo.maven.apache.org/maven2/org/apache/maven/maven-parent/27/maven-parent-27.pom
Downloaded from central-https: https://repo.maven.apache.org/maven2/org/apache/maven/maven-parent/27/maven-parent-27.pom (0 B at 0 B/s)
Downloading from jboss-releases-plugins: https://repository.jboss.org/nexus/content/repositories/releases/org/apache/apache/17/apache-17.pom
Downloading from central-https: https://repo.maven.apache.org/maven2/org/apache/apache/17/apache-17.pom
Downloaded from central-https: https://repo.maven.apache.org/maven2/org/apache/apache/17/apache-17.pom (0 B at 0 B/s)
Downloading from jboss-releases-plugins: https://repository.jboss.org/nexus/content/repositories/releases/org/apache/maven/plugins/maven-clean-plugin/3.0.0/maven-clean-plugin-3.0.0.jar
Downloading from central-https: https://repo.maven.apache.org/maven2/org/apache/maven/plugins/maven-clean-plugin/3.0.0/maven-clean-plugin-3.0.0.jar
Downloaded from central-https: https://repo.maven.apache.org/maven2/org/apache/maven/plugins/maven-clean-plugin/3.0.0/maven-clean-plugin-3.0.0.jar (0 B at 0 B/s)
Downloading from jboss-releases-plugins: https://repository.jboss.org/nexus/content/repositories/releases/org/apache/maven/plugins/maven-install-plugin/2.5.2/maven-install-plugin-2.5.2.pom
Downloading from central-https: https://repo.maven.apache.org/maven2/org/apache/maven/plugins/maven-install-plugin/2.5.2/maven-install-plugin-2.5.2.pom
Downloaded from central-https: https://repo.maven.apache.org/maven2/org/apache/maven/plugins/maven-install-plugin/2.5.2/maven-install-plugin-2.5.2.pom (0 B at 0 B/s)
Downloading from jboss-releases-plugins: https://repository.jboss.org/nexus/content/repositories/releases/org/apache/maven/plugins/maven-plugins/25/maven-plugins-25.pom
Downloading from central-https: https://repo.maven.apache.org/maven2/org/apache/maven/plugins/maven-plugins/25/maven-plugins-25.pom
Downloaded from central-https: https://repo.maven.apache.org/maven2/org/apache/maven/plugins/maven-plugins/25/maven-plugins-25.pom (0 B at 0 B/s)
Downloading from jboss-releases-plugins: https://repository.jboss.org/nexus/content/repositories/releases/org/apache/maven/maven-parent/24/maven-parent-24.pom
Downloading from central-https: https://repo.maven.apache.org/maven2/org/apache/maven/maven-parent/24/maven-parent-24.pom
Downloaded from central-https: https://repo.maven.apache.org/maven2/org/apache/maven/maven-parent/24/maven-parent-24.pom (0 B at 0 B/s)
Downloading from jboss-releases-plugins: https://repository.jboss.org/nexus/content/repositories/releases/org/apache/apache/14/apache-14.pom
Downloading from central-https: https://repo.maven.apache.org/maven2/org/apache/apache/14/apache-14.pom
Downloaded from central-https: https://repo.maven.apache.org/maven2/org/apache/apache/14/apache-14.pom (0 B at 0 B/s)
Downloading from jboss-releases-plugins: https://repository.jboss.org/nexus/content/repositories/releases/org/apache/maven/plugins/maven-install-plugin/2.5.2/maven-install-plugin-2.5.2.jar
Downloading from central-https: https://repo.maven.apache.org/maven2/org/apache/maven/plugins/maven-install-plugin/2.5.2/maven-install-plugin-2.5.2.jar
Downloaded from central-https: https://repo.maven.apache.org/maven2/org/apache/maven/plugins/maven-install-plugin/2.5.2/maven-install-plugin-2.5.2.jar (0 B at 0 B/s)
[[1;34mINFO[m] 
[[1;34mINFO[m] [1m--- [0;32mmaven-clean-plugin:3.0.0:clean[m [1m(default-clean)[m @ [36mrichfaces-cache-bom[0;1m ---[m
Downloading from jboss-releases-plugins: https://repository.jboss.org/nexus/content/repositories/releases/org/apache/maven/maven-plugin-api/3.0/maven-plugin-api-3.0.pom
Downloading from central-https: https://repo.maven.apache.org/maven2/org/apache/maven/maven-plugin-api/3.0/maven-plugin-api-3.0.pom
Downloaded from central-https: https://repo.maven.apache.org/maven2/org/apache/maven/maven-plugin-api/3.0/maven-plugin-api-3.0.pom (0 B at 0 B/s)
Downloading from jboss-releases-plugins: https://repository.jboss.org/nexus/content/repositories/releases/org/apache/maven/maven/3.0/maven-3.0.pom
Downloading from central-https: https://repo.maven.apache.org/maven2/org/apache/maven/maven/3.0/maven-3.0.pom
Downloaded from central-https: https://repo.maven.apache.org/maven2/org/apache/maven/maven/3.0/maven-3.0.pom (0 B at 0 B/s)
Downloading from jboss-releases-plugins: https://repository.jboss.org/nexus/content/repositories/releases/org/apache/maven/maven-parent/15/maven-parent-15.pom
Downloading from central-https: https://repo.maven.apache.org/maven2/org/apache/maven/maven-parent/15/maven-parent-15.pom
Downloaded from central-https: https://repo.maven.apache.org/maven2/org/apache/maven/maven-parent/15/maven-parent-15.pom (0 B at 0 B/s)
Downloading from jboss-releases-plugins: https://repository.jboss.org/nexus/content/repositories/releases/org/apache/apache/6/apache-6.pom
Downloading from central-https: https://repo.maven.apache.org/maven2/org/apache/apache/6/apache-6.pom
Downloaded from central-https: https://repo.maven.apache.org/maven2/org/apache/apache/6/apache-6.pom (0 B at 0 B/s)
Downloading from jboss-releases-plugins: https://repository.jboss.org/nexus/content/repositories/releases/org/apache/maven/maven-model/3.0/maven-model-3.0.pom
Downloading from central-https: https://repo.maven.apache.org/maven2/org/apache/maven/maven-model/3.0/maven-model-3.0.pom
Downloaded from central-https: https://repo.maven.apache.org/maven2/org/apache/maven/maven-model/3.0/maven-model-3.0.pom (0 B at 0 B/s)
Downloading from jboss-releases-plugins: https://repository.jboss.org/nexus/content/repositories/releases/org/codehaus/plexus/plexus-utils/2.0.4/plexus-utils-2.0.4.pom
Downloading from central-https: https://repo.maven.apache.org/maven2/org/codehaus/plexus/plexus-utils/2.0.4/plexus-utils-2.0.4.pom
Downloaded from central-https: https://repo.maven.apache.org/maven2/org/codehaus/plexus/plexus-utils/2.0.4/plexus-utils-2.0.4.pom (0 B at 0 B/s)
Downloading from jboss-releases-plugins: https://repository.jboss.org/nexus/content/repositories/releases/org/codehaus/plexus/plexus/2.0.6/plexus-2.0.6.pom
Downloading from central-https: https://repo.maven.apache.org/maven2/org/codehaus/plexus/plexus/2.0.6/plexus-2.0.6.pom
Downloaded from central-https: https://repo.maven.apache.org/maven2/org/codehaus/plexus/plexus/2.0.6/plexus-2.0.6.pom (0 B at 0 B/s)
Downloading from jboss-releases-plugins: https://repository.jboss.org/nexus/content/repositories/releases/org/apache/maven/maven-artifact/3.0/maven-artifact-3.0.pom
Downloading from central-https: https://repo.maven.apache.org/maven2/org/apache/maven/maven-artifact/3.0/maven-artifact-3.0.pom
Downloaded from central-https: https://repo.maven.apache.org/maven2/org/apache/maven/maven-artifact/3.0/maven-artifact-3.0.pom (0 B at 0 B/s)
Downloading from jboss-releases-plugins: https://repository.jboss.org/nexus/content/repositories/releases/org/sonatype/sisu/sisu-inject-plexus/1.4.2/sisu-inject-plexus-1.4.2.pom
Downloading from central-https: https://repo.maven.apache.org/maven2/org/sonatype/sisu/sisu-inject-plexus/1.4.2/sisu-inject-plexus-1.4.2.pom
Downloaded from central-https: https://repo.maven.apache.org/maven2/org/sonatype/sisu/sisu-inject-plexus/1.4.2/sisu-inject-plexus-1.4.2.pom (0 B at 0 B/s)
Downloading from jboss-releases-plugins: https://repository.jboss.org/nexus/content/repositories/releases/org/sonatype/sisu/inject/guice-plexus/1.4.2/guice-plexus-1.4.2.pom
Downloading from central-https: https://repo.maven.apache.org/maven2/org/sonatype/sisu/inject/guice-plexus/1.4.2/guice-plexus-1.4.2.pom
Downloaded from central-https: https://repo.maven.apache.org/maven2/org/sonatype/sisu/inject/guice-plexus/1.4.2/guice-plexus-1.4.2.pom (0 B at 0 B/s)
Downloading from jboss-releases-plugins: https://repository.jboss.org/nexus/content/repositories/releases/org/sonatype/sisu/inject/guice-bean/1.4.2/guice-bean-1.4.2.pom
Downloading from central-https: https://repo.maven.apache.org/maven2/org/sonatype/sisu/inject/guice-bean/1.4.2/guice-bean-1.4.2.pom
Downloaded from central-https: https://repo.maven.apache.org/maven2/org/sonatype/sisu/inject/guice-bean/1.4.2/guice-bean-1.4.2.pom (0 B at 0 B/s)
Downloading from jboss-releases-plugins: https://repository.jboss.org/nexus/content/repositories/releases/org/sonatype/sisu/sisu-inject/1.4.2/sisu-inject-1.4.2.pom
Downloading from central-https: https://repo.maven.apache.org/maven2/org/sonatype/sisu/sisu-inject/1.4.2/sisu-inject-1.4.2.pom
Downloaded from central-https: https://repo.maven.apache.org/maven2/org/sonatype/sisu/sisu-inject/1.4.2/sisu-inject-1.4.2.pom (0 B at 0 B/s)
Downloading from jboss-releases-plugins: https://repository.jboss.org/nexus/content/repositories/releases/org/sonatype/sisu/sisu-parent/1.4.2/sisu-parent-1.4.2.pom
Downloading from central-https: https://repo.maven.apache.org/maven2/org/sonatype/sisu/sisu-parent/1.4.2/sisu-parent-1.4.2.pom
Downloaded from central-https: https://repo.maven.apache.org/maven2/org/sonatype/sisu/sisu-parent/1.4.2/sisu-parent-1.4.2.pom (0 B at 0 B/s)
Downloading from jboss-releases-plugins: https://repository.jboss.org/nexus/content/repositories/releases/org/sonatype/forge/forge-parent/6/forge-parent-6.pom
Downloading from central-https: https://repo.maven.apache.org/maven2/org/sonatype/forge/forge-parent/6/forge-parent-6.pom
Downloaded from central-https: https://repo.maven.apache.org/maven2/org/sonatype/forge/forge-parent/6/forge-parent-6.pom (0 B at 0 B/s)
Downloading from jboss-releases-plugins: https://repository.jboss.org/nexus/content/repositories/releases/org/codehaus/plexus/plexus-component-annotations/1.5.5/plexus-component-annotations-1.5.5.pom
Downloading from central-https: https://repo.maven.apache.org/maven2/org/codehaus/plexus/plexus-component-annotations/1.5.5/plexus-component-annotations-1.5.5.pom
Downloaded from central-https: https://repo.maven.apache.org/maven2/org/codehaus/plexus/plexus-component-annotations/1.5.5/plexus-component-annotations-1.5.5.pom (0 B at 0 B/s)
Downloading from jboss-releases-plugins: https://repository.jboss.org/nexus/content/repositories/releases/org/codehaus/plexus/plexus-containers/1.5.5/plexus-containers-1.5.5.pom
Downloading from central-https: https://repo.maven.apache.org/maven2/org/codehaus/plexus/plexus-containers/1.5.5/plexus-containers-1.5.5.pom
Downloaded from central-https: https://repo.maven.apache.org/maven2/org/codehaus/plexus/plexus-containers/1.5.5/plexus-containers-1.5.5.pom (0 B at 0 B/s)
Downloading from jboss-releases-plugins: https://repository.jboss.org/nexus/content/repositories/releases/org/codehaus/plexus/plexus/2.0.7/plexus-2.0.7.pom
Downloading from central-https: https://repo.maven.apache.org/maven2/org/codehaus/plexus/plexus/2.0.7/plexus-2.0.7.pom
Downloaded from central-https: https://repo.maven.apache.org/maven2/org/codehaus/plexus/plexus/2.0.7/plexus-2.0.7.pom (0 B at 0 B/s)
Downloading from jboss-releases-plugins: https://repository.jboss.org/nexus/content/repositories/releases/org/codehaus/plexus/plexus-classworlds/2.2.3/plexus-classworlds-2.2.3.pom
Downloading from central-https: https://repo.maven.apache.org/maven2/org/codehaus/plexus/plexus-classworlds/2.2.3/plexus-classworlds-2.2.3.pom
Downloaded from central-https: https://repo.maven.apache.org/maven2/org/codehaus/plexus/plexus-classworlds/2.2.3/plexus-classworlds-2.2.3.pom (0 B at 0 B/s)
Downloading from jboss-releases-plugins: https://repository.jboss.org/nexus/content/repositories/releases/org/codehaus/plexus/plexus-utils/2.0.5/plexus-utils-2.0.5.pom
Downloading from central-https: https://repo.maven.apache.org/maven2/org/codehaus/plexus/plexus-utils/2.0.5/plexus-utils-2.0.5.pom
Downloaded from central-https: https://repo.maven.apache.org/maven2/org/codehaus/plexus/plexus-utils/2.0.5/plexus-utils-2.0.5.pom (0 B at 0 B/s)
Downloading from jboss-releases-plugins: https://repository.jboss.org/nexus/content/repositories/releases/org/sonatype/sisu/sisu-inject-bean/1.4.2/sisu-inject-bean-1.4.2.pom
Downloading from central-https: https://repo.maven.apache.org/maven2/org/sonatype/sisu/sisu-inject-bean/1.4.2/sisu-inject-bean-1.4.2.pom
Downloaded from central-https: https://repo.maven.apache.org/maven2/org/sonatype/sisu/sisu-inject-bean/1.4.2/sisu-inject-bean-1.4.2.pom (0 B at 0 B/s)
Downloading from jboss-releases-plugins: https://repository.jboss.org/nexus/content/repositories/releases/org/sonatype/sisu/sisu-guice/2.1.7/sisu-guice-2.1.7.pom
Downloading from central-https: https://repo.maven.apache.org/maven2/org/sonatype/sisu/sisu-guice/2.1.7/sisu-guice-2.1.7.pom
Downloaded from central-https: https://repo.maven.apache.org/maven2/org/sonatype/sisu/sisu-guice/2.1.7/sisu-guice-2.1.7.pom (0 B at 0 B/s)
Downloading from jboss-releases-plugins: https://repository.jboss.org/nexus/content/repositories/releases/org/apache/maven/shared/maven-shared-utils/3.0.0/maven-shared-utils-3.0.0.pom
Downloading from central-https: https://repo.maven.apache.org/maven2/org/apache/maven/shared/maven-shared-utils/3.0.0/maven-shared-utils-3.0.0.pom
Downloaded from central-https: https://repo.maven.apache.org/maven2/org/apache/maven/shared/maven-shared-utils/3.0.0/maven-shared-utils-3.0.0.pom (0 B at 0 B/s)
Downloading from jboss-releases-plugins: https://repository.jboss.org/nexus/content/repositories/releases/org/apache/maven/shared/maven-shared-components/21/maven-shared-components-21.pom
Downloading from central-https: https://repo.maven.apache.org/maven2/org/apache/maven/shared/maven-shared-components/21/maven-shared-components-21.pom
Downloaded from central-https: https://repo.maven.apache.org/maven2/org/apache/maven/shared/maven-shared-components/21/maven-shared-components-21.pom (0 B at 0 B/s)
Downloading from jboss-releases-plugins: https://repository.jboss.org/nexus/content/repositories/releases/org/apache/maven/maven-parent/25/maven-parent-25.pom
Downloading from central-https: https://repo.maven.apache.org/maven2/org/apache/maven/maven-parent/25/maven-parent-25.pom
Downloaded from central-https: https://repo.maven.apache.org/maven2/org/apache/maven/maven-parent/25/maven-parent-25.pom (0 B at 0 B/s)
Downloading from jboss-releases-plugins: https://repository.jboss.org/nexus/content/repositories/releases/org/apache/apache/15/apache-15.pom
Downloading from central-https: https://repo.maven.apache.org/maven2/org/apache/apache/15/apache-15.pom
Downloaded from central-https: https://repo.maven.apache.org/maven2/org/apache/apache/15/apache-15.pom (0 B at 0 B/s)
Downloading from jboss-releases-plugins: https://repository.jboss.org/nexus/content/repositories/releases/commons-io/commons-io/2.4/commons-io-2.4.pom
Downloading from central-https: https://repo.maven.apache.org/maven2/commons-io/commons-io/2.4/commons-io-2.4.pom
Downloaded from central-https: https://repo.maven.apache.org/maven2/commons-io/commons-io/2.4/commons-io-2.4.pom (0 B at 0 B/s)
Downloading from jboss-releases-plugins: https://repository.jboss.org/nexus/content/repositories/releases/org/apache/commons/commons-parent/25/commons-parent-25.pom
Downloading from central-https: https://repo.maven.apache.org/maven2/org/apache/commons/commons-parent/25/commons-parent-25.pom
Downloaded from central-https: https://repo.maven.apache.org/maven2/org/apache/commons/commons-parent/25/commons-parent-25.pom (0 B at 0 B/s)
Downloading from jboss-releases-plugins: https://repository.jboss.org/nexus/content/repositories/releases/org/apache/apache/9/apache-9.pom
Downloading from central-https: https://repo.maven.apache.org/maven2/org/apache/apache/9/apache-9.pom
Downloaded from central-https: https://repo.maven.apache.org/maven2/org/apache/apache/9/apache-9.pom (0 B at 0 B/s)
Downloading from jboss-releases-plugins: https://repository.jboss.org/nexus/content/repositories/releases/com/google/code/findbugs/jsr305/2.0.1/jsr305-2.0.1.pom
Downloading from central-https: https://repo.maven.apache.org/maven2/com/google/code/findbugs/jsr305/2.0.1/jsr305-2.0.1.pom
Downloaded from central-https: https://repo.maven.apache.org/maven2/com/google/code/findbugs/jsr305/2.0.1/jsr305-2.0.1.pom (0 B at 0 B/s)
Downloading from jboss-releases-plugins: https://repository.jboss.org/nexus/content/repositories/releases/org/apache/maven/maven-plugin-api/3.0/maven-plugin-api-3.0.jar
Downloading from jboss-releases-plugins: https://repository.jboss.org/nexus/content/repositories/releases/org/apache/maven/maven-model/3.0/maven-model-3.0.jar
Downloading from jboss-releases-plugins: https://repository.jboss.org/nexus/content/repositories/releases/org/codehaus/plexus/plexus-utils/2.0.4/plexus-utils-2.0.4.jar
Downloading from jboss-releases-plugins: https://repository.jboss.org/nexus/content/repositories/releases/org/apache/maven/maven-artifact/3.0/maven-artifact-3.0.jar
Downloading from jboss-releases-plugins: https://repository.jboss.org/nexus/content/repositories/releases/org/sonatype/sisu/sisu-inject-plexus/1.4.2/sisu-inject-plexus-1.4.2.jar
Downloading from jboss-releases-plugins: https://repository.jboss.org/nexus/content/repositories/releases/org/codehaus/plexus/plexus-component-annotations/1.5.5/plexus-component-annotations-1.5.5.jar
Downloading from jboss-releases-plugins: https://repository.jboss.org/nexus/content/repositories/releases/org/codehaus/plexus/plexus-classworlds/2.2.3/plexus-classworlds-2.2.3.jar
Downloading from jboss-releases-plugins: https://repository.jboss.org/nexus/content/repositories/releases/org/sonatype/sisu/sisu-inject-bean/1.4.2/sisu-inject-bean-1.4.2.jar
Downloading from jboss-releases-plugins: https://repository.jboss.org/nexus/content/repositories/releases/org/sonatype/sisu/sisu-guice/2.1.7/sisu-guice-2.1.7-noaop.jar
Downloading from jboss-releases-plugins: https://repository.jboss.org/nexus/content/repositories/releases/org/apache/maven/shared/maven-shared-utils/3.0.0/maven-shared-utils-3.0.0.jar
Downloading from jboss-releases-plugins: https://repository.jboss.org/nexus/content/repositories/releases/commons-io/commons-io/2.4/commons-io-2.4.jar
Downloading from jboss-releases-plugins: https://repository.jboss.org/nexus/content/repositories/releases/com/google/code/findbugs/jsr305/2.0.1/jsr305-2.0.1.jar
Downloading from central-https: https://repo.maven.apache.org/maven2/org/apache/maven/maven-plugin-api/3.0/maven-plugin-api-3.0.jar
Downloading from central-https: https://repo.maven.apache.org/maven2/org/apache/maven/maven-model/3.0/maven-model-3.0.jar
Downloading from central-https: https://repo.maven.apache.org/maven2/org/codehaus/plexus/plexus-utils/2.0.4/plexus-utils-2.0.4.jar
Downloading from central-https: https://repo.maven.apache.org/maven2/org/apache/maven/maven-artifact/3.0/maven-artifact-3.0.jar
Downloading from central-https: https://repo.maven.apache.org/maven2/org/sonatype/sisu/sisu-inject-plexus/1.4.2/sisu-inject-plexus-1.4.2.jar
Downloaded from central-https: https://repo.maven.apache.org/maven2/org/apache/maven/maven-plugin-api/3.0/maven-plugin-api-3.0.jar (0 B at 0 B/s)
Downloading from central-https: https://repo.maven.apache.org/maven2/org/codehaus/plexus/plexus-component-annotations/1.5.5/plexus-component-annotations-1.5.5.jar
Downloaded from central-https: https://repo.maven.apache.org/maven2/org/codehaus/plexus/plexus-utils/2.0.4/plexus-utils-2.0.4.jar (0 B at 0 B/s)
Downloading from central-https: https://repo.maven.apache.org/maven2/org/codehaus/plexus/plexus-classworlds/2.2.3/plexus-classworlds-2.2.3.jar
Downloaded from central-https: https://repo.maven.apache.org/maven2/org/codehaus/plexus/plexus-component-annotations/1.5.5/plexus-component-annotations-1.5.5.jar (0 B at 0 B/s)
Downloading from central-https: https://repo.maven.apache.org/maven2/org/sonatype/sisu/sisu-inject-bean/1.4.2/sisu-inject-bean-1.4.2.jar
Downloaded from central-https: https://repo.maven.apache.org/maven2/org/sonatype/sisu/sisu-inject-plexus/1.4.2/sisu-inject-plexus-1.4.2.jar (0 B at 0 B/s)
Downloading from central-https: https://repo.maven.apache.org/maven2/org/sonatype/sisu/sisu-guice/2.1.7/sisu-guice-2.1.7-noaop.jar
Downloaded from central-https: https://repo.maven.apache.org/maven2/org/apache/maven/maven-artifact/3.0/maven-artifact-3.0.jar (0 B at 0 B/s)
Downloading from central-https: https://repo.maven.apache.org/maven2/org/apache/maven/shared/maven-shared-utils/3.0.0/maven-shared-utils-3.0.0.jar
Downloaded from central-https: https://repo.maven.apache.org/maven2/org/codehaus/plexus/plexus-classworlds/2.2.3/plexus-classworlds-2.2.3.jar (0 B at 0 B/s)
Downloading from central-https: https://repo.maven.apache.org/maven2/commons-io/commons-io/2.4/commons-io-2.4.jar
Downloaded from central-https: https://repo.maven.apache.org/maven2/org/apache/maven/maven-model/3.0/maven-model-3.0.jar (0 B at 0 B/s)
Downloading from central-https: https://repo.maven.apache.org/maven2/com/google/code/findbugs/jsr305/2.0.1/jsr305-2.0.1.jar
Downloaded from central-https: https://repo.maven.apache.org/maven2/org/sonatype/sisu/sisu-guice/2.1.7/sisu-guice-2.1.7-noaop.jar (0 B at 0 B/s)
Downloaded from central-https: https://repo.maven.apache.org/maven2/org/sonatype/sisu/sisu-inject-bean/1.4.2/sisu-inject-bean-1.4.2.jar (0 B at 0 B/s)
Downloaded from central-https: https://repo.maven.apache.org/maven2/commons-io/commons-io/2.4/commons-io-2.4.jar (0 B at 0 B/s)
Downloaded from central-https: https://repo.maven.apache.org/maven2/org/apache/maven/shared/maven-shared-utils/3.0.0/maven-shared-utils-3.0.0.jar (0 B at 0 B/s)
Downloaded from central-https: https://repo.maven.apache.org/maven2/com/google/code/findbugs/jsr305/2.0.1/jsr305-2.0.1.jar (0 B at 0 B/s)
[[1;34mINFO[m] 
[[1;34mINFO[m] [1m--- [0;32mmaven-install-plugin:2.5.2:install[m [1m(default-install)[m @ [36mrichfaces-cache-bom[0;1m ---[m
Downloading from jboss-releases-plugins: https://repository.jboss.org/nexus/content/repositories/releases/org/apache/maven/maven-plugin-api/2.2.1/maven-plugin-api-2.2.1.pom
Downloading from central-https: https://repo.maven.apache.org/maven2/org/apache/maven/maven-plugin-api/2.2.1/maven-plugin-api-2.2.1.pom
Downloaded from central-https: https://repo.maven.apache.org/maven2/org/apache/maven/maven-plugin-api/2.2.1/maven-plugin-api-2.2.1.pom (0 B at 0 B/s)
Downloading from jboss-releases-plugins: https://repository.jboss.org/nexus/content/repositories/releases/org/apache/maven/maven/2.2.1/maven-2.2.1.pom
Downloading from central-https: https://repo.maven.apache.org/maven2/org/apache/maven/maven/2.2.1/maven-2.2.1.pom
Downloaded from central-https: https://repo.maven.apache.org/maven2/org/apache/maven/maven/2.2.1/maven-2.2.1.pom (0 B at 0 B/s)
Downloading from jboss-releases-plugins: https://repository.jboss.org/nexus/content/repositories/releases/org/apache/maven/maven-parent/11/maven-parent-11.pom
Downloading from central-https: https://repo.maven.apache.org/maven2/org/apache/maven/maven-parent/11/maven-parent-11.pom
Downloaded from central-https: https://repo.maven.apache.org/maven2/org/apache/maven/maven-parent/11/maven-parent-11.pom (0 B at 0 B/s)
Downloading from jboss-releases-plugins: https://repository.jboss.org/nexus/content/repositories/releases/org/apache/apache/5/apache-5.pom
Downloading from central-https: https://repo.maven.apache.org/maven2/org/apache/apache/5/apache-5.pom
Downloaded from central-https: https://repo.maven.apache.org/maven2/org/apache/apache/5/apache-5.pom (0 B at 0 B/s)
Downloading from jboss-releases-plugins: https://repository.jboss.org/nexus/content/repositories/releases/org/apache/maven/maven-project/2.2.1/maven-project-2.2.1.pom
Downloading from central-https: https://repo.maven.apache.org/maven2/org/apache/maven/maven-project/2.2.1/maven-project-2.2.1.pom
Downloaded from central-https: https://repo.maven.apache.org/maven2/org/apache/maven/maven-project/2.2.1/maven-project-2.2.1.pom (0 B at 0 B/s)
Downloading from jboss-releases-plugins: https://repository.jboss.org/nexus/content/repositories/releases/org/apache/maven/maven-settings/2.2.1/maven-settings-2.2.1.pom
Downloading from central-https: https://repo.maven.apache.org/maven2/org/apache/maven/maven-settings/2.2.1/maven-settings-2.2.1.pom
Downloaded from central-https: https://repo.maven.apache.org/maven2/org/apache/maven/maven-settings/2.2.1/maven-settings-2.2.1.pom (0 B at 0 B/s)
Downloading from jboss-releases-plugins: https://repository.jboss.org/nexus/content/repositories/releases/org/apache/maven/maven-model/2.2.1/maven-model-2.2.1.pom
Downloading from central-https: https://repo.maven.apache.org/maven2/org/apache/maven/maven-model/2.2.1/maven-model-2.2.1.pom
Downloaded from central-https: https://repo.maven.apache.org/maven2/org/apache/maven/maven-model/2.2.1/maven-model-2.2.1.pom (0 B at 0 B/s)
Downloading from jboss-releases-plugins: https://repository.jboss.org/nexus/content/repositories/releases/org/codehaus/plexus/plexus-utils/1.5.15/plexus-utils-1.5.15.pom
Downloading from central-https: https://repo.maven.apache.org/maven2/org/codehaus/plexus/plexus-utils/1.5.15/plexus-utils-1.5.15.pom
Downloaded from central-https: https://repo.maven.apache.org/maven2/org/codehaus/plexus/plexus-utils/1.5.15/plexus-utils-1.5.15.pom (0 B at 0 B/s)
Downloading from jboss-releases-plugins: https://repository.jboss.org/nexus/content/repositories/releases/org/codehaus/plexus/plexus/2.0.2/plexus-2.0.2.pom
Downloading from central-https: https://repo.maven.apache.org/maven2/org/codehaus/plexus/plexus/2.0.2/plexus-2.0.2.pom
Downloaded from central-https: https://repo.maven.apache.org/maven2/org/codehaus/plexus/plexus/2.0.2/plexus-2.0.2.pom (0 B at 0 B/s)
Downloading from jboss-releases-plugins: https://repository.jboss.org/nexus/content/repositories/releases/org/codehaus/plexus/plexus-interpolation/1.11/plexus-interpolation-1.11.pom
Downloading from central-https: https://repo.maven.apache.org/maven2/org/codehaus/plexus/plexus-interpolation/1.11/plexus-interpolation-1.11.pom
Downloaded from central-https: https://repo.maven.apache.org/maven2/org/codehaus/plexus/plexus-interpolation/1.11/plexus-interpolation-1.11.pom (0 B at 0 B/s)
Downloading from jboss-releases-plugins: https://repository.jboss.org/nexus/content/repositories/releases/org/codehaus/plexus/plexus-components/1.1.14/plexus-components-1.1.14.pom
Downloading from central-https: https://repo.maven.apache.org/maven2/org/codehaus/plexus/plexus-components/1.1.14/plexus-components-1.1.14.pom
Downloaded from central-https: https://repo.maven.apache.org/maven2/org/codehaus/plexus/plexus-components/1.1.14/plexus-components-1.1.14.pom (0 B at 0 B/s)
Downloading from jboss-releases-plugins: https://repository.jboss.org/nexus/content/repositories/releases/org/codehaus/plexus/plexus-container-default/1.0-alpha-9-stable-1/plexus-container-default-1.0-alpha-9-stable-1.pom
Downloading from central-https: https://repo.maven.apache.org/maven2/org/codehaus/plexus/plexus-container-default/1.0-alpha-9-stable-1/plexus-container-default-1.0-alpha-9-stable-1.pom
Downloaded from central-https: https://repo.maven.apache.org/maven2/org/codehaus/plexus/plexus-container-default/1.0-alpha-9-stable-1/plexus-container-default-1.0-alpha-9-stable-1.pom (0 B at 0 B/s)
Downloading from jboss-releases-plugins: https://repository.jboss.org/nexus/content/repositories/releases/org/codehaus/plexus/plexus-containers/1.0.3/plexus-containers-1.0.3.pom
Downloading from central-https: https://repo.maven.apache.org/maven2/org/codehaus/plexus/plexus-containers/1.0.3/plexus-containers-1.0.3.pom
Downloaded from central-https: https://repo.maven.apache.org/maven2/org/codehaus/plexus/plexus-containers/1.0.3/plexus-containers-1.0.3.pom (0 B at 0 B/s)
Downloading from jboss-releases-plugins: https://repository.jboss.org/nexus/content/repositories/releases/org/codehaus/plexus/plexus/1.0.4/plexus-1.0.4.pom
Downloading from central-https: https://repo.maven.apache.org/maven2/org/codehaus/plexus/plexus/1.0.4/plexus-1.0.4.pom
Downloaded from central-https: https://repo.maven.apache.org/maven2/org/codehaus/plexus/plexus/1.0.4/plexus-1.0.4.pom (0 B at 0 B/s)
Downloading from jboss-releases-plugins: https://repository.jboss.org/nexus/content/repositories/releases/junit/junit/3.8.1/junit-3.8.1.pom
Downloading from central-https: https://repo.maven.apache.org/maven2/junit/junit/3.8.1/junit-3.8.1.pom
Downloaded from central-https: https://repo.maven.apache.org/maven2/junit/junit/3.8.1/junit-3.8.1.pom (0 B at 0 B/s)
Downloading from jboss-releases-plugins: https://repository.jboss.org/nexus/content/repositories/releases/org/codehaus/plexus/plexus-utils/1.0.4/plexus-utils-1.0.4.pom
Downloading from central-https: https://repo.maven.apache.org/maven2/org/codehaus/plexus/plexus-utils/1.0.4/plexus-utils-1.0.4.pom
Downloaded from central-https: https://repo.maven.apache.org/maven2/org/codehaus/plexus/plexus-utils/1.0.4/plexus-utils-1.0.4.pom (0 B at 0 B/s)
Downloading from jboss-releases-plugins: https://repository.jboss.org/nexus/content/repositories/releases/classworlds/classworlds/1.1-alpha-2/classworlds-1.1-alpha-2.pom
Downloading from central-https: https://repo.maven.apache.org/maven2/classworlds/classworlds/1.1-alpha-2/classworlds-1.1-alpha-2.pom
Downloaded from central-https: https://repo.maven.apache.org/maven2/classworlds/classworlds/1.1-alpha-2/classworlds-1.1-alpha-2.pom (0 B at 0 B/s)
Downloading from jboss-releases-plugins: https://repository.jboss.org/nexus/content/repositories/releases/org/apache/maven/maven-profile/2.2.1/maven-profile-2.2.1.pom
Downloading from central-https: https://repo.maven.apache.org/maven2/org/apache/maven/maven-profile/2.2.1/maven-profile-2.2.1.pom
Downloaded from central-https: https://repo.maven.apache.org/maven2/org/apache/maven/maven-profile/2.2.1/maven-profile-2.2.1.pom (0 B at 0 B/s)
Downloading from jboss-releases-plugins: https://repository.jboss.org/nexus/content/repositories/releases/org/apache/maven/maven-artifact-manager/2.2.1/maven-artifact-manager-2.2.1.pom
Downloading from central-https: https://repo.maven.apache.org/maven2/org/apache/maven/maven-artifact-manager/2.2.1/maven-artifact-manager-2.2.1.pom
Downloaded from central-https: https://repo.maven.apache.org/maven2/org/apache/maven/maven-artifact-manager/2.2.1/maven-artifact-manager-2.2.1.pom (0 B at 0 B/s)
Downloading from jboss-releases-plugins: https://repository.jboss.org/nexus/content/repositories/releases/org/apache/maven/maven-repository-metadata/2.2.1/maven-repository-metadata-2.2.1.pom
Downloading from central-https: https://repo.maven.apache.org/maven2/org/apache/maven/maven-repository-metadata/2.2.1/maven-repository-metadata-2.2.1.pom
Downloaded from central-https: https://repo.maven.apache.org/maven2/org/apache/maven/maven-repository-metadata/2.2.1/maven-repository-metadata-2.2.1.pom (0 B at 0 B/s)
Downloading from jboss-releases-plugins: https://repository.jboss.org/nexus/content/repositories/releases/org/apache/maven/maven-artifact/2.2.1/maven-artifact-2.2.1.pom
Downloading from central-https: https://repo.maven.apache.org/maven2/org/apache/maven/maven-artifact/2.2.1/maven-artifact-2.2.1.pom
Downloaded from central-https: https://repo.maven.apache.org/maven2/org/apache/maven/maven-artifact/2.2.1/maven-artifact-2.2.1.pom (0 B at 0 B/s)
Downloading from jboss-releases-plugins: https://repository.jboss.org/nexus/content/repositories/releases/backport-util-concurrent/backport-util-concurrent/3.1/backport-util-concurrent-3.1.pom
Downloading from central-https: https://repo.maven.apache.org/maven2/backport-util-concurrent/backport-util-concurrent/3.1/backport-util-concurrent-3.1.pom
Downloaded from central-https: https://repo.maven.apache.org/maven2/backport-util-concurrent/backport-util-concurrent/3.1/backport-util-concurrent-3.1.pom (0 B at 0 B/s)
Downloading from jboss-releases-plugins: https://repository.jboss.org/nexus/content/repositories/releases/org/apache/maven/maven-plugin-registry/2.2.1/maven-plugin-registry-2.2.1.pom
Downloading from central-https: https://repo.maven.apache.org/maven2/org/apache/maven/maven-plugin-registry/2.2.1/maven-plugin-registry-2.2.1.pom
Downloaded from central-https: https://repo.maven.apache.org/maven2/org/apache/maven/maven-plugin-registry/2.2.1/maven-plugin-registry-2.2.1.pom (0 B at 0 B/s)
Downloading from jboss-releases-plugins: https://repository.jboss.org/nexus/content/repositories/releases/commons-codec/commons-codec/1.6/commons-codec-1.6.pom
Downloading from central-https: https://repo.maven.apache.org/maven2/commons-codec/commons-codec/1.6/commons-codec-1.6.pom
Downloaded from central-https: https://repo.maven.apache.org/maven2/commons-codec/commons-codec/1.6/commons-codec-1.6.pom (0 B at 0 B/s)
Downloading from jboss-releases-plugins: https://repository.jboss.org/nexus/content/repositories/releases/org/apache/commons/commons-parent/22/commons-parent-22.pom
Downloading from central-https: https://repo.maven.apache.org/maven2/org/apache/commons/commons-parent/22/commons-parent-22.pom
Downloaded from central-https: https://repo.maven.apache.org/maven2/org/apache/commons/commons-parent/22/commons-parent-22.pom (0 B at 0 B/s)
Downloading from jboss-releases-plugins: https://repository.jboss.org/nexus/content/repositories/releases/org/apache/maven/shared/maven-shared-utils/0.4/maven-shared-utils-0.4.pom
Downloading from central-https: https://repo.maven.apache.org/maven2/org/apache/maven/shared/maven-shared-utils/0.4/maven-shared-utils-0.4.pom
Downloaded from central-https: https://repo.maven.apache.org/maven2/org/apache/maven/shared/maven-shared-utils/0.4/maven-shared-utils-0.4.pom (0 B at 0 B/s)
Downloading from jboss-releases-plugins: https://repository.jboss.org/nexus/content/repositories/releases/org/apache/maven/shared/maven-shared-components/19/maven-shared-components-19.pom
Downloading from central-https: https://repo.maven.apache.org/maven2/org/apache/maven/shared/maven-shared-components/19/maven-shared-components-19.pom
Downloaded from central-https: https://repo.maven.apache.org/maven2/org/apache/maven/shared/maven-shared-components/19/maven-shared-components-19.pom (0 B at 0 B/s)
Downloading from jboss-releases-plugins: https://repository.jboss.org/nexus/content/repositories/releases/org/apache/maven/maven-parent/23/maven-parent-23.pom
Downloading from central-https: https://repo.maven.apache.org/maven2/org/apache/maven/maven-parent/23/maven-parent-23.pom
Downloaded from central-https: https://repo.maven.apache.org/maven2/org/apache/maven/maven-parent/23/maven-parent-23.pom (0 B at 0 B/s)
Downloading from jboss-releases-plugins: https://repository.jboss.org/nexus/content/repositories/releases/org/apache/apache/13/apache-13.pom
Downloading from central-https: https://repo.maven.apache.org/maven2/org/apache/apache/13/apache-13.pom
Downloaded from central-https: https://repo.maven.apache.org/maven2/org/apache/apache/13/apache-13.pom (0 B at 0 B/s)
Downloading from jboss-releases-plugins: https://repository.jboss.org/nexus/content/repositories/releases/org/codehaus/plexus/plexus-utils/3.0.15/plexus-utils-3.0.15.pom
Downloading from central-https: https://repo.maven.apache.org/maven2/org/codehaus/plexus/plexus-utils/3.0.15/plexus-utils-3.0.15.pom
Downloaded from central-https: https://repo.maven.apache.org/maven2/org/codehaus/plexus/plexus-utils/3.0.15/plexus-utils-3.0.15.pom (0 B at 0 B/s)
Downloading from jboss-releases-plugins: https://repository.jboss.org/nexus/content/repositories/releases/org/codehaus/plexus/plexus/3.3.1/plexus-3.3.1.pom
Downloading from central-https: https://repo.maven.apache.org/maven2/org/codehaus/plexus/plexus/3.3.1/plexus-3.3.1.pom
Downloaded from central-https: https://repo.maven.apache.org/maven2/org/codehaus/plexus/plexus/3.3.1/plexus-3.3.1.pom (0 B at 0 B/s)
Downloading from jboss-releases-plugins: https://repository.jboss.org/nexus/content/repositories/releases/org/sonatype/spice/spice-parent/17/spice-parent-17.pom
Downloading from central-https: https://repo.maven.apache.org/maven2/org/sonatype/spice/spice-parent/17/spice-parent-17.pom
Downloaded from central-https: https://repo.maven.apache.org/maven2/org/sonatype/spice/spice-parent/17/spice-parent-17.pom (0 B at 0 B/s)
Downloading from jboss-releases-plugins: https://repository.jboss.org/nexus/content/repositories/releases/org/sonatype/forge/forge-parent/10/forge-parent-10.pom
Downloading from central-https: https://repo.maven.apache.org/maven2/org/sonatype/forge/forge-parent/10/forge-parent-10.pom
Downloaded from central-https: https://repo.maven.apache.org/maven2/org/sonatype/forge/forge-parent/10/forge-parent-10.pom (0 B at 0 B/s)
Downloading from jboss-releases-plugins: https://repository.jboss.org/nexus/content/repositories/releases/org/apache/maven/maven-plugin-api/2.2.1/maven-plugin-api-2.2.1.jar
Downloading from jboss-releases-plugins: https://repository.jboss.org/nexus/content/repositories/releases/org/apache/maven/maven-project/2.2.1/maven-project-2.2.1.jar
Downloading from jboss-releases-plugins: https://repository.jboss.org/nexus/content/repositories/releases/org/apache/maven/maven-settings/2.2.1/maven-settings-2.2.1.jar
Downloading from jboss-releases-plugins: https://repository.jboss.org/nexus/content/repositories/releases/org/apache/maven/maven-profile/2.2.1/maven-profile-2.2.1.jar
Downloading from jboss-releases-plugins: https://repository.jboss.org/nexus/content/repositories/releases/org/apache/maven/maven-plugin-registry/2.2.1/maven-plugin-registry-2.2.1.jar
Downloading from jboss-releases-plugins: https://repository.jboss.org/nexus/content/repositories/releases/org/codehaus/plexus/plexus-interpolation/1.11/plexus-interpolation-1.11.jar
Downloading from jboss-releases-plugins: https://repository.jboss.org/nexus/content/repositories/releases/org/codehaus/plexus/plexus-container-default/1.0-alpha-9-stable-1/plexus-container-default-1.0-alpha-9-stable-1.jar
Downloading from jboss-releases-plugins: https://repository.jboss.org/nexus/content/repositories/releases/junit/junit/3.8.1/junit-3.8.1.jar
Downloading from jboss-releases-plugins: https://repository.jboss.org/nexus/content/repositories/releases/classworlds/classworlds/1.1-alpha-2/classworlds-1.1-alpha-2.jar
Downloading from jboss-releases-plugins: https://repository.jboss.org/nexus/content/repositories/releases/org/apache/maven/maven-model/2.2.1/maven-model-2.2.1.jar
Downloading from jboss-releases-plugins: https://repository.jboss.org/nexus/content/repositories/releases/org/apache/maven/maven-artifact-manager/2.2.1/maven-artifact-manager-2.2.1.jar
Downloading from jboss-releases-plugins: https://repository.jboss.org/nexus/content/repositories/releases/org/apache/maven/maven-repository-metadata/2.2.1/maven-repository-metadata-2.2.1.jar
Downloading from jboss-releases-plugins: https://repository.jboss.org/nexus/content/repositories/releases/backport-util-concurrent/backport-util-concurrent/3.1/backport-util-concurrent-3.1.jar
Downloading from jboss-releases-plugins: https://repository.jboss.org/nexus/content/repositories/releases/org/apache/maven/maven-artifact/2.2.1/maven-artifact-2.2.1.jar
Downloading from jboss-releases-plugins: https://repository.jboss.org/nexus/content/repositories/releases/commons-codec/commons-codec/1.6/commons-codec-1.6.jar
Downloading from jboss-releases-plugins: https://repository.jboss.org/nexus/content/repositories/releases/org/apache/maven/shared/maven-shared-utils/0.4/maven-shared-utils-0.4.jar
Downloading from jboss-releases-plugins: https://repository.jboss.org/nexus/content/repositories/releases/org/codehaus/plexus/plexus-utils/3.0.15/plexus-utils-3.0.15.jar
Downloading from central-https: https://repo.maven.apache.org/maven2/org/apache/maven/maven-plugin-api/2.2.1/maven-plugin-api-2.2.1.jar
Downloading from central-https: https://repo.maven.apache.org/maven2/org/apache/maven/maven-project/2.2.1/maven-project-2.2.1.jar
Downloading from central-https: https://repo.maven.apache.org/maven2/org/apache/maven/maven-settings/2.2.1/maven-settings-2.2.1.jar
Downloading from central-https: https://repo.maven.apache.org/maven2/org/apache/maven/maven-profile/2.2.1/maven-profile-2.2.1.jar
Downloading from central-https: https://repo.maven.apache.org/maven2/org/apache/maven/maven-plugin-registry/2.2.1/maven-plugin-registry-2.2.1.jar
Downloaded from central-https: https://repo.maven.apache.org/maven2/org/apache/maven/maven-project/2.2.1/maven-project-2.2.1.jar (0 B at 0 B/s)
Downloaded from central-https: https://repo.maven.apache.org/maven2/org/apache/maven/maven-plugin-api/2.2.1/maven-plugin-api-2.2.1.jar (0 B at 0 B/s)
Downloaded from central-https: https://repo.maven.apache.org/maven2/org/apache/maven/maven-profile/2.2.1/maven-profile-2.2.1.jar (0 B at 0 B/s)
Downloading from central-https: https://repo.maven.apache.org/maven2/junit/junit/3.8.1/junit-3.8.1.jar
Downloaded from central-https: https://repo.maven.apache.org/maven2/org/apache/maven/maven-plugin-registry/2.2.1/maven-plugin-registry-2.2.1.jar (0 B at 0 B/s)
Downloading from central-https: https://repo.maven.apache.org/maven2/classworlds/classworlds/1.1-alpha-2/classworlds-1.1-alpha-2.jar
Downloaded from central-https: https://repo.maven.apache.org/maven2/org/apache/maven/maven-settings/2.2.1/maven-settings-2.2.1.jar (0 B at 0 B/s)
Downloading from central-https: https://repo.maven.apache.org/maven2/org/codehaus/plexus/plexus-container-default/1.0-alpha-9-stable-1/plexus-container-default-1.0-alpha-9-stable-1.jar
Downloading from central-https: https://repo.maven.apache.org/maven2/org/codehaus/plexus/plexus-interpolation/1.11/plexus-interpolation-1.11.jar
Downloading from central-https: https://repo.maven.apache.org/maven2/org/apache/maven/maven-model/2.2.1/maven-model-2.2.1.jar
Downloaded from central-https: https://repo.maven.apache.org/maven2/junit/junit/3.8.1/junit-3.8.1.jar (0 B at 0 B/s)
Downloading from central-https: https://repo.maven.apache.org/maven2/org/apache/maven/maven-artifact-manager/2.2.1/maven-artifact-manager-2.2.1.jar
Downloaded from central-https: https://repo.maven.apache.org/maven2/org/codehaus/plexus/plexus-container-default/1.0-alpha-9-stable-1/plexus-container-default-1.0-alpha-9-stable-1.jar (0 B at 0 B/s)
Downloading from central-https: https://repo.maven.apache.org/maven2/org/apache/maven/maven-repository-metadata/2.2.1/maven-repository-metadata-2.2.1.jar
Downloaded from central-https: https://repo.maven.apache.org/maven2/org/apache/maven/maven-model/2.2.1/maven-model-2.2.1.jar (0 B at 0 B/s)
Downloading from central-https: https://repo.maven.apache.org/maven2/backport-util-concurrent/backport-util-concurrent/3.1/backport-util-concurrent-3.1.jar
Downloaded from central-https: https://repo.maven.apache.org/maven2/classworlds/classworlds/1.1-alpha-2/classworlds-1.1-alpha-2.jar (0 B at 0 B/s)
Downloading from central-https: https://repo.maven.apache.org/maven2/org/apache/maven/maven-artifact/2.2.1/maven-artifact-2.2.1.jar
Downloaded from central-https: https://repo.maven.apache.org/maven2/org/codehaus/plexus/plexus-interpolation/1.11/plexus-interpolation-1.11.jar (0 B at 0 B/s)
Downloading from central-https: https://repo.maven.apache.org/maven2/commons-codec/commons-codec/1.6/commons-codec-1.6.jar
Downloaded from central-https: https://repo.maven.apache.org/maven2/org/apache/maven/maven-artifact-manager/2.2.1/maven-artifact-manager-2.2.1.jar (0 B at 0 B/s)
Downloading from central-https: https://repo.maven.apache.org/maven2/org/apache/maven/shared/maven-shared-utils/0.4/maven-shared-utils-0.4.jar
Downloaded from central-https: https://repo.maven.apache.org/maven2/org/apache/maven/maven-repository-metadata/2.2.1/maven-repository-metadata-2.2.1.jar (0 B at 0 B/s)
Downloading from central-https: https://repo.maven.apache.org/maven2/org/codehaus/plexus/plexus-utils/3.0.15/plexus-utils-3.0.15.jar
Downloaded from central-https: https://repo.maven.apache.org/maven2/backport-util-concurrent/backport-util-concurrent/3.1/backport-util-concurrent-3.1.jar (0 B at 0 B/s)
Downloaded from central-https: https://repo.maven.apache.org/maven2/org/apache/maven/shared/maven-shared-utils/0.4/maven-shared-utils-0.4.jar (0 B at 0 B/s)
Downloaded from central-https: https://repo.maven.apache.org/maven2/commons-codec/commons-codec/1.6/commons-codec-1.6.jar (0 B at 0 B/s)
Downloaded from central-https: https://repo.maven.apache.org/maven2/org/apache/maven/maven-artifact/2.2.1/maven-artifact-2.2.1.jar (0 B at 0 B/s)
Downloaded from central-https: https://repo.maven.apache.org/maven2/org/codehaus/plexus/plexus-utils/3.0.15/plexus-utils-3.0.15.jar (0 B at 0 B/s)
[[1;34mINFO[m] Installing /RicksCafe/Git.Projects/richfaces/bom/pom.xml to /home/thomas/.m2/repository/org/richfaces/richfaces-cache-bom/4.5.18-SNAPSHOT/richfaces-cache-bom-4.5.18-SNAPSHOT.pom
[[1;34mINFO[m] 
[[1;34mINFO[m] [1m-------------------< [0;36morg.richfaces:richfaces-build[0;1m >--------------------[m
[[1;34mINFO[m] [1mBuilding RichFaces Build Version Management 4.5.18-SNAPSHOT       [2/20][m
[[1;34mINFO[m] [1m--------------------------------[ pom ]---------------------------------[m
[[1;34mINFO[m] 
[[1;34mINFO[m] [1m--- [0;32mmaven-clean-plugin:3.0.0:clean[m [1m(default-clean)[m @ [36mrichfaces-build[0;1m ---[m
[[1;34mINFO[m] 
[[1;34mINFO[m] [1m--- [0;32mmaven-install-plugin:2.5.2:install[m [1m(default-install)[m @ [36mrichfaces-build[0;1m ---[m
[[1;34mINFO[m] Installing /RicksCafe/Git.Projects/richfaces/build/pom.xml to /home/thomas/.m2/repository/org/richfaces/richfaces-build/4.5.18-SNAPSHOT/richfaces-build-4.5.18-SNAPSHOT.pom
[[1;34mINFO[m] 
[[1;34mINFO[m] [1m--------------< [0;36morg.richfaces:richfaces-build-resources[0;1m >---------------[m
[[1;34mINFO[m] [1mBuilding RichFaces Build Resources 4.5.18-SNAPSHOT                [3/20][m
[[1;34mINFO[m] [1m--------------------------------[ jar ]---------------------------------[m
Downloading from jboss-releases-plugins: https://repository.jboss.org/nexus/content/repositories/releases/org/apache/maven/plugins/maven-source-plugin/3.0.0/maven-source-plugin-3.0.0.pom
Downloading from central-https: https://repo.maven.apache.org/maven2/org/apache/maven/plugins/maven-source-plugin/3.0.0/maven-source-plugin-3.0.0.pom
Downloaded from central-https: https://repo.maven.apache.org/maven2/org/apache/maven/plugins/maven-source-plugin/3.0.0/maven-source-plugin-3.0.0.pom (0 B at 0 B/s)
Downloading from jboss-releases-plugins: https://repository.jboss.org/nexus/content/repositories/releases/org/apache/maven/plugins/maven-source-plugin/3.0.0/maven-source-plugin-3.0.0.jar
Downloading from central-https: https://repo.maven.apache.org/maven2/org/apache/maven/plugins/maven-source-plugin/3.0.0/maven-source-plugin-3.0.0.jar
Downloaded from central-https: https://repo.maven.apache.org/maven2/org/apache/maven/plugins/maven-source-plugin/3.0.0/maven-source-plugin-3.0.0.jar (0 B at 0 B/s)
Downloading from jboss-releases-plugins: https://repository.jboss.org/nexus/content/repositories/releases/org/apache/maven/plugins/maven-resources-plugin/3.0.0/maven-resources-plugin-3.0.0.pom
Downloading from central-https: https://repo.maven.apache.org/maven2/org/apache/maven/plugins/maven-resources-plugin/3.0.0/maven-resources-plugin-3.0.0.pom
Downloaded from central-https: https://repo.maven.apache.org/maven2/org/apache/maven/plugins/maven-resources-plugin/3.0.0/maven-resources-plugin-3.0.0.pom (0 B at 0 B/s)
Downloading from jboss-releases-plugins: https://repository.jboss.org/nexus/content/repositories/releases/org/apache/maven/plugins/maven-resources-plugin/3.0.0/maven-resources-plugin-3.0.0.jar
Downloading from central-https: https://repo.maven.apache.org/maven2/org/apache/maven/plugins/maven-resources-plugin/3.0.0/maven-resources-plugin-3.0.0.jar
Downloaded from central-https: https://repo.maven.apache.org/maven2/org/apache/maven/plugins/maven-resources-plugin/3.0.0/maven-resources-plugin-3.0.0.jar (0 B at 0 B/s)
Downloading from jboss-releases-plugins: https://repository.jboss.org/nexus/content/repositories/releases/org/apache/maven/plugins/maven-compiler-plugin/3.5.1/maven-compiler-plugin-3.5.1.pom
Downloading from central-https: https://repo.maven.apache.org/maven2/org/apache/maven/plugins/maven-compiler-plugin/3.5.1/maven-compiler-plugin-3.5.1.pom
Downloaded from central-https: https://repo.maven.apache.org/maven2/org/apache/maven/plugins/maven-compiler-plugin/3.5.1/maven-compiler-plugin-3.5.1.pom (0 B at 0 B/s)
Downloading from jboss-releases-plugins: https://repository.jboss.org/nexus/content/repositories/releases/org/apache/maven/plugins/maven-compiler-plugin/3.5.1/maven-compiler-plugin-3.5.1.jar
Downloading from central-https: https://repo.maven.apache.org/maven2/org/apache/maven/plugins/maven-compiler-plugin/3.5.1/maven-compiler-plugin-3.5.1.jar
Downloaded from central-https: https://repo.maven.apache.org/maven2/org/apache/maven/plugins/maven-compiler-plugin/3.5.1/maven-compiler-plugin-3.5.1.jar (0 B at 0 B/s)
Downloading from jboss-releases-plugins: https://repository.jboss.org/nexus/content/repositories/releases/org/apache/maven/plugins/maven-surefire-plugin/2.19.1/maven-surefire-plugin-2.19.1.pom
Downloading from central-https: https://repo.maven.apache.org/maven2/org/apache/maven/plugins/maven-surefire-plugin/2.19.1/maven-surefire-plugin-2.19.1.pom
Downloaded from central-https: https://repo.maven.apache.org/maven2/org/apache/maven/plugins/maven-surefire-plugin/2.19.1/maven-surefire-plugin-2.19.1.pom (0 B at 0 B/s)
Downloading from jboss-releases-plugins: https://repository.jboss.org/nexus/content/repositories/releases/org/apache/maven/surefire/surefire/2.19.1/surefire-2.19.1.pom
Downloading from central-https: https://repo.maven.apache.org/maven2/org/apache/maven/surefire/surefire/2.19.1/surefire-2.19.1.pom
Downloaded from central-https: https://repo.maven.apache.org/maven2/org/apache/maven/surefire/surefire/2.19.1/surefire-2.19.1.pom (0 B at 0 B/s)
Downloading from jboss-releases-plugins: https://repository.jboss.org/nexus/content/repositories/releases/org/apache/maven/maven-parent/26/maven-parent-26.pom
Downloading from central-https: https://repo.maven.apache.org/maven2/org/apache/maven/maven-parent/26/maven-parent-26.pom
Downloaded from central-https: https://repo.maven.apache.org/maven2/org/apache/maven/maven-parent/26/maven-parent-26.pom (0 B at 0 B/s)
Downloading from jboss-releases-plugins: https://repository.jboss.org/nexus/content/repositories/releases/org/apache/apache/16/apache-16.pom
Downloading from central-https: https://repo.maven.apache.org/maven2/org/apache/apache/16/apache-16.pom
Downloaded from central-https: https://repo.maven.apache.org/maven2/org/apache/apache/16/apache-16.pom (0 B at 0 B/s)
Downloading from jboss-releases-plugins: https://repository.jboss.org/nexus/content/repositories/releases/org/apache/maven/plugins/maven-surefire-plugin/2.19.1/maven-surefire-plugin-2.19.1.jar
Downloading from central-https: https://repo.maven.apache.org/maven2/org/apache/maven/plugins/maven-surefire-plugin/2.19.1/maven-surefire-plugin-2.19.1.jar
Downloaded from central-https: https://repo.maven.apache.org/maven2/org/apache/maven/plugins/maven-surefire-plugin/2.19.1/maven-surefire-plugin-2.19.1.jar (0 B at 0 B/s)
Downloading from jboss-releases-plugins: https://repository.jboss.org/nexus/content/repositories/releases/org/apache/maven/plugins/maven-jar-plugin/2.4/maven-jar-plugin-2.4.pom
Downloading from central-https: https://repo.maven.apache.org/maven2/org/apache/maven/plugins/maven-jar-plugin/2.4/maven-jar-plugin-2.4.pom
Downloaded from central-https: https://repo.maven.apache.org/maven2/org/apache/maven/plugins/maven-jar-plugin/2.4/maven-jar-plugin-2.4.pom (0 B at 0 B/s)
Downloading from jboss-releases-plugins: https://repository.jboss.org/nexus/content/repositories/releases/org/apache/maven/plugins/maven-plugins/22/maven-plugins-22.pom
Downloading from central-https: https://repo.maven.apache.org/maven2/org/apache/maven/plugins/maven-plugins/22/maven-plugins-22.pom
Downloaded from central-https: https://repo.maven.apache.org/maven2/org/apache/maven/plugins/maven-plugins/22/maven-plugins-22.pom (0 B at 0 B/s)
Downloading from jboss-releases-plugins: https://repository.jboss.org/nexus/content/repositories/releases/org/apache/maven/maven-parent/21/maven-parent-21.pom
Downloading from central-https: https://repo.maven.apache.org/maven2/org/apache/maven/maven-parent/21/maven-parent-21.pom
Downloaded from central-https: https://repo.maven.apache.org/maven2/org/apache/maven/maven-parent/21/maven-parent-21.pom (0 B at 0 B/s)
Downloading from jboss-releases-plugins: https://repository.jboss.org/nexus/content/repositories/releases/org/apache/apache/10/apache-10.pom
Downloading from central-https: https://repo.maven.apache.org/maven2/org/apache/apache/10/apache-10.pom
Downloaded from central-https: https://repo.maven.apache.org/maven2/org/apache/apache/10/apache-10.pom (0 B at 0 B/s)
Downloading from jboss-releases-plugins: https://repository.jboss.org/nexus/content/repositories/releases/org/apache/maven/plugins/maven-jar-plugin/2.4/maven-jar-plugin-2.4.jar
Downloading from central-https: https://repo.maven.apache.org/maven2/org/apache/maven/plugins/maven-jar-plugin/2.4/maven-jar-plugin-2.4.jar
Downloaded from central-https: https://repo.maven.apache.org/maven2/org/apache/maven/plugins/maven-jar-plugin/2.4/maven-jar-plugin-2.4.jar (0 B at 0 B/s)
Downloading from jboss-releases-plugins: https://repository.jboss.org/nexus/content/repositories/releases/org/apache/maven/plugins/maven-assembly-plugin/2.6/maven-assembly-plugin-2.6.pom
Downloading from central-https: https://repo.maven.apache.org/maven2/org/apache/maven/plugins/maven-assembly-plugin/2.6/maven-assembly-plugin-2.6.pom
Downloaded from central-https: https://repo.maven.apache.org/maven2/org/apache/maven/plugins/maven-assembly-plugin/2.6/maven-assembly-plugin-2.6.pom (0 B at 0 B/s)
Downloading from jboss-releases-plugins: https://repository.jboss.org/nexus/content/repositories/releases/org/apache/maven/plugins/maven-plugins/27/maven-plugins-27.pom
Downloading from central-https: https://repo.maven.apache.org/maven2/org/apache/maven/plugins/maven-plugins/27/maven-plugins-27.pom
Downloaded from central-https: https://repo.maven.apache.org/maven2/org/apache/maven/plugins/maven-plugins/27/maven-plugins-27.pom (0 B at 0 B/s)
Downloading from jboss-releases-plugins: https://repository.jboss.org/nexus/content/repositories/releases/org/apache/maven/plugins/maven-assembly-plugin/2.6/maven-assembly-plugin-2.6.jar
Downloading from central-https: https://repo.maven.apache.org/maven2/org/apache/maven/plugins/maven-assembly-plugin/2.6/maven-assembly-plugin-2.6.jar
Downloaded from central-https: https://repo.maven.apache.org/maven2/org/apache/maven/plugins/maven-assembly-plugin/2.6/maven-assembly-plugin-2.6.jar (0 B at 0 B/s)
Downloading from jboss-releases: https://repository.jboss.org/nexus/content/repositories/releases/org/jboss/spec/javax/faces/jboss-jsf-api_2.1_spec/2.0.9.Final/jboss-jsf-api_2.1_spec-2.0.9.Final.pom
Downloaded from jboss-releases: https://repository.jboss.org/nexus/content/repositories/releases/org/jboss/spec/javax/faces/jboss-jsf-api_2.1_spec/2.0.9.Final/jboss-jsf-api_2.1_spec-2.0.9.Final.pom (0 B at 0 B/s)
Downloading from jboss-releases: https://repository.jboss.org/nexus/content/repositories/releases/org/jboss/jboss-parent/9/jboss-parent-9.pom
Downloaded from jboss-releases: https://repository.jboss.org/nexus/content/repositories/releases/org/jboss/jboss-parent/9/jboss-parent-9.pom (0 B at 0 B/s)
Downloading from jboss-releases: https://repository.jboss.org/nexus/content/repositories/releases/org/sonatype/sisu/sisu-guice/3.1.0/sisu-guice-3.1.0.pom
Downloading from central-https: https://repo.maven.apache.org/maven2/org/sonatype/sisu/sisu-guice/3.1.0/sisu-guice-3.1.0.pom
Downloaded from central-https: https://repo.maven.apache.org/maven2/org/sonatype/sisu/sisu-guice/3.1.0/sisu-guice-3.1.0.pom (0 B at 0 B/s)
Downloading from jboss-releases: https://repository.jboss.org/nexus/content/repositories/releases/org/sonatype/sisu/inject/guice-parent/3.1.0/guice-parent-3.1.0.pom
Downloading from central-https: https://repo.maven.apache.org/maven2/org/sonatype/sisu/inject/guice-parent/3.1.0/guice-parent-3.1.0.pom
Downloaded from central-https: https://repo.maven.apache.org/maven2/org/sonatype/sisu/inject/guice-parent/3.1.0/guice-parent-3.1.0.pom (0 B at 0 B/s)
Downloading from jboss-releases: https://repository.jboss.org/nexus/content/repositories/releases/javax/inject/javax.inject/1/javax.inject-1.pom
Downloading from central-https: https://repo.maven.apache.org/maven2/javax/inject/javax.inject/1/javax.inject-1.pom
Downloaded from central-https: https://repo.maven.apache.org/maven2/javax/inject/javax.inject/1/javax.inject-1.pom (0 B at 0 B/s)
Downloading from jboss-releases: https://repository.jboss.org/nexus/content/repositories/releases/aopalliance/aopalliance/1.0/aopalliance-1.0.pom
Downloading from central-https: https://repo.maven.apache.org/maven2/aopalliance/aopalliance/1.0/aopalliance-1.0.pom
Downloaded from central-https: https://repo.maven.apache.org/maven2/aopalliance/aopalliance/1.0/aopalliance-1.0.pom (0 B at 0 B/s)
Downloading from jboss-releases: https://repository.jboss.org/nexus/content/repositories/releases/org/sonatype/sisu/sisu-guava/0.9.9/sisu-guava-0.9.9.pom
Downloading from central-https: https://repo.maven.apache.org/maven2/org/sonatype/sisu/sisu-guava/0.9.9/sisu-guava-0.9.9.pom
Downloaded from central-https: https://repo.maven.apache.org/maven2/org/sonatype/sisu/sisu-guava/0.9.9/sisu-guava-0.9.9.pom (0 B at 0 B/s)
Downloading from jboss-releases: https://repository.jboss.org/nexus/content/repositories/releases/org/sonatype/sisu/inject/guava-parent/0.9.9/guava-parent-0.9.9.pom
Downloading from central-https: https://repo.maven.apache.org/maven2/org/sonatype/sisu/inject/guava-parent/0.9.9/guava-parent-0.9.9.pom
Downloaded from central-https: https://repo.maven.apache.org/maven2/org/sonatype/sisu/inject/guava-parent/0.9.9/guava-parent-0.9.9.pom (0 B at 0 B/s)
Downloading from jboss-releases: https://repository.jboss.org/nexus/content/repositories/releases/junit/junit/4.12/junit-4.12.pom
Downloading from central-https: https://repo.maven.apache.org/maven2/junit/junit/4.12/junit-4.12.pom
Downloaded from central-https: https://repo.maven.apache.org/maven2/junit/junit/4.12/junit-4.12.pom (0 B at 0 B/s)
Downloading from jboss-releases: https://repository.jboss.org/nexus/content/repositories/releases/org/hamcrest/hamcrest-core/1.3/hamcrest-core-1.3.pom
Downloading from central-https: https://repo.maven.apache.org/maven2/org/hamcrest/hamcrest-core/1.3/hamcrest-core-1.3.pom
Downloaded from central-https: https://repo.maven.apache.org/maven2/org/hamcrest/hamcrest-core/1.3/hamcrest-core-1.3.pom (0 B at 0 B/s)
Downloading from jboss-releases: https://repository.jboss.org/nexus/content/repositories/releases/org/hamcrest/hamcrest-parent/1.3/hamcrest-parent-1.3.pom
Downloading from central-https: https://repo.maven.apache.org/maven2/org/hamcrest/hamcrest-parent/1.3/hamcrest-parent-1.3.pom
Downloaded from central-https: https://repo.maven.apache.org/maven2/org/hamcrest/hamcrest-parent/1.3/hamcrest-parent-1.3.pom (0 B at 0 B/s)
Downloading from jboss-releases: https://repository.jboss.org/nexus/content/repositories/releases/xmlunit/xmlunit/1.6/xmlunit-1.6.pom
Downloading from central-https: https://repo.maven.apache.org/maven2/xmlunit/xmlunit/1.6/xmlunit-1.6.pom
Downloaded from central-https: https://repo.maven.apache.org/maven2/xmlunit/xmlunit/1.6/xmlunit-1.6.pom (0 B at 0 B/s)
Downloading from jboss-releases: https://repository.jboss.org/nexus/content/repositories/releases/org/freemarker/freemarker/2.3.9/freemarker-2.3.9.pom
Downloading from central-https: https://repo.maven.apache.org/maven2/org/freemarker/freemarker/2.3.9/freemarker-2.3.9.pom
Downloaded from central-https: https://repo.maven.apache.org/maven2/org/freemarker/freemarker/2.3.9/freemarker-2.3.9.pom (0 B at 0 B/s)
Downloading from jboss-releases: https://repository.jboss.org/nexus/content/repositories/releases/javax/xml/bind/jaxb-api/2.2/jaxb-api-2.2.pom
Downloading from central-https: https://repo.maven.apache.org/maven2/javax/xml/bind/jaxb-api/2.2/jaxb-api-2.2.pom
Downloaded from central-https: https://repo.maven.apache.org/maven2/javax/xml/bind/jaxb-api/2.2/jaxb-api-2.2.pom (0 B at 0 B/s)
Downloading from jboss-releases: https://repository.jboss.org/nexus/content/repositories/releases/javax/xml/stream/stax-api/1.0-2/stax-api-1.0-2.pom
Downloading from central-https: https://repo.maven.apache.org/maven2/javax/xml/stream/stax-api/1.0-2/stax-api-1.0-2.pom
Downloaded from central-https: https://repo.maven.apache.org/maven2/javax/xml/stream/stax-api/1.0-2/stax-api-1.0-2.pom (0 B at 0 B/s)
Downloading from jboss-releases: https://repository.jboss.org/nexus/content/repositories/releases/javax/activation/activation/1.1/activation-1.1.pom
Downloading from central-https: https://repo.maven.apache.org/maven2/javax/activation/activation/1.1/activation-1.1.pom
Downloaded from central-https: https://repo.maven.apache.org/maven2/javax/activation/activation/1.1/activation-1.1.pom (0 B at 0 B/s)
Downloading from jboss-releases: https://repository.jboss.org/nexus/content/repositories/releases/com/sun/xml/bind/jaxb-impl/2.2/jaxb-impl-2.2.pom
Downloading from central-https: https://repo.maven.apache.org/maven2/com/sun/xml/bind/jaxb-impl/2.2/jaxb-impl-2.2.pom
Downloaded from central-https: https://repo.maven.apache.org/maven2/com/sun/xml/bind/jaxb-impl/2.2/jaxb-impl-2.2.pom (0 B at 0 B/s)
Downloading from jboss-releases: https://repository.jboss.org/nexus/content/repositories/releases/javax/el/el-api/1.0/el-api-1.0.pom
Downloading from central-https: https://repo.maven.apache.org/maven2/javax/el/el-api/1.0/el-api-1.0.pom
Downloaded from central-https: https://repo.maven.apache.org/maven2/javax/el/el-api/1.0/el-api-1.0.pom (0 B at 0 B/s)
Downloading from jboss-releases: https://repository.jboss.org/nexus/content/repositories/releases/xerces/xercesImpl/2.9.1/xercesImpl-2.9.1.pom
Downloading from central-https: https://repo.maven.apache.org/maven2/xerces/xercesImpl/2.9.1/xercesImpl-2.9.1.pom
Downloaded from central-https: https://repo.maven.apache.org/maven2/xerces/xercesImpl/2.9.1/xercesImpl-2.9.1.pom (0 B at 0 B/s)
Downloading from jboss-releases: https://repository.jboss.org/nexus/content/repositories/releases/org/apache/apache/4/apache-4.pom
Downloading from central-https: https://repo.maven.apache.org/maven2/org/apache/apache/4/apache-4.pom
Downloaded from central-https: https://repo.maven.apache.org/maven2/org/apache/apache/4/apache-4.pom (0 B at 0 B/s)
Downloading from jboss-releases: https://repository.jboss.org/nexus/content/repositories/releases/xml-apis/xml-apis/1.4.01/xml-apis-1.4.01.pom
Downloading from central-https: https://repo.maven.apache.org/maven2/xml-apis/xml-apis/1.4.01/xml-apis-1.4.01.pom
Downloaded from central-https: https://repo.maven.apache.org/maven2/xml-apis/xml-apis/1.4.01/xml-apis-1.4.01.pom (0 B at 0 B/s)
Downloading from jboss-releases: https://repository.jboss.org/nexus/content/repositories/releases/com/google/guava/guava/19.0/guava-19.0.pom
Downloading from central-https: https://repo.maven.apache.org/maven2/com/google/guava/guava/19.0/guava-19.0.pom
Downloaded from central-https: https://repo.maven.apache.org/maven2/com/google/guava/guava/19.0/guava-19.0.pom (0 B at 0 B/s)
Downloading from jboss-releases: https://repository.jboss.org/nexus/content/repositories/releases/com/google/guava/guava-parent/19.0/guava-parent-19.0.pom
Downloading from central-https: https://repo.maven.apache.org/maven2/com/google/guava/guava-parent/19.0/guava-parent-19.0.pom
Downloaded from central-https: https://repo.maven.apache.org/maven2/com/google/guava/guava-parent/19.0/guava-parent-19.0.pom (0 B at 0 B/s)
Downloading from jboss-releases: https://repository.jboss.org/nexus/content/repositories/releases/org/sonatype/oss/oss-parent/7/oss-parent-7.pom
Downloading from central-https: https://repo.maven.apache.org/maven2/org/sonatype/oss/oss-parent/7/oss-parent-7.pom
Downloaded from central-https: https://repo.maven.apache.org/maven2/org/sonatype/oss/oss-parent/7/oss-parent-7.pom (0 B at 0 B/s)
Downloading from jboss-releases: https://repository.jboss.org/nexus/content/repositories/releases/com/sun/xsom/xsom/20081112/xsom-20081112.pom
Downloading from central-https: https://repo.maven.apache.org/maven2/com/sun/xsom/xsom/20081112/xsom-20081112.pom
Downloaded from central-https: https://repo.maven.apache.org/maven2/com/sun/xsom/xsom/20081112/xsom-20081112.pom (0 B at 0 B/s)
Downloading from jboss-releases: https://repository.jboss.org/nexus/content/repositories/releases/relaxngDatatype/relaxngDatatype/20020414/relaxngDatatype-20020414.pom
Downloading from central-https: https://repo.maven.apache.org/maven2/relaxngDatatype/relaxngDatatype/20020414/relaxngDatatype-20020414.pom
Downloaded from central-https: https://repo.maven.apache.org/maven2/relaxngDatatype/relaxngDatatype/20020414/relaxngDatatype-20020414.pom (0 B at 0 B/s)
Downloading from jboss-releases: https://repository.jboss.org/nexus/content/repositories/releases/dom4j/dom4j/1.6.1/dom4j-1.6.1.pom
Downloading from central-https: https://repo.maven.apache.org/maven2/dom4j/dom4j/1.6.1/dom4j-1.6.1.pom
Downloaded from central-https: https://repo.maven.apache.org/maven2/dom4j/dom4j/1.6.1/dom4j-1.6.1.pom (0 B at 0 B/s)
Downloading from jboss-releases: https://repository.jboss.org/nexus/content/repositories/releases/com/google/inject/guice/3.0/guice-3.0.pom
Downloading from central-https: https://repo.maven.apache.org/maven2/com/google/inject/guice/3.0/guice-3.0.pom
Downloaded from central-https: https://repo.maven.apache.org/maven2/com/google/inject/guice/3.0/guice-3.0.pom (0 B at 0 B/s)
Downloading from jboss-releases: https://repository.jboss.org/nexus/content/repositories/releases/com/google/inject/guice-parent/3.0/guice-parent-3.0.pom
Downloading from central-https: https://repo.maven.apache.org/maven2/com/google/inject/guice-parent/3.0/guice-parent-3.0.pom
Downloaded from central-https: https://repo.maven.apache.org/maven2/com/google/inject/guice-parent/3.0/guice-parent-3.0.pom (0 B at 0 B/s)
Downloading from jboss-releases: https://repository.jboss.org/nexus/content/repositories/releases/com/google/google/5/google-5.pom
Downloading from central-https: https://repo.maven.apache.org/maven2/com/google/google/5/google-5.pom
Downloaded from central-https: https://repo.maven.apache.org/maven2/com/google/google/5/google-5.pom (0 B at 0 B/s)
Downloading from jboss-releases: https://repository.jboss.org/nexus/content/repositories/releases/com/google/inject/extensions/guice-assistedinject/3.0/guice-assistedinject-3.0.pom
Downloading from central-https: https://repo.maven.apache.org/maven2/com/google/inject/extensions/guice-assistedinject/3.0/guice-assistedinject-3.0.pom
Downloaded from central-https: https://repo.maven.apache.org/maven2/com/google/inject/extensions/guice-assistedinject/3.0/guice-assistedinject-3.0.pom (0 B at 0 B/s)
Downloading from jboss-releases: https://repository.jboss.org/nexus/content/repositories/releases/com/google/inject/extensions/extensions-parent/3.0/extensions-parent-3.0.pom
Downloading from central-https: https://repo.maven.apache.org/maven2/com/google/inject/extensions/extensions-parent/3.0/extensions-parent-3.0.pom
Downloaded from central-https: https://repo.maven.apache.org/maven2/com/google/inject/extensions/extensions-parent/3.0/extensions-parent-3.0.pom (0 B at 0 B/s)
Downloading from jboss-releases: https://repository.jboss.org/nexus/content/repositories/releases/com/google/inject/extensions/guice-multibindings/3.0/guice-multibindings-3.0.pom
Downloading from central-https: https://repo.maven.apache.org/maven2/com/google/inject/extensions/guice-multibindings/3.0/guice-multibindings-3.0.pom
Downloaded from central-https: https://repo.maven.apache.org/maven2/com/google/inject/extensions/guice-multibindings/3.0/guice-multibindings-3.0.pom (0 B at 0 B/s)
Downloading from jboss-releases: https://repository.jboss.org/nexus/content/repositories/releases/org/easymock/easymock/2.5.2/easymock-2.5.2.pom
Downloading from central-https: https://repo.maven.apache.org/maven2/org/easymock/easymock/2.5.2/easymock-2.5.2.pom
Downloaded from central-https: https://repo.maven.apache.org/maven2/org/easymock/easymock/2.5.2/easymock-2.5.2.pom (0 B at 0 B/s)
Downloading from jboss-releases: https://repository.jboss.org/nexus/content/repositories/releases/org/jboss/arquillian/graphene/graphene-webdriver/2.1.0.CR1/graphene-webdriver-2.1.0.CR1.pom
Downloaded from jboss-releases: https://repository.jboss.org/nexus/content/repositories/releases/org/jboss/arquillian/graphene/graphene-webdriver/2.1.0.CR1/graphene-webdriver-2.1.0.CR1.pom (0 B at 0 B/s)
Downloading from jboss-releases: https://repository.jboss.org/nexus/content/repositories/releases/org/jboss/arquillian/graphene/graphene-parent/2.1.0.CR1/graphene-parent-2.1.0.CR1.pom
Downloaded from jboss-releases: https://repository.jboss.org/nexus/content/repositories/releases/org/jboss/arquillian/graphene/graphene-parent/2.1.0.CR1/graphene-parent-2.1.0.CR1.pom (0 B at 0 B/s)
Downloading from jboss-releases: https://repository.jboss.org/nexus/content/repositories/releases/org/jboss/jboss-parent/16/jboss-parent-16.pom
Downloaded from jboss-releases: https://repository.jboss.org/nexus/content/repositories/releases/org/jboss/jboss-parent/16/jboss-parent-16.pom (0 B at 0 B/s)
Downloading from jboss-releases: https://repository.jboss.org/nexus/content/repositories/releases/org/jboss/arquillian/graphene/graphene-webdriver-api/2.1.0.CR1/graphene-webdriver-api-2.1.0.CR1.pom
Downloaded from jboss-releases: https://repository.jboss.org/nexus/content/repositories/releases/org/jboss/arquillian/graphene/graphene-webdriver-api/2.1.0.CR1/graphene-webdriver-api-2.1.0.CR1.pom (0 B at 0 B/s)
Downloading from jboss-releases: https://repository.jboss.org/nexus/content/repositories/releases/org/jboss/arquillian/graphene/graphene-webdriver-spi/2.1.0.CR1/graphene-webdriver-spi-2.1.0.CR1.pom
Downloaded from jboss-releases: https://repository.jboss.org/nexus/content/repositories/releases/org/jboss/arquillian/graphene/graphene-webdriver-spi/2.1.0.CR1/graphene-webdriver-spi-2.1.0.CR1.pom (0 B at 0 B/s)
Downloading from jboss-releases: https://repository.jboss.org/nexus/content/repositories/releases/org/jboss/arquillian/core/arquillian-core-spi/1.1.11.Final/arquillian-core-spi-1.1.11.Final.pom
Downloaded from jboss-releases: https://repository.jboss.org/nexus/content/repositories/releases/org/jboss/arquillian/core/arquillian-core-spi/1.1.11.Final/arquillian-core-spi-1.1.11.Final.pom (0 B at 0 B/s)
Downloading from jboss-releases: https://repository.jboss.org/nexus/content/repositories/releases/org/jboss/arquillian/arquillian-build/1.1.11.Final/arquillian-build-1.1.11.Final.pom
Downloaded from jboss-releases: https://repository.jboss.org/nexus/content/repositories/releases/org/jboss/arquillian/arquillian-build/1.1.11.Final/arquillian-build-1.1.11.Final.pom (0 B at 0 B/s)
Downloading from jboss-releases: https://repository.jboss.org/nexus/content/repositories/releases/org/jboss/arquillian/arquillian-parent/1.1.11.Final/arquillian-parent-1.1.11.Final.pom
Downloaded from jboss-releases: https://repository.jboss.org/nexus/content/repositories/releases/org/jboss/arquillian/arquillian-parent/1.1.11.Final/arquillian-parent-1.1.11.Final.pom (0 B at 0 B/s)
Downloading from jboss-releases: https://repository.jboss.org/nexus/content/repositories/releases/org/jboss/jboss-parent/14/jboss-parent-14.pom
Downloaded from jboss-releases: https://repository.jboss.org/nexus/content/repositories/releases/org/jboss/jboss-parent/14/jboss-parent-14.pom (0 B at 0 B/s)
Downloading from jboss-releases: https://repository.jboss.org/nexus/content/repositories/releases/org/jboss/arquillian/core/arquillian-core-api/1.1.11.Final/arquillian-core-api-1.1.11.Final.pom
Downloaded from jboss-releases: https://repository.jboss.org/nexus/content/repositories/releases/org/jboss/arquillian/core/arquillian-core-api/1.1.11.Final/arquillian-core-api-1.1.11.Final.pom (0 B at 0 B/s)
Downloading from jboss-releases: https://repository.jboss.org/nexus/content/repositories/releases/org/jboss/arquillian/test/arquillian-test-spi/1.1.11.Final/arquillian-test-spi-1.1.11.Final.pom
Downloaded from jboss-releases: https://repository.jboss.org/nexus/content/repositories/releases/org/jboss/arquillian/test/arquillian-test-spi/1.1.11.Final/arquillian-test-spi-1.1.11.Final.pom (0 B at 0 B/s)
Downloading from jboss-releases: https://repository.jboss.org/nexus/content/repositories/releases/org/jboss/arquillian/test/arquillian-test-api/1.1.11.Final/arquillian-test-api-1.1.11.Final.pom
Downloaded from jboss-releases: https://repository.jboss.org/nexus/content/repositories/releases/org/jboss/arquillian/test/arquillian-test-api/1.1.11.Final/arquillian-test-api-1.1.11.Final.pom (0 B at 0 B/s)
Downloading from jboss-releases: https://repository.jboss.org/nexus/content/repositories/releases/org/jboss/arquillian/graphene/graphene-webdriver-impl/2.1.0.CR1/graphene-webdriver-impl-2.1.0.CR1.pom
Downloaded from jboss-releases: https://repository.jboss.org/nexus/content/repositories/releases/org/jboss/arquillian/graphene/graphene-webdriver-impl/2.1.0.CR1/graphene-webdriver-impl-2.1.0.CR1.pom (0 B at 0 B/s)
Downloading from jboss-releases: https://repository.jboss.org/nexus/content/repositories/releases/org/jboss/arquillian/extension/arquillian-drone-impl/2.0.0.Final/arquillian-drone-impl-2.0.0.Final.pom
Downloaded from jboss-releases: https://repository.jboss.org/nexus/content/repositories/releases/org/jboss/arquillian/extension/arquillian-drone-impl/2.0.0.Final/arquillian-drone-impl-2.0.0.Final.pom (0 B at 0 B/s)
Downloading from jboss-releases: https://repository.jboss.org/nexus/content/repositories/releases/org/jboss/arquillian/extension/arquillian-drone-build/2.0.0.Final/arquillian-drone-build-2.0.0.Final.pom
Downloaded from jboss-releases: https://repository.jboss.org/nexus/content/repositories/releases/org/jboss/arquillian/extension/arquillian-drone-build/2.0.0.Final/arquillian-drone-build-2.0.0.Final.pom (0 B at 0 B/s)
Downloading from jboss-releases: https://repository.jboss.org/nexus/content/repositories/releases/org/jboss/arquillian/extension/arquillian-drone-aggregator/2.0.0.Final/arquillian-drone-aggregator-2.0.0.Final.pom
Downloaded from jboss-releases: https://repository.jboss.org/nexus/content/repositories/releases/org/jboss/arquillian/extension/arquillian-drone-aggregator/2.0.0.Final/arquillian-drone-aggregator-2.0.0.Final.pom (0 B at 0 B/s)
Downloading from jboss-releases: https://repository.jboss.org/nexus/content/repositories/releases/org/jboss/arquillian/extension/arquillian-drone-api/2.0.0.Final/arquillian-drone-api-2.0.0.Final.pom
Downloaded from jboss-releases: https://repository.jboss.org/nexus/content/repositories/releases/org/jboss/arquillian/extension/arquillian-drone-api/2.0.0.Final/arquillian-drone-api-2.0.0.Final.pom (0 B at 0 B/s)
Downloading from jboss-releases: https://repository.jboss.org/nexus/content/repositories/releases/org/jboss/arquillian/extension/arquillian-drone-spi/2.0.0.Final/arquillian-drone-spi-2.0.0.Final.pom
Downloaded from jboss-releases: https://repository.jboss.org/nexus/content/repositories/releases/org/jboss/arquillian/extension/arquillian-drone-spi/2.0.0.Final/arquillian-drone-spi-2.0.0.Final.pom (0 B at 0 B/s)
Downloading from jboss-releases: https://repository.jboss.org/nexus/content/repositories/releases/org/jboss/arquillian/config/arquillian-config-api/1.1.11.Final/arquillian-config-api-1.1.11.Final.pom
Downloaded from jboss-releases: https://repository.jboss.org/nexus/content/repositories/releases/org/jboss/arquillian/config/arquillian-config-api/1.1.11.Final/arquillian-config-api-1.1.11.Final.pom (0 B at 0 B/s)
Downloading from jboss-releases: https://repository.jboss.org/nexus/content/repositories/releases/org/jboss/shrinkwrap/descriptors/shrinkwrap-descriptors-api-base/2.0.0-alpha-9/shrinkwrap-descriptors-api-base-2.0.0-alpha-9.pom
Downloaded from jboss-releases: https://repository.jboss.org/nexus/content/repositories/releases/org/jboss/shrinkwrap/descriptors/shrinkwrap-descriptors-api-base/2.0.0-alpha-9/shrinkwrap-descriptors-api-base-2.0.0-alpha-9.pom (0 B at 0 B/s)
Downloading from jboss-releases: https://repository.jboss.org/nexus/content/repositories/releases/org/jboss/shrinkwrap/descriptors/shrinkwrap-descriptors-parent/2.0.0-alpha-9/shrinkwrap-descriptors-parent-2.0.0-alpha-9.pom
Downloaded from jboss-releases: https://repository.jboss.org/nexus/content/repositories/releases/org/jboss/shrinkwrap/descriptors/shrinkwrap-descriptors-parent/2.0.0-alpha-9/shrinkwrap-descriptors-parent-2.0.0-alpha-9.pom (0 B at 0 B/s)
Downloading from jboss-releases: https://repository.jboss.org/nexus/content/repositories/releases/org/jboss/arquillian/extension/arquillian-drone-configuration/2.0.0.Final/arquillian-drone-configuration-2.0.0.Final.pom
Downloaded from jboss-releases: https://repository.jboss.org/nexus/content/repositories/releases/org/jboss/arquillian/extension/arquillian-drone-configuration/2.0.0.Final/arquillian-drone-configuration-2.0.0.Final.pom (0 B at 0 B/s)
Downloading from jboss-releases: https://repository.jboss.org/nexus/content/repositories/releases/org/jboss/arquillian/container/arquillian-container-spi/1.1.11.Final/arquillian-container-spi-1.1.11.Final.pom
Downloaded from jboss-releases: https://repository.jboss.org/nexus/content/repositories/releases/org/jboss/arquillian/container/arquillian-container-spi/1.1.11.Final/arquillian-container-spi-1.1.11.Final.pom (0 B at 0 B/s)
Downloading from jboss-releases: https://repository.jboss.org/nexus/content/repositories/releases/org/jboss/arquillian/config/arquillian-config-impl-base/1.1.11.Final/arquillian-config-impl-base-1.1.11.Final.pom
Downloaded from jboss-releases: https://repository.jboss.org/nexus/content/repositories/releases/org/jboss/arquillian/config/arquillian-config-impl-base/1.1.11.Final/arquillian-config-impl-base-1.1.11.Final.pom (0 B at 0 B/s)
Downloading from jboss-releases: https://repository.jboss.org/nexus/content/repositories/releases/org/jboss/shrinkwrap/descriptors/shrinkwrap-descriptors-spi/2.0.0-alpha-9/shrinkwrap-descriptors-spi-2.0.0-alpha-9.pom
Downloaded from jboss-releases: https://repository.jboss.org/nexus/content/repositories/releases/org/jboss/shrinkwrap/descriptors/shrinkwrap-descriptors-spi/2.0.0-alpha-9/shrinkwrap-descriptors-spi-2.0.0-alpha-9.pom (0 B at 0 B/s)
Downloading from jboss-releases: https://repository.jboss.org/nexus/content/repositories/releases/org/jboss/shrinkwrap/shrinkwrap-api/1.2.3/shrinkwrap-api-1.2.3.pom
Downloaded from jboss-releases: https://repository.jboss.org/nexus/content/repositories/releases/org/jboss/shrinkwrap/shrinkwrap-api/1.2.3/shrinkwrap-api-1.2.3.pom (0 B at 0 B/s)
Downloading from jboss-releases: https://repository.jboss.org/nexus/content/repositories/releases/org/jboss/shrinkwrap/shrinkwrap-parent/1.2.3/shrinkwrap-parent-1.2.3.pom
Downloaded from jboss-releases: https://repository.jboss.org/nexus/content/repositories/releases/org/jboss/shrinkwrap/shrinkwrap-parent/1.2.3/shrinkwrap-parent-1.2.3.pom (0 B at 0 B/s)
Downloading from jboss-releases: https://repository.jboss.org/nexus/content/repositories/releases/org/jboss/jboss-parent/19/jboss-parent-19.pom
Downloaded from jboss-releases: https://repository.jboss.org/nexus/content/repositories/releases/org/jboss/jboss-parent/19/jboss-parent-19.pom (0 B at 0 B/s)
Downloading from jboss-releases: https://repository.jboss.org/nexus/content/repositories/releases/org/jboss/arquillian/container/arquillian-container-test-api/1.1.11.Final/arquillian-container-test-api-1.1.11.Final.pom
Downloaded from jboss-releases: https://repository.jboss.org/nexus/content/repositories/releases/org/jboss/arquillian/container/arquillian-container-test-api/1.1.11.Final/arquillian-container-test-api-1.1.11.Final.pom (0 B at 0 B/s)
Downloading from jboss-releases: https://repository.jboss.org/nexus/content/repositories/releases/cglib/cglib/2.2.2/cglib-2.2.2.pom
Downloading from central-https: https://repo.maven.apache.org/maven2/cglib/cglib/2.2.2/cglib-2.2.2.pom
Downloaded from central-https: https://repo.maven.apache.org/maven2/cglib/cglib/2.2.2/cglib-2.2.2.pom (0 B at 0 B/s)
Downloading from jboss-releases: https://repository.jboss.org/nexus/content/repositories/releases/asm/asm/3.3.1/asm-3.3.1.pom
Downloading from central-https: https://repo.maven.apache.org/maven2/asm/asm/3.3.1/asm-3.3.1.pom
Downloaded from central-https: https://repo.maven.apache.org/maven2/asm/asm/3.3.1/asm-3.3.1.pom (0 B at 0 B/s)
Downloading from jboss-releases: https://repository.jboss.org/nexus/content/repositories/releases/asm/asm-parent/3.3.1/asm-parent-3.3.1.pom
Downloading from central-https: https://repo.maven.apache.org/maven2/asm/asm-parent/3.3.1/asm-parent-3.3.1.pom
Downloaded from central-https: https://repo.maven.apache.org/maven2/asm/asm-parent/3.3.1/asm-parent-3.3.1.pom (0 B at 0 B/s)
Downloading from jboss-releases: https://repository.jboss.org/nexus/content/repositories/releases/org/objenesis/objenesis/1.2/objenesis-1.2.pom
Downloading from central-https: https://repo.maven.apache.org/maven2/org/objenesis/objenesis/1.2/objenesis-1.2.pom
Downloaded from central-https: https://repo.maven.apache.org/maven2/org/objenesis/objenesis/1.2/objenesis-1.2.pom (0 B at 0 B/s)
Downloading from jboss-releases: https://repository.jboss.org/nexus/content/repositories/releases/org/objenesis/objenesis-parent/1.2/objenesis-parent-1.2.pom
Downloading from central-https: https://repo.maven.apache.org/maven2/org/objenesis/objenesis-parent/1.2/objenesis-parent-1.2.pom
Downloaded from central-https: https://repo.maven.apache.org/maven2/org/objenesis/objenesis-parent/1.2/objenesis-parent-1.2.pom (0 B at 0 B/s)
Downloading from jboss-releases: https://repository.jboss.org/nexus/content/repositories/releases/org/jboss/arquillian/container/arquillian-container-test-spi/1.1.11.Final/arquillian-container-test-spi-1.1.11.Final.pom
Downloaded from jboss-releases: https://repository.jboss.org/nexus/content/repositories/releases/org/jboss/arquillian/container/arquillian-container-test-spi/1.1.11.Final/arquillian-container-test-spi-1.1.11.Final.pom (0 B at 0 B/s)
Downloading from jboss-releases: https://repository.jboss.org/nexus/content/repositories/releases/org/jboss/arquillian/extension/arquillian-drone-webdriver-depchain/2.0.0.Final/arquillian-drone-webdriver-depchain-2.0.0.Final.pom
Downloaded from jboss-releases: https://repository.jboss.org/nexus/content/repositories/releases/org/jboss/arquillian/extension/arquillian-drone-webdriver-depchain/2.0.0.Final/arquillian-drone-webdriver-depchain-2.0.0.Final.pom (0 B at 0 B/s)
Downloading from jboss-releases: https://repository.jboss.org/nexus/content/repositories/releases/org/jboss/arquillian/extension/arquillian-drone-webdriver/2.0.0.Final/arquillian-drone-webdriver-2.0.0.Final.pom
Downloaded from jboss-releases: https://repository.jboss.org/nexus/content/repositories/releases/org/jboss/arquillian/extension/arquillian-drone-webdriver/2.0.0.Final/arquillian-drone-webdriver-2.0.0.Final.pom (0 B at 0 B/s)
Downloading from jboss-releases: https://repository.jboss.org/nexus/content/repositories/releases/org/seleniumhq/selenium/selenium-api/2.53.0/selenium-api-2.53.0.pom
Downloading from central-https: https://repo.maven.apache.org/maven2/org/seleniumhq/selenium/selenium-api/2.53.0/selenium-api-2.53.0.pom
Downloaded from central-https: https://repo.maven.apache.org/maven2/org/seleniumhq/selenium/selenium-api/2.53.0/selenium-api-2.53.0.pom (0 B at 0 B/s)
Downloading from jboss-releases: https://repository.jboss.org/nexus/content/repositories/releases/org/seleniumhq/selenium/selenium-parent/2.53.0/selenium-parent-2.53.0.pom
Downloading from central-https: https://repo.maven.apache.org/maven2/org/seleniumhq/selenium/selenium-parent/2.53.0/selenium-parent-2.53.0.pom
Downloaded from central-https: https://repo.maven.apache.org/maven2/org/seleniumhq/selenium/selenium-parent/2.53.0/selenium-parent-2.53.0.pom (0 B at 0 B/s)
Downloading from jboss-releases: https://repository.jboss.org/nexus/content/repositories/releases/com/google/code/gson/gson/2.3.1/gson-2.3.1.pom
Downloading from central-https: https://repo.maven.apache.org/maven2/com/google/code/gson/gson/2.3.1/gson-2.3.1.pom
Downloaded from central-https: https://repo.maven.apache.org/maven2/com/google/code/gson/gson/2.3.1/gson-2.3.1.pom (0 B at 0 B/s)
Downloading from jboss-releases: https://repository.jboss.org/nexus/content/repositories/releases/org/sonatype/oss/oss-parent/9/oss-parent-9.pom
Downloading from central-https: https://repo.maven.apache.org/maven2/org/sonatype/oss/oss-parent/9/oss-parent-9.pom
Downloaded from central-https: https://repo.maven.apache.org/maven2/org/sonatype/oss/oss-parent/9/oss-parent-9.pom (0 B at 0 B/s)
Downloading from jboss-releases: https://repository.jboss.org/nexus/content/repositories/releases/org/seleniumhq/selenium/selenium-java/2.53.0/selenium-java-2.53.0.pom
Downloading from central-https: https://repo.maven.apache.org/maven2/org/seleniumhq/selenium/selenium-java/2.53.0/selenium-java-2.53.0.pom
Downloaded from central-https: https://repo.maven.apache.org/maven2/org/seleniumhq/selenium/selenium-java/2.53.0/selenium-java-2.53.0.pom (0 B at 0 B/s)
Downloading from jboss-releases: https://repository.jboss.org/nexus/content/repositories/releases/org/seleniumhq/selenium/selenium-chrome-driver/2.53.0/selenium-chrome-driver-2.53.0.pom
Downloading from central-https: https://repo.maven.apache.org/maven2/org/seleniumhq/selenium/selenium-chrome-driver/2.53.0/selenium-chrome-driver-2.53.0.pom
Downloaded from central-https: https://repo.maven.apache.org/maven2/org/seleniumhq/selenium/selenium-chrome-driver/2.53.0/selenium-chrome-driver-2.53.0.pom (0 B at 0 B/s)
Downloading from jboss-releases: https://repository.jboss.org/nexus/content/repositories/releases/org/seleniumhq/selenium/selenium-remote-driver/2.53.0/selenium-remote-driver-2.53.0.pom
Downloading from central-https: https://repo.maven.apache.org/maven2/org/seleniumhq/selenium/selenium-remote-driver/2.53.0/selenium-remote-driver-2.53.0.pom
Downloaded from central-https: https://repo.maven.apache.org/maven2/org/seleniumhq/selenium/selenium-remote-driver/2.53.0/selenium-remote-driver-2.53.0.pom (0 B at 0 B/s)
Downloading from jboss-releases: https://repository.jboss.org/nexus/content/repositories/releases/cglib/cglib-nodep/2.1_3/cglib-nodep-2.1_3.pom
Downloading from central-https: https://repo.maven.apache.org/maven2/cglib/cglib-nodep/2.1_3/cglib-nodep-2.1_3.pom
Downloaded from central-https: https://repo.maven.apache.org/maven2/cglib/cglib-nodep/2.1_3/cglib-nodep-2.1_3.pom (0 B at 0 B/s)
Downloading from jboss-releases: https://repository.jboss.org/nexus/content/repositories/releases/org/apache/httpcomponents/httpclient/4.3.3/httpclient-4.3.3.pom
Downloading from central-https: https://repo.maven.apache.org/maven2/org/apache/httpcomponents/httpclient/4.3.3/httpclient-4.3.3.pom
Downloaded from central-https: https://repo.maven.apache.org/maven2/org/apache/httpcomponents/httpclient/4.3.3/httpclient-4.3.3.pom (0 B at 0 B/s)
Downloading from jboss-releases: https://repository.jboss.org/nexus/content/repositories/releases/org/apache/httpcomponents/httpcomponents-client/4.3.3/httpcomponents-client-4.3.3.pom
Downloading from central-https: https://repo.maven.apache.org/maven2/org/apache/httpcomponents/httpcomponents-client/4.3.3/httpcomponents-client-4.3.3.pom
Downloaded from central-https: https://repo.maven.apache.org/maven2/org/apache/httpcomponents/httpcomponents-client/4.3.3/httpcomponents-client-4.3.3.pom (0 B at 0 B/s)
Downloading from jboss-releases: https://repository.jboss.org/nexus/content/repositories/releases/org/apache/httpcomponents/project/7/project-7.pom
Downloading from central-https: https://repo.maven.apache.org/maven2/org/apache/httpcomponents/project/7/project-7.pom
Downloaded from central-https: https://repo.maven.apache.org/maven2/org/apache/httpcomponents/project/7/project-7.pom (0 B at 0 B/s)
Downloading from jboss-releases: https://repository.jboss.org/nexus/content/repositories/releases/org/apache/httpcomponents/httpcore/4.3.2/httpcore-4.3.2.pom
Downloading from central-https: https://repo.maven.apache.org/maven2/org/apache/httpcomponents/httpcore/4.3.2/httpcore-4.3.2.pom
Downloaded from central-https: https://repo.maven.apache.org/maven2/org/apache/httpcomponents/httpcore/4.3.2/httpcore-4.3.2.pom (0 B at 0 B/s)
Downloading from jboss-releases: https://repository.jboss.org/nexus/content/repositories/releases/org/apache/httpcomponents/httpcomponents-core/4.3.2/httpcomponents-core-4.3.2.pom
Downloading from central-https: https://repo.maven.apache.org/maven2/org/apache/httpcomponents/httpcomponents-core/4.3.2/httpcomponents-core-4.3.2.pom
Downloaded from central-https: https://repo.maven.apache.org/maven2/org/apache/httpcomponents/httpcomponents-core/4.3.2/httpcomponents-core-4.3.2.pom (0 B at 0 B/s)
Downloading from jboss-releases: https://repository.jboss.org/nexus/content/repositories/releases/commons-logging/commons-logging/1.1.3/commons-logging-1.1.3.pom
Downloading from central-https: https://repo.maven.apache.org/maven2/commons-logging/commons-logging/1.1.3/commons-logging-1.1.3.pom
Downloaded from central-https: https://repo.maven.apache.org/maven2/commons-logging/commons-logging/1.1.3/commons-logging-1.1.3.pom (0 B at 0 B/s)
Downloading from jboss-releases: https://repository.jboss.org/nexus/content/repositories/releases/org/apache/commons/commons-parent/28/commons-parent-28.pom
Downloading from central-https: https://repo.maven.apache.org/maven2/org/apache/commons/commons-parent/28/commons-parent-28.pom
Downloaded from central-https: https://repo.maven.apache.org/maven2/org/apache/commons/commons-parent/28/commons-parent-28.pom (0 B at 0 B/s)
Downloading from jboss-releases: https://repository.jboss.org/nexus/content/repositories/releases/org/apache/commons/commons-exec/1.3/commons-exec-1.3.pom
Downloading from central-https: https://repo.maven.apache.org/maven2/org/apache/commons/commons-exec/1.3/commons-exec-1.3.pom
Downloaded from central-https: https://repo.maven.apache.org/maven2/org/apache/commons/commons-exec/1.3/commons-exec-1.3.pom (0 B at 0 B/s)
Downloading from jboss-releases: https://repository.jboss.org/nexus/content/repositories/releases/org/apache/commons/commons-parent/35/commons-parent-35.pom
Downloading from central-https: https://repo.maven.apache.org/maven2/org/apache/commons/commons-parent/35/commons-parent-35.pom
Downloaded from central-https: https://repo.maven.apache.org/maven2/org/apache/commons/commons-parent/35/commons-parent-35.pom (0 B at 0 B/s)
Downloading from jboss-releases: https://repository.jboss.org/nexus/content/repositories/releases/net/java/dev/jna/jna/4.1.0/jna-4.1.0.pom
Downloading from central-https: https://repo.maven.apache.org/maven2/net/java/dev/jna/jna/4.1.0/jna-4.1.0.pom
Downloaded from central-https: https://repo.maven.apache.org/maven2/net/java/dev/jna/jna/4.1.0/jna-4.1.0.pom (0 B at 0 B/s)
Downloading from jboss-releases: https://repository.jboss.org/nexus/content/repositories/releases/net/java/dev/jna/jna-platform/4.1.0/jna-platform-4.1.0.pom
Downloading from central-https: https://repo.maven.apache.org/maven2/net/java/dev/jna/jna-platform/4.1.0/jna-platform-4.1.0.pom
Downloaded from central-https: https://repo.maven.apache.org/maven2/net/java/dev/jna/jna-platform/4.1.0/jna-platform-4.1.0.pom (0 B at 0 B/s)
Downloading from jboss-releases: https://repository.jboss.org/nexus/content/repositories/releases/org/seleniumhq/selenium/selenium-edge-driver/2.53.0/selenium-edge-driver-2.53.0.pom
Downloading from central-https: https://repo.maven.apache.org/maven2/org/seleniumhq/selenium/selenium-edge-driver/2.53.0/selenium-edge-driver-2.53.0.pom
Downloaded from central-https: https://repo.maven.apache.org/maven2/org/seleniumhq/selenium/selenium-edge-driver/2.53.0/selenium-edge-driver-2.53.0.pom (0 B at 0 B/s)
Downloading from jboss-releases: https://repository.jboss.org/nexus/content/repositories/releases/org/seleniumhq/selenium/selenium-firefox-driver/2.53.0/selenium-firefox-driver-2.53.0.pom
Downloading from central-https: https://repo.maven.apache.org/maven2/org/seleniumhq/selenium/selenium-firefox-driver/2.53.0/selenium-firefox-driver-2.53.0.pom
Downloaded from central-https: https://repo.maven.apache.org/maven2/org/seleniumhq/selenium/selenium-firefox-driver/2.53.0/selenium-firefox-driver-2.53.0.pom (0 B at 0 B/s)
Downloading from jboss-releases: https://repository.jboss.org/nexus/content/repositories/releases/org/seleniumhq/selenium/selenium-ie-driver/2.53.0/selenium-ie-driver-2.53.0.pom
Downloading from central-https: https://repo.maven.apache.org/maven2/org/seleniumhq/selenium/selenium-ie-driver/2.53.0/selenium-ie-driver-2.53.0.pom
Downloaded from central-https: https://repo.maven.apache.org/maven2/org/seleniumhq/selenium/selenium-ie-driver/2.53.0/selenium-ie-driver-2.53.0.pom (0 B at 0 B/s)
Downloading from jboss-releases: https://repository.jboss.org/nexus/content/repositories/releases/org/seleniumhq/selenium/selenium-safari-driver/2.53.0/selenium-safari-driver-2.53.0.pom
Downloading from central-https: https://repo.maven.apache.org/maven2/org/seleniumhq/selenium/selenium-safari-driver/2.53.0/selenium-safari-driver-2.53.0.pom
Downloaded from central-https: https://repo.maven.apache.org/maven2/org/seleniumhq/selenium/selenium-safari-driver/2.53.0/selenium-safari-driver-2.53.0.pom (0 B at 0 B/s)
Downloading from jboss-releases: https://repository.jboss.org/nexus/content/repositories/releases/io/netty/netty/3.5.7.Final/netty-3.5.7.Final.pom
Downloading from central-https: https://repo.maven.apache.org/maven2/io/netty/netty/3.5.7.Final/netty-3.5.7.Final.pom
Downloaded from central-https: https://repo.maven.apache.org/maven2/io/netty/netty/3.5.7.Final/netty-3.5.7.Final.pom (0 B at 0 B/s)
Downloading from jboss-releases: https://repository.jboss.org/nexus/content/repositories/releases/org/seleniumhq/selenium/selenium-support/2.53.0/selenium-support-2.53.0.pom
Downloading from central-https: https://repo.maven.apache.org/maven2/org/seleniumhq/selenium/selenium-support/2.53.0/selenium-support-2.53.0.pom
Downloaded from central-https: https://repo.maven.apache.org/maven2/org/seleniumhq/selenium/selenium-support/2.53.0/selenium-support-2.53.0.pom (0 B at 0 B/s)
Downloading from jboss-releases: https://repository.jboss.org/nexus/content/repositories/releases/org/seleniumhq/selenium/selenium-leg-rc/2.53.0/selenium-leg-rc-2.53.0.pom
Downloading from central-https: https://repo.maven.apache.org/maven2/org/seleniumhq/selenium/selenium-leg-rc/2.53.0/selenium-leg-rc-2.53.0.pom
Downloaded from central-https: https://repo.maven.apache.org/maven2/org/seleniumhq/selenium/selenium-leg-rc/2.53.0/selenium-leg-rc-2.53.0.pom (0 B at 0 B/s)
Downloading from jboss-releases: https://repository.jboss.org/nexus/content/repositories/releases/org/seleniumhq/selenium/htmlunit-driver/2.20/htmlunit-driver-2.20.pom
Downloading from central-https: https://repo.maven.apache.org/maven2/org/seleniumhq/selenium/htmlunit-driver/2.20/htmlunit-driver-2.20.pom
Downloaded from central-https: https://repo.maven.apache.org/maven2/org/seleniumhq/selenium/htmlunit-driver/2.20/htmlunit-driver-2.20.pom (0 B at 0 B/s)
Downloading from jboss-releases: https://repository.jboss.org/nexus/content/repositories/releases/net/sourceforge/htmlunit/htmlunit/2.15/htmlunit-2.15.pom
Downloading from central-https: https://repo.maven.apache.org/maven2/net/sourceforge/htmlunit/htmlunit/2.15/htmlunit-2.15.pom
Downloaded from central-https: https://repo.maven.apache.org/maven2/net/sourceforge/htmlunit/htmlunit/2.15/htmlunit-2.15.pom (0 B at 0 B/s)
Downloading from jboss-releases: https://repository.jboss.org/nexus/content/repositories/releases/xalan/xalan/2.7.1/xalan-2.7.1.pom
Downloading from central-https: https://repo.maven.apache.org/maven2/xalan/xalan/2.7.1/xalan-2.7.1.pom
Downloaded from central-https: https://repo.maven.apache.org/maven2/xalan/xalan/2.7.1/xalan-2.7.1.pom (0 B at 0 B/s)
Downloading from jboss-releases: https://repository.jboss.org/nexus/content/repositories/releases/xalan/serializer/2.7.1/serializer-2.7.1.pom
Downloading from central-https: https://repo.maven.apache.org/maven2/xalan/serializer/2.7.1/serializer-2.7.1.pom
Downloaded from central-https: https://repo.maven.apache.org/maven2/xalan/serializer/2.7.1/serializer-2.7.1.pom (0 B at 0 B/s)
Downloading from jboss-releases: https://repository.jboss.org/nexus/content/repositories/releases/org/apache/commons/commons-lang3/3.3.2/commons-lang3-3.3.2.pom
Downloading from central-https: https://repo.maven.apache.org/maven2/org/apache/commons/commons-lang3/3.3.2/commons-lang3-3.3.2.pom
Downloaded from central-https: https://repo.maven.apache.org/maven2/org/apache/commons/commons-lang3/3.3.2/commons-lang3-3.3.2.pom (0 B at 0 B/s)
Downloading from jboss-releases: https://repository.jboss.org/nexus/content/repositories/releases/org/apache/commons/commons-parent/33/commons-parent-33.pom
Downloading from central-https: https://repo.maven.apache.org/maven2/org/apache/commons/commons-parent/33/commons-parent-33.pom
Downloaded from central-https: https://repo.maven.apache.org/maven2/org/apache/commons/commons-parent/33/commons-parent-33.pom (0 B at 0 B/s)
Downloading from jboss-releases: https://repository.jboss.org/nexus/content/repositories/releases/org/apache/httpcomponents/httpmime/4.3.3/httpmime-4.3.3.pom
Downloading from central-https: https://repo.maven.apache.org/maven2/org/apache/httpcomponents/httpmime/4.3.3/httpmime-4.3.3.pom
Downloaded from central-https: https://repo.maven.apache.org/maven2/org/apache/httpcomponents/httpmime/4.3.3/httpmime-4.3.3.pom (0 B at 0 B/s)
Downloading from jboss-releases: https://repository.jboss.org/nexus/content/repositories/releases/net/sourceforge/htmlunit/htmlunit-core-js/2.15/htmlunit-core-js-2.15.pom
Downloading from central-https: https://repo.maven.apache.org/maven2/net/sourceforge/htmlunit/htmlunit-core-js/2.15/htmlunit-core-js-2.15.pom
Downloaded from central-https: https://repo.maven.apache.org/maven2/net/sourceforge/htmlunit/htmlunit-core-js/2.15/htmlunit-core-js-2.15.pom (0 B at 0 B/s)
Downloading from jboss-releases: https://repository.jboss.org/nexus/content/repositories/releases/xerces/xercesImpl/2.11.0/xercesImpl-2.11.0.pom
Downloading from central-https: https://repo.maven.apache.org/maven2/xerces/xercesImpl/2.11.0/xercesImpl-2.11.0.pom
Downloaded from central-https: https://repo.maven.apache.org/maven2/xerces/xercesImpl/2.11.0/xercesImpl-2.11.0.pom (0 B at 0 B/s)
Downloading from jboss-releases: https://repository.jboss.org/nexus/content/repositories/releases/net/sourceforge/nekohtml/nekohtml/1.9.21/nekohtml-1.9.21.pom
Downloading from central-https: https://repo.maven.apache.org/maven2/net/sourceforge/nekohtml/nekohtml/1.9.21/nekohtml-1.9.21.pom
Downloaded from central-https: https://repo.maven.apache.org/maven2/net/sourceforge/nekohtml/nekohtml/1.9.21/nekohtml-1.9.21.pom (0 B at 0 B/s)
Downloading from jboss-releases: https://repository.jboss.org/nexus/content/repositories/releases/net/sourceforge/cssparser/cssparser/0.9.18/cssparser-0.9.18.pom
Downloading from central-https: https://repo.maven.apache.org/maven2/net/sourceforge/cssparser/cssparser/0.9.18/cssparser-0.9.18.pom
Downloaded from central-https: https://repo.maven.apache.org/maven2/net/sourceforge/cssparser/cssparser/0.9.18/cssparser-0.9.18.pom (0 B at 0 B/s)
Downloading from jboss-releases: https://repository.jboss.org/nexus/content/repositories/releases/org/w3c/css/sac/1.3/sac-1.3.pom
Downloading from central-https: https://repo.maven.apache.org/maven2/org/w3c/css/sac/1.3/sac-1.3.pom
Downloaded from central-https: https://repo.maven.apache.org/maven2/org/w3c/css/sac/1.3/sac-1.3.pom (0 B at 0 B/s)
Downloading from jboss-releases: https://repository.jboss.org/nexus/content/repositories/releases/org/eclipse/jetty/jetty-websocket/8.1.15.v20140411/jetty-websocket-8.1.15.v20140411.pom
Downloading from central-https: https://repo.maven.apache.org/maven2/org/eclipse/jetty/jetty-websocket/8.1.15.v20140411/jetty-websocket-8.1.15.v20140411.pom
Downloaded from central-https: https://repo.maven.apache.org/maven2/org/eclipse/jetty/jetty-websocket/8.1.15.v20140411/jetty-websocket-8.1.15.v20140411.pom (0 B at 0 B/s)
Downloading from jboss-releases: https://repository.jboss.org/nexus/content/repositories/releases/org/eclipse/jetty/jetty-project/8.1.15.v20140411/jetty-project-8.1.15.v20140411.pom
Downloading from central-https: https://repo.maven.apache.org/maven2/org/eclipse/jetty/jetty-project/8.1.15.v20140411/jetty-project-8.1.15.v20140411.pom
Downloaded from central-https: https://repo.maven.apache.org/maven2/org/eclipse/jetty/jetty-project/8.1.15.v20140411/jetty-project-8.1.15.v20140411.pom (0 B at 0 B/s)
Downloading from jboss-releases: https://repository.jboss.org/nexus/content/repositories/releases/org/eclipse/jetty/jetty-parent/20/jetty-parent-20.pom
Downloading from central-https: https://repo.maven.apache.org/maven2/org/eclipse/jetty/jetty-parent/20/jetty-parent-20.pom
Downloaded from central-https: https://repo.maven.apache.org/maven2/org/eclipse/jetty/jetty-parent/20/jetty-parent-20.pom (0 B at 0 B/s)
Downloading from jboss-releases: https://repository.jboss.org/nexus/content/repositories/releases/org/eclipse/jetty/jetty-util/8.1.15.v20140411/jetty-util-8.1.15.v20140411.pom
Downloading from central-https: https://repo.maven.apache.org/maven2/org/eclipse/jetty/jetty-util/8.1.15.v20140411/jetty-util-8.1.15.v20140411.pom
Downloaded from central-https: https://repo.maven.apache.org/maven2/org/eclipse/jetty/jetty-util/8.1.15.v20140411/jetty-util-8.1.15.v20140411.pom (0 B at 0 B/s)
Downloading from jboss-releases: https://repository.jboss.org/nexus/content/repositories/releases/org/eclipse/jetty/jetty-io/8.1.15.v20140411/jetty-io-8.1.15.v20140411.pom
Downloading from central-https: https://repo.maven.apache.org/maven2/org/eclipse/jetty/jetty-io/8.1.15.v20140411/jetty-io-8.1.15.v20140411.pom
Downloaded from central-https: https://repo.maven.apache.org/maven2/org/eclipse/jetty/jetty-io/8.1.15.v20140411/jetty-io-8.1.15.v20140411.pom (0 B at 0 B/s)
Downloading from jboss-releases: https://repository.jboss.org/nexus/content/repositories/releases/org/eclipse/jetty/jetty-http/8.1.15.v20140411/jetty-http-8.1.15.v20140411.pom
Downloading from central-https: https://repo.maven.apache.org/maven2/org/eclipse/jetty/jetty-http/8.1.15.v20140411/jetty-http-8.1.15.v20140411.pom
Downloaded from central-https: https://repo.maven.apache.org/maven2/org/eclipse/jetty/jetty-http/8.1.15.v20140411/jetty-http-8.1.15.v20140411.pom (0 B at 0 B/s)
Downloading from jboss-releases: https://repository.jboss.org/nexus/content/repositories/releases/commons-collections/commons-collections/3.2.2/commons-collections-3.2.2.pom
Downloading from central-https: https://repo.maven.apache.org/maven2/commons-collections/commons-collections/3.2.2/commons-collections-3.2.2.pom
Downloaded from central-https: https://repo.maven.apache.org/maven2/commons-collections/commons-collections/3.2.2/commons-collections-3.2.2.pom (0 B at 0 B/s)
Downloading from jboss-releases: https://repository.jboss.org/nexus/content/repositories/releases/org/apache/commons/commons-parent/39/commons-parent-39.pom
Downloading from central-https: https://repo.maven.apache.org/maven2/org/apache/commons/commons-parent/39/commons-parent-39.pom
Downloaded from central-https: https://repo.maven.apache.org/maven2/org/apache/commons/commons-parent/39/commons-parent-39.pom (0 B at 0 B/s)
Downloading from jboss-releases: https://repository.jboss.org/nexus/content/repositories/releases/com/opera/operadriver/1.5/operadriver-1.5.pom
Downloading from central-https: https://repo.maven.apache.org/maven2/com/opera/operadriver/1.5/operadriver-1.5.pom
Downloaded from central-https: https://repo.maven.apache.org/maven2/com/opera/operadriver/1.5/operadriver-1.5.pom (0 B at 0 B/s)
Downloading from jboss-releases: https://repository.jboss.org/nexus/content/repositories/releases/com/opera/operalaunchers/1.1/operalaunchers-1.1.pom
Downloading from central-https: https://repo.maven.apache.org/maven2/com/opera/operalaunchers/1.1/operalaunchers-1.1.pom
Downloaded from central-https: https://repo.maven.apache.org/maven2/com/opera/operalaunchers/1.1/operalaunchers-1.1.pom (0 B at 0 B/s)
Downloading from jboss-releases: https://repository.jboss.org/nexus/content/repositories/releases/com/google/protobuf/protobuf-java/2.4.1/protobuf-java-2.4.1.pom
Downloading from central-https: https://repo.maven.apache.org/maven2/com/google/protobuf/protobuf-java/2.4.1/protobuf-java-2.4.1.pom
Downloaded from central-https: https://repo.maven.apache.org/maven2/com/google/protobuf/protobuf-java/2.4.1/protobuf-java-2.4.1.pom (0 B at 0 B/s)
Downloading from jboss-releases: https://repository.jboss.org/nexus/content/repositories/releases/com/google/google/1/google-1.pom
Downloading from central-https: https://repo.maven.apache.org/maven2/com/google/google/1/google-1.pom
Downloaded from central-https: https://repo.maven.apache.org/maven2/com/google/google/1/google-1.pom (0 B at 0 B/s)
Downloading from jboss-releases: https://repository.jboss.org/nexus/content/repositories/releases/commons-jxpath/commons-jxpath/1.3/commons-jxpath-1.3.pom
Downloading from central-https: https://repo.maven.apache.org/maven2/commons-jxpath/commons-jxpath/1.3/commons-jxpath-1.3.pom
Downloaded from central-https: https://repo.maven.apache.org/maven2/commons-jxpath/commons-jxpath/1.3/commons-jxpath-1.3.pom (0 B at 0 B/s)
Downloading from jboss-releases: https://repository.jboss.org/nexus/content/repositories/releases/org/apache/commons/commons-parent/11/commons-parent-11.pom
Downloading from central-https: https://repo.maven.apache.org/maven2/org/apache/commons/commons-parent/11/commons-parent-11.pom
Downloaded from central-https: https://repo.maven.apache.org/maven2/org/apache/commons/commons-parent/11/commons-parent-11.pom (0 B at 0 B/s)
Downloading from jboss-releases: https://repository.jboss.org/nexus/content/repositories/releases/org/apache/commons/commons-exec/1.1/commons-exec-1.1.pom
Downloading from central-https: https://repo.maven.apache.org/maven2/org/apache/commons/commons-exec/1.1/commons-exec-1.1.pom
Downloaded from central-https: https://repo.maven.apache.org/maven2/org/apache/commons/commons-exec/1.1/commons-exec-1.1.pom (0 B at 0 B/s)
Downloading from jboss-releases: https://repository.jboss.org/nexus/content/repositories/releases/org/apache/commons/commons-parent/17/commons-parent-17.pom
Downloading from central-https: https://repo.maven.apache.org/maven2/org/apache/commons/commons-parent/17/commons-parent-17.pom
Downloaded from central-https: https://repo.maven.apache.org/maven2/org/apache/commons/commons-parent/17/commons-parent-17.pom (0 B at 0 B/s)
Downloading from jboss-releases: https://repository.jboss.org/nexus/content/repositories/releases/org/apache/apache/7/apache-7.pom
Downloading from central-https: https://repo.maven.apache.org/maven2/org/apache/apache/7/apache-7.pom
Downloaded from central-https: https://repo.maven.apache.org/maven2/org/apache/apache/7/apache-7.pom (0 B at 0 B/s)
Downloading from jboss-releases: https://repository.jboss.org/nexus/content/repositories/releases/org/ini4j/ini4j/0.5.2/ini4j-0.5.2.pom
Downloading from central-https: https://repo.maven.apache.org/maven2/org/ini4j/ini4j/0.5.2/ini4j-0.5.2.pom
Downloaded from central-https: https://repo.maven.apache.org/maven2/org/ini4j/ini4j/0.5.2/ini4j-0.5.2.pom (0 B at 0 B/s)
Downloading from jboss-releases: https://repository.jboss.org/nexus/content/repositories/releases/org/jboss/arquillian/extension/arquillian-phantom-driver/1.2.1.Final/arquillian-phantom-driver-1.2.1.Final.pom
Downloaded from jboss-releases: https://repository.jboss.org/nexus/content/repositories/releases/org/jboss/arquillian/extension/arquillian-phantom-driver/1.2.1.Final/arquillian-phantom-driver-1.2.1.Final.pom (0 B at 0 B/s)
Downloading from jboss-releases: https://repository.jboss.org/nexus/content/repositories/releases/org/jboss/arquillian/selenium/selenium-bom/2.52.0/selenium-bom-2.52.0.pom
Downloaded from jboss-releases: https://repository.jboss.org/nexus/content/repositories/releases/org/jboss/arquillian/selenium/selenium-bom/2.52.0/selenium-bom-2.52.0.pom (0 B at 0 B/s)
Downloading from jboss-releases: https://repository.jboss.org/nexus/content/repositories/releases/com/codeborne/phantomjsdriver/1.2.1/phantomjsdriver-1.2.1.pom
Downloading from central-https: https://repo.maven.apache.org/maven2/com/codeborne/phantomjsdriver/1.2.1/phantomjsdriver-1.2.1.pom
Downloaded from central-https: https://repo.maven.apache.org/maven2/com/codeborne/phantomjsdriver/1.2.1/phantomjsdriver-1.2.1.pom (0 B at 0 B/s)
Downloading from jboss-releases: https://repository.jboss.org/nexus/content/repositories/releases/org/jboss/shrinkwrap/resolver/shrinkwrap-resolver-depchain/2.2.2/shrinkwrap-resolver-depchain-2.2.2.pom
Downloaded from jboss-releases: https://repository.jboss.org/nexus/content/repositories/releases/org/jboss/shrinkwrap/resolver/shrinkwrap-resolver-depchain/2.2.2/shrinkwrap-resolver-depchain-2.2.2.pom (0 B at 0 B/s)
Downloading from jboss-releases: https://repository.jboss.org/nexus/content/repositories/releases/org/jboss/shrinkwrap/resolver/shrinkwrap-resolver-parent/2.2.2/shrinkwrap-resolver-parent-2.2.2.pom
Downloaded from jboss-releases: https://repository.jboss.org/nexus/content/repositories/releases/org/jboss/shrinkwrap/resolver/shrinkwrap-resolver-parent/2.2.2/shrinkwrap-resolver-parent-2.2.2.pom (0 B at 0 B/s)
Downloading from jboss-releases: https://repository.jboss.org/nexus/content/repositories/releases/org/jboss/jboss-parent/15/jboss-parent-15.pom
Downloaded from jboss-releases: https://repository.jboss.org/nexus/content/repositories/releases/org/jboss/jboss-parent/15/jboss-parent-15.pom (0 B at 0 B/s)
Downloading from jboss-releases: https://repository.jboss.org/nexus/content/repositories/releases/org/jboss/shrinkwrap/resolver/shrinkwrap-resolver-api/2.2.2/shrinkwrap-resolver-api-2.2.2.pom
Downloaded from jboss-releases: https://repository.jboss.org/nexus/content/repositories/releases/org/jboss/shrinkwrap/resolver/shrinkwrap-resolver-api/2.2.2/shrinkwrap-resolver-api-2.2.2.pom (0 B at 0 B/s)
Downloading from jboss-releases: https://repository.jboss.org/nexus/content/repositories/releases/org/jboss/shrinkwrap/resolver/shrinkwrap-resolver-spi/2.2.2/shrinkwrap-resolver-spi-2.2.2.pom
Downloaded from jboss-releases: https://repository.jboss.org/nexus/content/repositories/releases/org/jboss/shrinkwrap/resolver/shrinkwrap-resolver-spi/2.2.2/shrinkwrap-resolver-spi-2.2.2.pom (0 B at 0 B/s)
Downloading from jboss-releases: https://repository.jboss.org/nexus/content/repositories/releases/org/jboss/shrinkwrap/resolver/shrinkwrap-resolver-api-maven/2.2.2/shrinkwrap-resolver-api-maven-2.2.2.pom
Downloaded from jboss-releases: https://repository.jboss.org/nexus/content/repositories/releases/org/jboss/shrinkwrap/resolver/shrinkwrap-resolver-api-maven/2.2.2/shrinkwrap-resolver-api-maven-2.2.2.pom (0 B at 0 B/s)
Downloading from jboss-releases: https://repository.jboss.org/nexus/content/repositories/releases/org/jboss/shrinkwrap/resolver/shrinkwrap-resolver-spi-maven/2.2.2/shrinkwrap-resolver-spi-maven-2.2.2.pom
Downloaded from jboss-releases: https://repository.jboss.org/nexus/content/repositories/releases/org/jboss/shrinkwrap/resolver/shrinkwrap-resolver-spi-maven/2.2.2/shrinkwrap-resolver-spi-maven-2.2.2.pom (0 B at 0 B/s)
Downloading from jboss-releases: https://repository.jboss.org/nexus/content/repositories/releases/org/jboss/shrinkwrap/resolver/shrinkwrap-resolver-api-maven-archive/2.2.2/shrinkwrap-resolver-api-maven-archive-2.2.2.pom
Downloaded from jboss-releases: https://repository.jboss.org/nexus/content/repositories/releases/org/jboss/shrinkwrap/resolver/shrinkwrap-resolver-api-maven-archive/2.2.2/shrinkwrap-resolver-api-maven-archive-2.2.2.pom (0 B at 0 B/s)
Downloading from jboss-releases: https://repository.jboss.org/nexus/content/repositories/releases/org/jboss/shrinkwrap/resolver/shrinkwrap-resolver-impl-maven/2.2.2/shrinkwrap-resolver-impl-maven-2.2.2.pom
Downloaded from jboss-releases: https://repository.jboss.org/nexus/content/repositories/releases/org/jboss/shrinkwrap/resolver/shrinkwrap-resolver-impl-maven/2.2.2/shrinkwrap-resolver-impl-maven-2.2.2.pom (0 B at 0 B/s)
Downloading from jboss-releases: https://repository.jboss.org/nexus/content/repositories/releases/org/eclipse/aether/aether/1.0.0.v20140518/aether-1.0.0.v20140518.pom
Downloading from central-https: https://repo.maven.apache.org/maven2/org/eclipse/aether/aether/1.0.0.v20140518/aether-1.0.0.v20140518.pom
Downloaded from central-https: https://repo.maven.apache.org/maven2/org/eclipse/aether/aether/1.0.0.v20140518/aether-1.0.0.v20140518.pom (0 B at 0 B/s)
Downloading from jboss-releases: https://repository.jboss.org/nexus/content/repositories/releases/org/eclipse/aether/aether-api/1.0.0.v20140518/aether-api-1.0.0.v20140518.pom
Downloading from central-https: https://repo.maven.apache.org/maven2/org/eclipse/aether/aether-api/1.0.0.v20140518/aether-api-1.0.0.v20140518.pom
Downloaded from central-https: https://repo.maven.apache.org/maven2/org/eclipse/aether/aether-api/1.0.0.v20140518/aether-api-1.0.0.v20140518.pom (0 B at 0 B/s)
Downloading from jboss-releases: https://repository.jboss.org/nexus/content/repositories/releases/org/eclipse/aether/aether-impl/1.0.0.v20140518/aether-impl-1.0.0.v20140518.pom
Downloading from central-https: https://repo.maven.apache.org/maven2/org/eclipse/aether/aether-impl/1.0.0.v20140518/aether-impl-1.0.0.v20140518.pom
Downloaded from central-https: https://repo.maven.apache.org/maven2/org/eclipse/aether/aether-impl/1.0.0.v20140518/aether-impl-1.0.0.v20140518.pom (0 B at 0 B/s)
Downloading from jboss-releases: https://repository.jboss.org/nexus/content/repositories/releases/org/eclipse/aether/aether-spi/1.0.0.v20140518/aether-spi-1.0.0.v20140518.pom
Downloading from central-https: https://repo.maven.apache.org/maven2/org/eclipse/aether/aether-spi/1.0.0.v20140518/aether-spi-1.0.0.v20140518.pom
Downloaded from central-https: https://repo.maven.apache.org/maven2/org/eclipse/aether/aether-spi/1.0.0.v20140518/aether-spi-1.0.0.v20140518.pom (0 B at 0 B/s)
Downloading from jboss-releases: https://repository.jboss.org/nexus/content/repositories/releases/org/eclipse/aether/aether-util/1.0.0.v20140518/aether-util-1.0.0.v20140518.pom
Downloading from central-https: https://repo.maven.apache.org/maven2/org/eclipse/aether/aether-util/1.0.0.v20140518/aether-util-1.0.0.v20140518.pom
Downloaded from central-https: https://repo.maven.apache.org/maven2/org/eclipse/aether/aether-util/1.0.0.v20140518/aether-util-1.0.0.v20140518.pom (0 B at 0 B/s)
Downloading from jboss-releases: https://repository.jboss.org/nexus/content/repositories/releases/org/eclipse/aether/aether-connector-basic/1.0.0.v20140518/aether-connector-basic-1.0.0.v20140518.pom
Downloading from central-https: https://repo.maven.apache.org/maven2/org/eclipse/aether/aether-connector-basic/1.0.0.v20140518/aether-connector-basic-1.0.0.v20140518.pom
Downloaded from central-https: https://repo.maven.apache.org/maven2/org/eclipse/aether/aether-connector-basic/1.0.0.v20140518/aether-connector-basic-1.0.0.v20140518.pom (0 B at 0 B/s)
Downloading from jboss-releases: https://repository.jboss.org/nexus/content/repositories/releases/org/eclipse/aether/aether-transport-wagon/1.0.0.v20140518/aether-transport-wagon-1.0.0.v20140518.pom
Downloading from central-https: https://repo.maven.apache.org/maven2/org/eclipse/aether/aether-transport-wagon/1.0.0.v20140518/aether-transport-wagon-1.0.0.v20140518.pom
Downloaded from central-https: https://repo.maven.apache.org/maven2/org/eclipse/aether/aether-transport-wagon/1.0.0.v20140518/aether-transport-wagon-1.0.0.v20140518.pom (0 B at 0 B/s)
Downloading from jboss-releases: https://repository.jboss.org/nexus/content/repositories/releases/org/apache/maven/maven-aether-provider/3.2.5/maven-aether-provider-3.2.5.pom
Downloading from central-https: https://repo.maven.apache.org/maven2/org/apache/maven/maven-aether-provider/3.2.5/maven-aether-provider-3.2.5.pom
Downloaded from central-https: https://repo.maven.apache.org/maven2/org/apache/maven/maven-aether-provider/3.2.5/maven-aether-provider-3.2.5.pom (0 B at 0 B/s)
Downloading from jboss-releases: https://repository.jboss.org/nexus/content/repositories/releases/org/apache/maven/maven/3.2.5/maven-3.2.5.pom
Downloading from central-https: https://repo.maven.apache.org/maven2/org/apache/maven/maven/3.2.5/maven-3.2.5.pom
Downloaded from central-https: https://repo.maven.apache.org/maven2/org/apache/maven/maven/3.2.5/maven-3.2.5.pom (0 B at 0 B/s)
Downloading from jboss-releases: https://repository.jboss.org/nexus/content/repositories/releases/org/apache/maven/maven-model/3.2.5/maven-model-3.2.5.pom
Downloading from central-https: https://repo.maven.apache.org/maven2/org/apache/maven/maven-model/3.2.5/maven-model-3.2.5.pom
Downloaded from central-https: https://repo.maven.apache.org/maven2/org/apache/maven/maven-model/3.2.5/maven-model-3.2.5.pom (0 B at 0 B/s)
Downloading from jboss-releases: https://repository.jboss.org/nexus/content/repositories/releases/org/apache/maven/maven-model-builder/3.2.5/maven-model-builder-3.2.5.pom
Downloading from central-https: https://repo.maven.apache.org/maven2/org/apache/maven/maven-model-builder/3.2.5/maven-model-builder-3.2.5.pom
Downloaded from central-https: https://repo.maven.apache.org/maven2/org/apache/maven/maven-model-builder/3.2.5/maven-model-builder-3.2.5.pom (0 B at 0 B/s)
Downloading from jboss-releases: https://repository.jboss.org/nexus/content/repositories/releases/org/codehaus/plexus/plexus-interpolation/1.21/plexus-interpolation-1.21.pom
Downloading from central-https: https://repo.maven.apache.org/maven2/org/codehaus/plexus/plexus-interpolation/1.21/plexus-interpolation-1.21.pom
Downloaded from central-https: https://repo.maven.apache.org/maven2/org/codehaus/plexus/plexus-interpolation/1.21/plexus-interpolation-1.21.pom (0 B at 0 B/s)
Downloading from jboss-releases: https://repository.jboss.org/nexus/content/repositories/releases/org/codehaus/plexus/plexus-components/1.3.1/plexus-components-1.3.1.pom
Downloading from central-https: https://repo.maven.apache.org/maven2/org/codehaus/plexus/plexus-components/1.3.1/plexus-components-1.3.1.pom
Downloaded from central-https: https://repo.maven.apache.org/maven2/org/codehaus/plexus/plexus-components/1.3.1/plexus-components-1.3.1.pom (0 B at 0 B/s)
Downloading from jboss-releases: https://repository.jboss.org/nexus/content/repositories/releases/org/apache/maven/maven-repository-metadata/3.2.5/maven-repository-metadata-3.2.5.pom
Downloading from central-https: https://repo.maven.apache.org/maven2/org/apache/maven/maven-repository-metadata/3.2.5/maven-repository-metadata-3.2.5.pom
Downloaded from central-https: https://repo.maven.apache.org/maven2/org/apache/maven/maven-repository-metadata/3.2.5/maven-repository-metadata-3.2.5.pom (0 B at 0 B/s)
Downloading from jboss-releases: https://repository.jboss.org/nexus/content/repositories/releases/org/codehaus/plexus/plexus-utils/3.0.20/plexus-utils-3.0.20.pom
Downloading from central-https: https://repo.maven.apache.org/maven2/org/codehaus/plexus/plexus-utils/3.0.20/plexus-utils-3.0.20.pom
Downloaded from central-https: https://repo.maven.apache.org/maven2/org/codehaus/plexus/plexus-utils/3.0.20/plexus-utils-3.0.20.pom (0 B at 0 B/s)
Downloading from jboss-releases: https://repository.jboss.org/nexus/content/repositories/releases/org/apache/maven/maven-settings/3.2.5/maven-settings-3.2.5.pom
Downloading from central-https: https://repo.maven.apache.org/maven2/org/apache/maven/maven-settings/3.2.5/maven-settings-3.2.5.pom
Downloaded from central-https: https://repo.maven.apache.org/maven2/org/apache/maven/maven-settings/3.2.5/maven-settings-3.2.5.pom (0 B at 0 B/s)
Downloading from jboss-releases: https://repository.jboss.org/nexus/content/repositories/releases/org/apache/maven/maven-settings-builder/3.2.5/maven-settings-builder-3.2.5.pom
Downloading from central-https: https://repo.maven.apache.org/maven2/org/apache/maven/maven-settings-builder/3.2.5/maven-settings-builder-3.2.5.pom
Downloaded from central-https: https://repo.maven.apache.org/maven2/org/apache/maven/maven-settings-builder/3.2.5/maven-settings-builder-3.2.5.pom (0 B at 0 B/s)
Downloading from jboss-releases: https://repository.jboss.org/nexus/content/repositories/releases/org/sonatype/plexus/plexus-sec-dispatcher/1.3/plexus-sec-dispatcher-1.3.pom
Downloading from central-https: https://repo.maven.apache.org/maven2/org/sonatype/plexus/plexus-sec-dispatcher/1.3/plexus-sec-dispatcher-1.3.pom
Downloaded from central-https: https://repo.maven.apache.org/maven2/org/sonatype/plexus/plexus-sec-dispatcher/1.3/plexus-sec-dispatcher-1.3.pom (0 B at 0 B/s)
Downloading from jboss-releases: https://repository.jboss.org/nexus/content/repositories/releases/org/sonatype/spice/spice-parent/12/spice-parent-12.pom
Downloading from central-https: https://repo.maven.apache.org/maven2/org/sonatype/spice/spice-parent/12/spice-parent-12.pom
Downloaded from central-https: https://repo.maven.apache.org/maven2/org/sonatype/spice/spice-parent/12/spice-parent-12.pom (0 B at 0 B/s)
Downloading from jboss-releases: https://repository.jboss.org/nexus/content/repositories/releases/org/sonatype/forge/forge-parent/4/forge-parent-4.pom
Downloading from central-https: https://repo.maven.apache.org/maven2/org/sonatype/forge/forge-parent/4/forge-parent-4.pom
Downloaded from central-https: https://repo.maven.apache.org/maven2/org/sonatype/forge/forge-parent/4/forge-parent-4.pom (0 B at 0 B/s)
Downloading from jboss-releases: https://repository.jboss.org/nexus/content/repositories/releases/org/codehaus/plexus/plexus-utils/1.5.5/plexus-utils-1.5.5.pom
Downloading from central-https: https://repo.maven.apache.org/maven2/org/codehaus/plexus/plexus-utils/1.5.5/plexus-utils-1.5.5.pom
Downloaded from central-https: https://repo.maven.apache.org/maven2/org/codehaus/plexus/plexus-utils/1.5.5/plexus-utils-1.5.5.pom (0 B at 0 B/s)
Downloading from jboss-releases: https://repository.jboss.org/nexus/content/repositories/releases/org/codehaus/plexus/plexus/1.0.11/plexus-1.0.11.pom
Downloading from central-https: https://repo.maven.apache.org/maven2/org/codehaus/plexus/plexus/1.0.11/plexus-1.0.11.pom
Downloaded from central-https: https://repo.maven.apache.org/maven2/org/codehaus/plexus/plexus/1.0.11/plexus-1.0.11.pom (0 B at 0 B/s)
Downloading from jboss-releases: https://repository.jboss.org/nexus/content/repositories/releases/org/sonatype/plexus/plexus-cipher/1.4/plexus-cipher-1.4.pom
Downloading from central-https: https://repo.maven.apache.org/maven2/org/sonatype/plexus/plexus-cipher/1.4/plexus-cipher-1.4.pom
Downloaded from central-https: https://repo.maven.apache.org/maven2/org/sonatype/plexus/plexus-cipher/1.4/plexus-cipher-1.4.pom (0 B at 0 B/s)
Downloading from jboss-releases: https://repository.jboss.org/nexus/content/repositories/releases/org/apache/maven/wagon/wagon-provider-api/2.6/wagon-provider-api-2.6.pom
Downloading from central-https: https://repo.maven.apache.org/maven2/org/apache/maven/wagon/wagon-provider-api/2.6/wagon-provider-api-2.6.pom
Downloaded from central-https: https://repo.maven.apache.org/maven2/org/apache/maven/wagon/wagon-provider-api/2.6/wagon-provider-api-2.6.pom (0 B at 0 B/s)
Downloading from jboss-releases: https://repository.jboss.org/nexus/content/repositories/releases/org/apache/maven/wagon/wagon/2.6/wagon-2.6.pom
Downloading from central-https: https://repo.maven.apache.org/maven2/org/apache/maven/wagon/wagon/2.6/wagon-2.6.pom
Downloaded from central-https: https://repo.maven.apache.org/maven2/org/apache/maven/wagon/wagon/2.6/wagon-2.6.pom (0 B at 0 B/s)
Downloading from jboss-releases: https://repository.jboss.org/nexus/content/repositories/releases/org/apache/maven/wagon/wagon-file/2.6/wagon-file-2.6.pom
Downloading from central-https: https://repo.maven.apache.org/maven2/org/apache/maven/wagon/wagon-file/2.6/wagon-file-2.6.pom
Downloaded from central-https: https://repo.maven.apache.org/maven2/org/apache/maven/wagon/wagon-file/2.6/wagon-file-2.6.pom (0 B at 0 B/s)
Downloading from jboss-releases: https://repository.jboss.org/nexus/content/repositories/releases/org/apache/maven/wagon/wagon-providers/2.6/wagon-providers-2.6.pom
Downloading from central-https: https://repo.maven.apache.org/maven2/org/apache/maven/wagon/wagon-providers/2.6/wagon-providers-2.6.pom
Downloaded from central-https: https://repo.maven.apache.org/maven2/org/apache/maven/wagon/wagon-providers/2.6/wagon-providers-2.6.pom (0 B at 0 B/s)
Downloading from jboss-releases: https://repository.jboss.org/nexus/content/repositories/releases/commons-lang/commons-lang/2.6/commons-lang-2.6.pom
Downloading from central-https: https://repo.maven.apache.org/maven2/commons-lang/commons-lang/2.6/commons-lang-2.6.pom
Downloaded from central-https: https://repo.maven.apache.org/maven2/commons-lang/commons-lang/2.6/commons-lang-2.6.pom (0 B at 0 B/s)
Downloading from jboss-releases: https://repository.jboss.org/nexus/content/repositories/releases/org/codehaus/plexus/plexus-utils/3.0.8/plexus-utils-3.0.8.pom
Downloading from central-https: https://repo.maven.apache.org/maven2/org/codehaus/plexus/plexus-utils/3.0.8/plexus-utils-3.0.8.pom
Downloaded from central-https: https://repo.maven.apache.org/maven2/org/codehaus/plexus/plexus-utils/3.0.8/plexus-utils-3.0.8.pom (0 B at 0 B/s)
Downloading from jboss-releases: https://repository.jboss.org/nexus/content/repositories/releases/org/codehaus/plexus/plexus/3.2/plexus-3.2.pom
Downloading from central-https: https://repo.maven.apache.org/maven2/org/codehaus/plexus/plexus/3.2/plexus-3.2.pom
Downloaded from central-https: https://repo.maven.apache.org/maven2/org/codehaus/plexus/plexus/3.2/plexus-3.2.pom (0 B at 0 B/s)
Downloading from jboss-releases: https://repository.jboss.org/nexus/content/repositories/releases/org/apache/maven/wagon/wagon-http-lightweight/2.6/wagon-http-lightweight-2.6.pom
Downloading from central-https: https://repo.maven.apache.org/maven2/org/apache/maven/wagon/wagon-http-lightweight/2.6/wagon-http-lightweight-2.6.pom
Downloaded from central-https: https://repo.maven.apache.org/maven2/org/apache/maven/wagon/wagon-http-lightweight/2.6/wagon-http-lightweight-2.6.pom (0 B at 0 B/s)
Downloading from jboss-releases: https://repository.jboss.org/nexus/content/repositories/releases/org/apache/maven/wagon/wagon-http-shared/2.6/wagon-http-shared-2.6.pom
Downloading from central-https: https://repo.maven.apache.org/maven2/org/apache/maven/wagon/wagon-http-shared/2.6/wagon-http-shared-2.6.pom
Downloaded from central-https: https://repo.maven.apache.org/maven2/org/apache/maven/wagon/wagon-http-shared/2.6/wagon-http-shared-2.6.pom (0 B at 0 B/s)
Downloading from jboss-releases: https://repository.jboss.org/nexus/content/repositories/releases/org/jsoup/jsoup/1.5.2/jsoup-1.5.2.pom
Downloading from central-https: https://repo.maven.apache.org/maven2/org/jsoup/jsoup/1.5.2/jsoup-1.5.2.pom
Downloaded from central-https: https://repo.maven.apache.org/maven2/org/jsoup/jsoup/1.5.2/jsoup-1.5.2.pom (0 B at 0 B/s)
Downloading from jboss-releases: https://repository.jboss.org/nexus/content/repositories/releases/commons-io/commons-io/2.2/commons-io-2.2.pom
Downloading from central-https: https://repo.maven.apache.org/maven2/commons-io/commons-io/2.2/commons-io-2.2.pom
Downloaded from central-https: https://repo.maven.apache.org/maven2/commons-io/commons-io/2.2/commons-io-2.2.pom (0 B at 0 B/s)
Downloading from jboss-releases: https://repository.jboss.org/nexus/content/repositories/releases/org/apache/commons/commons-parent/24/commons-parent-24.pom
Downloading from central-https: https://repo.maven.apache.org/maven2/org/apache/commons/commons-parent/24/commons-parent-24.pom
Downloaded from central-https: https://repo.maven.apache.org/maven2/org/apache/commons/commons-parent/24/commons-parent-24.pom (0 B at 0 B/s)
Downloading from jboss-releases: https://repository.jboss.org/nexus/content/repositories/releases/org/jboss/shrinkwrap/resolver/shrinkwrap-resolver-impl-maven-archive/2.2.2/shrinkwrap-resolver-impl-maven-archive-2.2.2.pom
Downloaded from jboss-releases: https://repository.jboss.org/nexus/content/repositories/releases/org/jboss/shrinkwrap/resolver/shrinkwrap-resolver-impl-maven-archive/2.2.2/shrinkwrap-resolver-impl-maven-archive-2.2.2.pom (0 B at 0 B/s)
Downloading from jboss-releases: https://repository.jboss.org/nexus/content/repositories/releases/org/jboss/shrinkwrap/shrinkwrap-impl-base/1.2.3/shrinkwrap-impl-base-1.2.3.pom
Downloaded from jboss-releases: https://repository.jboss.org/nexus/content/repositories/releases/org/jboss/shrinkwrap/shrinkwrap-impl-base/1.2.3/shrinkwrap-impl-base-1.2.3.pom (0 B at 0 B/s)
Downloading from jboss-releases: https://repository.jboss.org/nexus/content/repositories/releases/org/jboss/shrinkwrap/shrinkwrap-spi/1.2.3/shrinkwrap-spi-1.2.3.pom
Downloaded from jboss-releases: https://repository.jboss.org/nexus/content/repositories/releases/org/jboss/shrinkwrap/shrinkwrap-spi/1.2.3/shrinkwrap-spi-1.2.3.pom (0 B at 0 B/s)
Downloading from jboss-releases: https://repository.jboss.org/nexus/content/repositories/releases/org/jboss/shrinkwrap/resolver/shrinkwrap-resolver-spi-maven-archive/2.2.2/shrinkwrap-resolver-spi-maven-archive-2.2.2.pom
Downloaded from jboss-releases: https://repository.jboss.org/nexus/content/repositories/releases/org/jboss/shrinkwrap/resolver/shrinkwrap-resolver-spi-maven-archive/2.2.2/shrinkwrap-resolver-spi-maven-archive-2.2.2.pom (0 B at 0 B/s)
Downloading from jboss-releases: https://repository.jboss.org/nexus/content/repositories/releases/org/eclipse/sisu/org.eclipse.sisu.plexus/0.3.0.M1/org.eclipse.sisu.plexus-0.3.0.M1.pom
Downloading from central-https: https://repo.maven.apache.org/maven2/org/eclipse/sisu/org.eclipse.sisu.plexus/0.3.0.M1/org.eclipse.sisu.plexus-0.3.0.M1.pom
Downloaded from central-https: https://repo.maven.apache.org/maven2/org/eclipse/sisu/org.eclipse.sisu.plexus/0.3.0.M1/org.eclipse.sisu.plexus-0.3.0.M1.pom (0 B at 0 B/s)
Downloading from jboss-releases: https://repository.jboss.org/nexus/content/repositories/releases/org/eclipse/sisu/sisu-plexus/0.3.0.M1/sisu-plexus-0.3.0.M1.pom
Downloading from central-https: https://repo.maven.apache.org/maven2/org/eclipse/sisu/sisu-plexus/0.3.0.M1/sisu-plexus-0.3.0.M1.pom
Downloaded from central-https: https://repo.maven.apache.org/maven2/org/eclipse/sisu/sisu-plexus/0.3.0.M1/sisu-plexus-0.3.0.M1.pom (0 B at 0 B/s)
Downloading from jboss-releases: https://repository.jboss.org/nexus/content/repositories/releases/javax/enterprise/cdi-api/1.1/cdi-api-1.1.pom
Downloaded from jboss-releases: https://repository.jboss.org/nexus/content/repositories/releases/javax/enterprise/cdi-api/1.1/cdi-api-1.1.pom (0 B at 0 B/s)
Downloading from jboss-releases: https://repository.jboss.org/nexus/content/repositories/releases/org/jboss/weld/weld-parent/21/weld-parent-21.pom
Downloaded from jboss-releases: https://repository.jboss.org/nexus/content/repositories/releases/org/jboss/weld/weld-parent/21/weld-parent-21.pom (0 B at 0 B/s)
Downloading from jboss-releases: https://repository.jboss.org/nexus/content/repositories/releases/org/jboss/spec/javax/interceptor/jboss-interceptors-api_1.1_spec/1.0.0.Beta1/jboss-interceptors-api_1.1_spec-1.0.0.Beta1.pom
Downloaded from jboss-releases: https://repository.jboss.org/nexus/content/repositories/releases/org/jboss/spec/javax/interceptor/jboss-interceptors-api_1.1_spec/1.0.0.Beta1/jboss-interceptors-api_1.1_spec-1.0.0.Beta1.pom (0 B at 0 B/s)
Downloading from jboss-releases: https://repository.jboss.org/nexus/content/repositories/releases/org/jboss/spec/jboss-specs-parent/1.0.0.Beta1/jboss-specs-parent-1.0.0.Beta1.pom
Downloaded from jboss-releases: https://repository.jboss.org/nexus/content/repositories/releases/org/jboss/spec/jboss-specs-parent/1.0.0.Beta1/jboss-specs-parent-1.0.0.Beta1.pom (0 B at 0 B/s)
Downloading from jboss-releases: https://repository.jboss.org/nexus/content/repositories/releases/org/jboss/jboss-parent/5-beta-5/jboss-parent-5-beta-5.pom
Downloaded from jboss-releases: https://repository.jboss.org/nexus/content/repositories/releases/org/jboss/jboss-parent/5-beta-5/jboss-parent-5-beta-5.pom (0 B at 0 B/s)
Downloading from jboss-releases: https://repository.jboss.org/nexus/content/repositories/releases/javax/annotation/jsr250-api/1.0/jsr250-api-1.0.pom
Downloading from central-https: https://repo.maven.apache.org/maven2/javax/annotation/jsr250-api/1.0/jsr250-api-1.0.pom
Downloaded from central-https: https://repo.maven.apache.org/maven2/javax/annotation/jsr250-api/1.0/jsr250-api-1.0.pom (0 B at 0 B/s)
Downloading from jboss-releases: https://repository.jboss.org/nexus/content/repositories/releases/org/eclipse/sisu/org.eclipse.sisu.inject/0.3.0.M1/org.eclipse.sisu.inject-0.3.0.M1.pom
Downloading from central-https: https://repo.maven.apache.org/maven2/org/eclipse/sisu/org.eclipse.sisu.inject/0.3.0.M1/org.eclipse.sisu.inject-0.3.0.M1.pom
Downloaded from central-https: https://repo.maven.apache.org/maven2/org/eclipse/sisu/org.eclipse.sisu.inject/0.3.0.M1/org.eclipse.sisu.inject-0.3.0.M1.pom (0 B at 0 B/s)
Downloading from jboss-releases: https://repository.jboss.org/nexus/content/repositories/releases/org/eclipse/sisu/sisu-inject/0.3.0.M1/sisu-inject-0.3.0.M1.pom
Downloading from central-https: https://repo.maven.apache.org/maven2/org/eclipse/sisu/sisu-inject/0.3.0.M1/sisu-inject-0.3.0.M1.pom
Downloaded from central-https: https://repo.maven.apache.org/maven2/org/eclipse/sisu/sisu-inject/0.3.0.M1/sisu-inject-0.3.0.M1.pom (0 B at 0 B/s)
Downloading from jboss-releases: https://repository.jboss.org/nexus/content/repositories/releases/org/codehaus/plexus/plexus-compiler-javac/2.3/plexus-compiler-javac-2.3.pom
Downloading from central-https: https://repo.maven.apache.org/maven2/org/codehaus/plexus/plexus-compiler-javac/2.3/plexus-compiler-javac-2.3.pom
Downloaded from central-https: https://repo.maven.apache.org/maven2/org/codehaus/plexus/plexus-compiler-javac/2.3/plexus-compiler-javac-2.3.pom (0 B at 0 B/s)
Downloading from jboss-releases: https://repository.jboss.org/nexus/content/repositories/releases/org/codehaus/plexus/plexus-compilers/2.3/plexus-compilers-2.3.pom
Downloading from central-https: https://repo.maven.apache.org/maven2/org/codehaus/plexus/plexus-compilers/2.3/plexus-compilers-2.3.pom
Downloaded from central-https: https://repo.maven.apache.org/maven2/org/codehaus/plexus/plexus-compilers/2.3/plexus-compilers-2.3.pom (0 B at 0 B/s)
Downloading from jboss-releases: https://repository.jboss.org/nexus/content/repositories/releases/org/codehaus/plexus/plexus-compiler/2.3/plexus-compiler-2.3.pom
Downloading from central-https: https://repo.maven.apache.org/maven2/org/codehaus/plexus/plexus-compiler/2.3/plexus-compiler-2.3.pom
Downloaded from central-https: https://repo.maven.apache.org/maven2/org/codehaus/plexus/plexus-compiler/2.3/plexus-compiler-2.3.pom (0 B at 0 B/s)
Downloading from jboss-releases: https://repository.jboss.org/nexus/content/repositories/releases/org/codehaus/plexus/plexus-compiler-api/2.3/plexus-compiler-api-2.3.pom
Downloading from central-https: https://repo.maven.apache.org/maven2/org/codehaus/plexus/plexus-compiler-api/2.3/plexus-compiler-api-2.3.pom
Downloaded from central-https: https://repo.maven.apache.org/maven2/org/codehaus/plexus/plexus-compiler-api/2.3/plexus-compiler-api-2.3.pom (0 B at 0 B/s)
Downloading from jboss-releases: https://repository.jboss.org/nexus/content/repositories/releases/org/jboss/shrinkwrap/descriptors/shrinkwrap-descriptors-depchain/2.0.0-alpha-9/shrinkwrap-descriptors-depchain-2.0.0-alpha-9.pom
Downloaded from jboss-releases: https://repository.jboss.org/nexus/content/repositories/releases/org/jboss/shrinkwrap/descriptors/shrinkwrap-descriptors-depchain/2.0.0-alpha-9/shrinkwrap-descriptors-depchain-2.0.0-alpha-9.pom (0 B at 0 B/s)
Downloading from jboss-releases: https://repository.jboss.org/nexus/content/repositories/releases/org/jboss/shrinkwrap/descriptors/shrinkwrap-descriptors-api-javaee/2.0.0-alpha-9/shrinkwrap-descriptors-api-javaee-2.0.0-alpha-9.pom
Downloaded from jboss-releases: https://repository.jboss.org/nexus/content/repositories/releases/org/jboss/shrinkwrap/descriptors/shrinkwrap-descriptors-api-javaee/2.0.0-alpha-9/shrinkwrap-descriptors-api-javaee-2.0.0-alpha-9.pom (0 B at 0 B/s)
Downloading from jboss-releases: https://repository.jboss.org/nexus/content/repositories/releases/org/jboss/shrinkwrap/descriptors/shrinkwrap-descriptors-api-jboss/2.0.0-alpha-9/shrinkwrap-descriptors-api-jboss-2.0.0-alpha-9.pom
Downloaded from jboss-releases: https://repository.jboss.org/nexus/content/repositories/releases/org/jboss/shrinkwrap/descriptors/shrinkwrap-descriptors-api-jboss/2.0.0-alpha-9/shrinkwrap-descriptors-api-jboss-2.0.0-alpha-9.pom (0 B at 0 B/s)
Downloading from jboss-releases: https://repository.jboss.org/nexus/content/repositories/releases/org/jboss/shrinkwrap/descriptors/shrinkwrap-descriptors-impl-base/2.0.0-alpha-9/shrinkwrap-descriptors-impl-base-2.0.0-alpha-9.pom
Downloaded from jboss-releases: https://repository.jboss.org/nexus/content/repositories/releases/org/jboss/shrinkwrap/descriptors/shrinkwrap-descriptors-impl-base/2.0.0-alpha-9/shrinkwrap-descriptors-impl-base-2.0.0-alpha-9.pom (0 B at 0 B/s)
Downloading from jboss-releases: https://repository.jboss.org/nexus/content/repositories/releases/org/jboss/shrinkwrap/descriptors/shrinkwrap-descriptors-impl-javaee/2.0.0-alpha-9/shrinkwrap-descriptors-impl-javaee-2.0.0-alpha-9.pom
Downloaded from jboss-releases: https://repository.jboss.org/nexus/content/repositories/releases/org/jboss/shrinkwrap/descriptors/shrinkwrap-descriptors-impl-javaee/2.0.0-alpha-9/shrinkwrap-descriptors-impl-javaee-2.0.0-alpha-9.pom (0 B at 0 B/s)
Downloading from jboss-releases: https://repository.jboss.org/nexus/content/repositories/releases/org/jboss/shrinkwrap/descriptors/shrinkwrap-descriptors-impl-jboss/2.0.0-alpha-9/shrinkwrap-descriptors-impl-jboss-2.0.0-alpha-9.pom
Downloaded from jboss-releases: https://repository.jboss.org/nexus/content/repositories/releases/org/jboss/shrinkwrap/descriptors/shrinkwrap-descriptors-impl-jboss/2.0.0-alpha-9/shrinkwrap-descriptors-impl-jboss-2.0.0-alpha-9.pom (0 B at 0 B/s)
Downloading from jboss-releases: https://repository.jboss.org/nexus/content/repositories/releases/org/jboss/spec/javax/faces/jboss-jsf-api_2.1_spec/2.0.9.Final/jboss-jsf-api_2.1_spec-2.0.9.Final.jar
Downloading from jboss-releases: https://repository.jboss.org/nexus/content/repositories/releases/org/sonatype/sisu/sisu-guice/3.1.0/sisu-guice-3.1.0.jar
Downloading from jboss-releases: https://repository.jboss.org/nexus/content/repositories/releases/org/sonatype/sisu/sisu-guava/0.9.9/sisu-guava-0.9.9.jar
Downloading from jboss-releases: https://repository.jboss.org/nexus/content/repositories/releases/junit/junit/4.12/junit-4.12.jar
Downloading from jboss-releases: https://repository.jboss.org/nexus/content/repositories/releases/org/hamcrest/hamcrest-core/1.3/hamcrest-core-1.3.jar
Downloading from jboss-releases: https://repository.jboss.org/nexus/content/repositories/releases/org/freemarker/freemarker/2.3.9/freemarker-2.3.9.jar
Downloading from jboss-releases: https://repository.jboss.org/nexus/content/repositories/releases/javax/xml/bind/jaxb-api/2.2/jaxb-api-2.2.jar
Downloading from jboss-releases: https://repository.jboss.org/nexus/content/repositories/releases/javax/xml/stream/stax-api/1.0-2/stax-api-1.0-2.jar
Downloading from jboss-releases: https://repository.jboss.org/nexus/content/repositories/releases/javax/activation/activation/1.1/activation-1.1.jar
Downloading from jboss-releases: https://repository.jboss.org/nexus/content/repositories/releases/com/sun/xml/bind/jaxb-impl/2.2/jaxb-impl-2.2.jar
Downloading from jboss-releases: https://repository.jboss.org/nexus/content/repositories/releases/javax/el/el-api/1.0/el-api-1.0.jar
Downloaded from jboss-releases: https://repository.jboss.org/nexus/content/repositories/releases/org/jboss/spec/javax/faces/jboss-jsf-api_2.1_spec/2.0.9.Final/jboss-jsf-api_2.1_spec-2.0.9.Final.jar (0 B at 0 B/s)
Downloading from jboss-releases: https://repository.jboss.org/nexus/content/repositories/releases/xerces/xercesImpl/2.9.1/xercesImpl-2.9.1.jar
Downloading from jboss-releases: https://repository.jboss.org/nexus/content/repositories/releases/com/google/guava/guava/19.0/guava-19.0.jar
Downloading from jboss-releases: https://repository.jboss.org/nexus/content/repositories/releases/xml-apis/xml-apis/1.4.01/xml-apis-1.4.01.jar
Downloading from jboss-releases: https://repository.jboss.org/nexus/content/repositories/releases/com/sun/xsom/xsom/20081112/xsom-20081112.jar
Downloading from jboss-releases: https://repository.jboss.org/nexus/content/repositories/releases/relaxngDatatype/relaxngDatatype/20020414/relaxngDatatype-20020414.jar
Downloading from jboss-releases: https://repository.jboss.org/nexus/content/repositories/releases/dom4j/dom4j/1.6.1/dom4j-1.6.1.jar
Downloading from jboss-releases: https://repository.jboss.org/nexus/content/repositories/releases/com/google/inject/guice/3.0/guice-3.0.jar
Downloading from jboss-releases: https://repository.jboss.org/nexus/content/repositories/releases/javax/inject/javax.inject/1/javax.inject-1.jar
Downloading from jboss-releases: https://repository.jboss.org/nexus/content/repositories/releases/aopalliance/aopalliance/1.0/aopalliance-1.0.jar
Downloading from jboss-releases: https://repository.jboss.org/nexus/content/repositories/releases/com/google/inject/extensions/guice-assistedinject/3.0/guice-assistedinject-3.0.jar
Downloading from jboss-releases: https://repository.jboss.org/nexus/content/repositories/releases/com/google/inject/extensions/guice-multibindings/3.0/guice-multibindings-3.0.jar
Downloading from jboss-releases: https://repository.jboss.org/nexus/content/repositories/releases/org/easymock/easymock/2.5.2/easymock-2.5.2.jar
Downloading from jboss-releases: https://repository.jboss.org/nexus/content/repositories/releases/org/jboss/arquillian/graphene/graphene-webdriver-api/2.1.0.CR1/graphene-webdriver-api-2.1.0.CR1.jar
Downloading from jboss-releases: https://repository.jboss.org/nexus/content/repositories/releases/xmlunit/xmlunit/1.6/xmlunit-1.6.jar
Downloading from jboss-releases: https://repository.jboss.org/nexus/content/repositories/releases/org/jboss/arquillian/graphene/graphene-webdriver-spi/2.1.0.CR1/graphene-webdriver-spi-2.1.0.CR1.jar
Downloading from jboss-releases: https://repository.jboss.org/nexus/content/repositories/releases/org/jboss/arquillian/core/arquillian-core-spi/1.1.11.Final/arquillian-core-spi-1.1.11.Final.jar
Downloading from jboss-releases: https://repository.jboss.org/nexus/content/repositories/releases/org/jboss/arquillian/core/arquillian-core-api/1.1.11.Final/arquillian-core-api-1.1.11.Final.jar
Downloading from jboss-releases: https://repository.jboss.org/nexus/content/repositories/releases/org/jboss/arquillian/test/arquillian-test-spi/1.1.11.Final/arquillian-test-spi-1.1.11.Final.jar
Downloaded from jboss-releases: https://repository.jboss.org/nexus/content/repositories/releases/org/jboss/arquillian/core/arquillian-core-api/1.1.11.Final/arquillian-core-api-1.1.11.Final.jar (0 B at 0 B/s)
Downloading from jboss-releases: https://repository.jboss.org/nexus/content/repositories/releases/org/jboss/arquillian/test/arquillian-test-api/1.1.11.Final/arquillian-test-api-1.1.11.Final.jar
Downloaded from jboss-releases: https://repository.jboss.org/nexus/content/repositories/releases/org/jboss/arquillian/graphene/graphene-webdriver-api/2.1.0.CR1/graphene-webdriver-api-2.1.0.CR1.jar (0 B at 0 B/s)
Downloading from jboss-releases: https://repository.jboss.org/nexus/content/repositories/releases/org/jboss/arquillian/graphene/graphene-webdriver-impl/2.1.0.CR1/graphene-webdriver-impl-2.1.0.CR1.jar
Downloaded from jboss-releases: https://repository.jboss.org/nexus/content/repositories/releases/org/jboss/arquillian/core/arquillian-core-spi/1.1.11.Final/arquillian-core-spi-1.1.11.Final.jar (0 B at 0 B/s)
Downloading from jboss-releases: https://repository.jboss.org/nexus/content/repositories/releases/org/jboss/arquillian/extension/arquillian-drone-impl/2.0.0.Final/arquillian-drone-impl-2.0.0.Final.jar
Downloaded from jboss-releases: https://repository.jboss.org/nexus/content/repositories/releases/org/jboss/arquillian/test/arquillian-test-spi/1.1.11.Final/arquillian-test-spi-1.1.11.Final.jar (0 B at 0 B/s)
Downloading from jboss-releases: https://repository.jboss.org/nexus/content/repositories/releases/org/jboss/arquillian/container/arquillian-container-test-api/1.1.11.Final/arquillian-container-test-api-1.1.11.Final.jar
Downloaded from jboss-releases: https://repository.jboss.org/nexus/content/repositories/releases/org/jboss/arquillian/test/arquillian-test-api/1.1.11.Final/arquillian-test-api-1.1.11.Final.jar (0 B at 0 B/s)
Downloading from jboss-releases: https://repository.jboss.org/nexus/content/repositories/releases/org/jboss/arquillian/extension/arquillian-drone-configuration/2.0.0.Final/arquillian-drone-configuration-2.0.0.Final.jar
Downloaded from jboss-releases: https://repository.jboss.org/nexus/content/repositories/releases/org/jboss/arquillian/graphene/graphene-webdriver-spi/2.1.0.CR1/graphene-webdriver-spi-2.1.0.CR1.jar (0 B at 0 B/s)
Downloading from jboss-releases: https://repository.jboss.org/nexus/content/repositories/releases/cglib/cglib/2.2.2/cglib-2.2.2.jar
Downloaded from jboss-releases: https://repository.jboss.org/nexus/content/repositories/releases/org/jboss/arquillian/extension/arquillian-drone-impl/2.0.0.Final/arquillian-drone-impl-2.0.0.Final.jar (0 B at 0 B/s)
Downloaded from jboss-releases: https://repository.jboss.org/nexus/content/repositories/releases/org/jboss/arquillian/container/arquillian-container-test-api/1.1.11.Final/arquillian-container-test-api-1.1.11.Final.jar (0 B at 0 B/s)
Downloading from jboss-releases: https://repository.jboss.org/nexus/content/repositories/releases/asm/asm/3.3.1/asm-3.3.1.jar
Downloading from jboss-releases: https://repository.jboss.org/nexus/content/repositories/releases/org/objenesis/objenesis/1.2/objenesis-1.2.jar
Downloaded from jboss-releases: https://repository.jboss.org/nexus/content/repositories/releases/org/jboss/arquillian/extension/arquillian-drone-configuration/2.0.0.Final/arquillian-drone-configuration-2.0.0.Final.jar (0 B at 0 B/s)
Downloading from jboss-releases: https://repository.jboss.org/nexus/content/repositories/releases/org/jboss/arquillian/config/arquillian-config-api/1.1.11.Final/arquillian-config-api-1.1.11.Final.jar
Downloading from jboss-releases: https://repository.jboss.org/nexus/content/repositories/releases/org/jboss/arquillian/container/arquillian-container-spi/1.1.11.Final/arquillian-container-spi-1.1.11.Final.jar
Downloading from jboss-releases: https://repository.jboss.org/nexus/content/repositories/releases/org/jboss/arquillian/config/arquillian-config-impl-base/1.1.11.Final/arquillian-config-impl-base-1.1.11.Final.jar
Downloading from jboss-releases: https://repository.jboss.org/nexus/content/repositories/releases/org/jboss/arquillian/container/arquillian-container-test-spi/1.1.11.Final/arquillian-container-test-spi-1.1.11.Final.jar
Downloaded from jboss-releases: https://repository.jboss.org/nexus/content/repositories/releases/org/jboss/arquillian/graphene/graphene-webdriver-impl/2.1.0.CR1/graphene-webdriver-impl-2.1.0.CR1.jar (0 B at 0 B/s)
Downloaded from jboss-releases: https://repository.jboss.org/nexus/content/repositories/releases/org/jboss/arquillian/config/arquillian-config-api/1.1.11.Final/arquillian-config-api-1.1.11.Final.jar (0 B at 0 B/s)
Downloading from jboss-releases: https://repository.jboss.org/nexus/content/repositories/releases/org/jboss/arquillian/extension/arquillian-drone-api/2.0.0.Final/arquillian-drone-api-2.0.0.Final.jar
Downloading from jboss-releases: https://repository.jboss.org/nexus/content/repositories/releases/org/jboss/arquillian/extension/arquillian-drone-spi/2.0.0.Final/arquillian-drone-spi-2.0.0.Final.jar
Downloaded from jboss-releases: https://repository.jboss.org/nexus/content/repositories/releases/org/jboss/arquillian/container/arquillian-container-test-spi/1.1.11.Final/arquillian-container-test-spi-1.1.11.Final.jar (0 B at 0 B/s)
Downloading from jboss-releases: https://repository.jboss.org/nexus/content/repositories/releases/org/jboss/arquillian/extension/arquillian-drone-webdriver/2.0.0.Final/arquillian-drone-webdriver-2.0.0.Final.jar
Downloaded from jboss-releases: https://repository.jboss.org/nexus/content/repositories/releases/org/jboss/arquillian/config/arquillian-config-impl-base/1.1.11.Final/arquillian-config-impl-base-1.1.11.Final.jar (0 B at 0 B/s)
Downloading from jboss-releases: https://repository.jboss.org/nexus/content/repositories/releases/org/seleniumhq/selenium/selenium-api/2.53.0/selenium-api-2.53.0.jar
Downloaded from jboss-releases: https://repository.jboss.org/nexus/content/repositories/releases/org/jboss/arquillian/container/arquillian-container-spi/1.1.11.Final/arquillian-container-spi-1.1.11.Final.jar (0 B at 0 B/s)
Downloading from jboss-releases: https://repository.jboss.org/nexus/content/repositories/releases/com/google/code/gson/gson/2.3.1/gson-2.3.1.jar
Downloaded from jboss-releases: https://repository.jboss.org/nexus/content/repositories/releases/org/jboss/arquillian/extension/arquillian-drone-webdriver/2.0.0.Final/arquillian-drone-webdriver-2.0.0.Final.jar (0 B at 0 B/s)
Downloading from jboss-releases: https://repository.jboss.org/nexus/content/repositories/releases/org/seleniumhq/selenium/selenium-support/2.53.0/selenium-support-2.53.0.jar
Downloaded from jboss-releases: https://repository.jboss.org/nexus/content/repositories/releases/org/jboss/arquillian/extension/arquillian-drone-api/2.0.0.Final/arquillian-drone-api-2.0.0.Final.jar (0 B at 0 B/s)
Downloading from jboss-releases: https://repository.jboss.org/nexus/content/repositories/releases/org/seleniumhq/selenium/selenium-chrome-driver/2.53.0/selenium-chrome-driver-2.53.0.jar
Downloaded from jboss-releases: https://repository.jboss.org/nexus/content/repositories/releases/org/jboss/arquillian/extension/arquillian-drone-spi/2.0.0.Final/arquillian-drone-spi-2.0.0.Final.jar (0 B at 0 B/s)
Downloading from jboss-releases: https://repository.jboss.org/nexus/content/repositories/releases/org/seleniumhq/selenium/selenium-firefox-driver/2.53.0/selenium-firefox-driver-2.53.0.jar
Downloading from jboss-releases: https://repository.jboss.org/nexus/content/repositories/releases/org/apache/commons/commons-exec/1.3/commons-exec-1.3.jar
Downloading from jboss-releases: https://repository.jboss.org/nexus/content/repositories/releases/org/seleniumhq/selenium/selenium-ie-driver/2.53.0/selenium-ie-driver-2.53.0.jar
Downloading from jboss-releases: https://repository.jboss.org/nexus/content/repositories/releases/net/java/dev/jna/jna/4.1.0/jna-4.1.0.jar
Downloading from jboss-releases: https://repository.jboss.org/nexus/content/repositories/releases/net/java/dev/jna/jna-platform/4.1.0/jna-platform-4.1.0.jar
Downloading from jboss-releases: https://repository.jboss.org/nexus/content/repositories/releases/org/seleniumhq/selenium/selenium-remote-driver/2.53.0/selenium-remote-driver-2.53.0.jar
Downloading from jboss-releases: https://repository.jboss.org/nexus/content/repositories/releases/cglib/cglib-nodep/2.1_3/cglib-nodep-2.1_3.jar
Downloading from jboss-releases: https://repository.jboss.org/nexus/content/repositories/releases/org/apache/httpcomponents/httpclient/4.3.3/httpclient-4.3.3.jar
Downloading from jboss-releases: https://repository.jboss.org/nexus/content/repositories/releases/org/apache/httpcomponents/httpcore/4.3.2/httpcore-4.3.2.jar
Downloading from jboss-releases: https://repository.jboss.org/nexus/content/repositories/releases/commons-logging/commons-logging/1.1.3/commons-logging-1.1.3.jar
Downloading from jboss-releases: https://repository.jboss.org/nexus/content/repositories/releases/org/seleniumhq/selenium/htmlunit-driver/2.20/htmlunit-driver-2.20.jar
Downloading from jboss-releases: https://repository.jboss.org/nexus/content/repositories/releases/net/sourceforge/htmlunit/htmlunit/2.15/htmlunit-2.15.jar
Downloading from jboss-releases: https://repository.jboss.org/nexus/content/repositories/releases/org/apache/commons/commons-lang3/3.3.2/commons-lang3-3.3.2.jar
Downloading from jboss-releases: https://repository.jboss.org/nexus/content/repositories/releases/xalan/serializer/2.7.1/serializer-2.7.1.jar
Downloading from jboss-releases: https://repository.jboss.org/nexus/content/repositories/releases/xalan/xalan/2.7.1/xalan-2.7.1.jar
Downloading from jboss-releases: https://repository.jboss.org/nexus/content/repositories/releases/org/apache/httpcomponents/httpmime/4.3.3/httpmime-4.3.3.jar
Downloading from jboss-releases: https://repository.jboss.org/nexus/content/repositories/releases/net/sourceforge/htmlunit/htmlunit-core-js/2.15/htmlunit-core-js-2.15.jar
Downloading from jboss-releases: https://repository.jboss.org/nexus/content/repositories/releases/net/sourceforge/nekohtml/nekohtml/1.9.21/nekohtml-1.9.21.jar
Downloading from jboss-releases: https://repository.jboss.org/nexus/content/repositories/releases/net/sourceforge/cssparser/cssparser/0.9.18/cssparser-0.9.18.jar
Downloading from jboss-releases: https://repository.jboss.org/nexus/content/repositories/releases/org/eclipse/jetty/jetty-websocket/8.1.15.v20140411/jetty-websocket-8.1.15.v20140411.jar
Downloading from jboss-releases: https://repository.jboss.org/nexus/content/repositories/releases/org/eclipse/jetty/jetty-util/8.1.15.v20140411/jetty-util-8.1.15.v20140411.jar
Downloading from jboss-releases: https://repository.jboss.org/nexus/content/repositories/releases/org/w3c/css/sac/1.3/sac-1.3.jar
Downloading from jboss-releases: https://repository.jboss.org/nexus/content/repositories/releases/org/eclipse/jetty/jetty-io/8.1.15.v20140411/jetty-io-8.1.15.v20140411.jar
Downloading from jboss-releases: https://repository.jboss.org/nexus/content/repositories/releases/org/eclipse/jetty/jetty-http/8.1.15.v20140411/jetty-http-8.1.15.v20140411.jar
Downloading from jboss-releases: https://repository.jboss.org/nexus/content/repositories/releases/commons-collections/commons-collections/3.2.2/commons-collections-3.2.2.jar
Downloading from jboss-releases: https://repository.jboss.org/nexus/content/repositories/releases/com/opera/operadriver/1.5/operadriver-1.5.jar
Downloading from jboss-releases: https://repository.jboss.org/nexus/content/repositories/releases/com/opera/operalaunchers/1.1/operalaunchers-1.1.jar
Downloading from jboss-releases: https://repository.jboss.org/nexus/content/repositories/releases/com/google/protobuf/protobuf-java/2.4.1/protobuf-java-2.4.1.jar
Downloading from jboss-releases: https://repository.jboss.org/nexus/content/repositories/releases/commons-jxpath/commons-jxpath/1.3/commons-jxpath-1.3.jar
Downloading from jboss-releases: https://repository.jboss.org/nexus/content/repositories/releases/org/ini4j/ini4j/0.5.2/ini4j-0.5.2.jar
Downloading from jboss-releases: https://repository.jboss.org/nexus/content/repositories/releases/org/jboss/arquillian/extension/arquillian-phantom-driver/1.2.1.Final/arquillian-phantom-driver-1.2.1.Final.jar
Downloaded from jboss-releases: https://repository.jboss.org/nexus/content/repositories/releases/org/jboss/arquillian/extension/arquillian-phantom-driver/1.2.1.Final/arquillian-phantom-driver-1.2.1.Final.jar (0 B at 0 B/s)
Downloading from jboss-releases: https://repository.jboss.org/nexus/content/repositories/releases/com/codeborne/phantomjsdriver/1.2.1/phantomjsdriver-1.2.1.jar
Downloading from jboss-releases: https://repository.jboss.org/nexus/content/repositories/releases/org/seleniumhq/selenium/selenium-java/2.53.0/selenium-java-2.53.0.jar
Downloading from jboss-releases: https://repository.jboss.org/nexus/content/repositories/releases/org/seleniumhq/selenium/selenium-edge-driver/2.53.0/selenium-edge-driver-2.53.0.jar
Downloading from jboss-releases: https://repository.jboss.org/nexus/content/repositories/releases/org/seleniumhq/selenium/selenium-safari-driver/2.53.0/selenium-safari-driver-2.53.0.jar
Downloading from jboss-releases: https://repository.jboss.org/nexus/content/repositories/releases/io/netty/netty/3.5.7.Final/netty-3.5.7.Final.jar
Downloading from jboss-releases: https://repository.jboss.org/nexus/content/repositories/releases/org/seleniumhq/selenium/selenium-leg-rc/2.53.0/selenium-leg-rc-2.53.0.jar
Downloading from jboss-releases: https://repository.jboss.org/nexus/content/repositories/releases/org/jboss/shrinkwrap/resolver/shrinkwrap-resolver-api/2.2.2/shrinkwrap-resolver-api-2.2.2.jar
Downloading from jboss-releases: https://repository.jboss.org/nexus/content/repositories/releases/org/jboss/shrinkwrap/resolver/shrinkwrap-resolver-spi/2.2.2/shrinkwrap-resolver-spi-2.2.2.jar
Downloading from jboss-releases: https://repository.jboss.org/nexus/content/repositories/releases/org/jboss/shrinkwrap/resolver/shrinkwrap-resolver-api-maven/2.2.2/shrinkwrap-resolver-api-maven-2.2.2.jar
Downloaded from jboss-releases: https://repository.jboss.org/nexus/content/repositories/releases/org/jboss/shrinkwrap/resolver/shrinkwrap-resolver-api/2.2.2/shrinkwrap-resolver-api-2.2.2.jar (0 B at 0 B/s)
Downloading from jboss-releases: https://repository.jboss.org/nexus/content/repositories/releases/org/jboss/shrinkwrap/resolver/shrinkwrap-resolver-spi-maven/2.2.2/shrinkwrap-resolver-spi-maven-2.2.2.jar
Downloading from jboss-releases: https://repository.jboss.org/nexus/content/repositories/releases/org/jboss/shrinkwrap/resolver/shrinkwrap-resolver-api-maven-archive/2.2.2/shrinkwrap-resolver-api-maven-archive-2.2.2.jar
Downloaded from jboss-releases: https://repository.jboss.org/nexus/content/repositories/releases/org/jboss/shrinkwrap/resolver/shrinkwrap-resolver-spi-maven/2.2.2/shrinkwrap-resolver-spi-maven-2.2.2.jar (0 B at 0 B/s)
Downloading from jboss-releases: https://repository.jboss.org/nexus/content/repositories/releases/org/jboss/shrinkwrap/shrinkwrap-api/1.2.3/shrinkwrap-api-1.2.3.jar
Downloading from jboss-releases: https://repository.jboss.org/nexus/content/repositories/releases/org/jboss/shrinkwrap/resolver/shrinkwrap-resolver-impl-maven/2.2.2/shrinkwrap-resolver-impl-maven-2.2.2.jar
Downloaded from jboss-releases: https://repository.jboss.org/nexus/content/repositories/releases/org/jboss/shrinkwrap/resolver/shrinkwrap-resolver-spi/2.2.2/shrinkwrap-resolver-spi-2.2.2.jar (0 B at 0 B/s)
Downloading from jboss-releases: https://repository.jboss.org/nexus/content/repositories/releases/org/eclipse/aether/aether-api/1.0.0.v20140518/aether-api-1.0.0.v20140518.jar
Downloaded from jboss-releases: https://repository.jboss.org/nexus/content/repositories/releases/org/jboss/shrinkwrap/resolver/shrinkwrap-resolver-impl-maven/2.2.2/shrinkwrap-resolver-impl-maven-2.2.2.jar (0 B at 0 B/s)
Downloading from jboss-releases: https://repository.jboss.org/nexus/content/repositories/releases/org/eclipse/aether/aether-impl/1.0.0.v20140518/aether-impl-1.0.0.v20140518.jar
Downloaded from jboss-releases: https://repository.jboss.org/nexus/content/repositories/releases/org/jboss/shrinkwrap/resolver/shrinkwrap-resolver-api-maven/2.2.2/shrinkwrap-resolver-api-maven-2.2.2.jar (0 B at 0 B/s)
Downloading from jboss-releases: https://repository.jboss.org/nexus/content/repositories/releases/org/eclipse/aether/aether-spi/1.0.0.v20140518/aether-spi-1.0.0.v20140518.jar
Downloaded from jboss-releases: https://repository.jboss.org/nexus/content/repositories/releases/org/jboss/shrinkwrap/shrinkwrap-api/1.2.3/shrinkwrap-api-1.2.3.jar (0 B at 0 B/s)
Downloading from jboss-releases: https://repository.jboss.org/nexus/content/repositories/releases/org/eclipse/aether/aether-util/1.0.0.v20140518/aether-util-1.0.0.v20140518.jar
Downloaded from jboss-releases: https://repository.jboss.org/nexus/content/repositories/releases/org/jboss/shrinkwrap/resolver/shrinkwrap-resolver-api-maven-archive/2.2.2/shrinkwrap-resolver-api-maven-archive-2.2.2.jar (0 B at 0 B/s)
Downloading from jboss-releases: https://repository.jboss.org/nexus/content/repositories/releases/org/eclipse/aether/aether-transport-wagon/1.0.0.v20140518/aether-transport-wagon-1.0.0.v20140518.jar
Downloading from jboss-releases: https://repository.jboss.org/nexus/content/repositories/releases/org/apache/maven/maven-aether-provider/3.2.5/maven-aether-provider-3.2.5.jar
Downloading from jboss-releases: https://repository.jboss.org/nexus/content/repositories/releases/org/eclipse/aether/aether-connector-basic/1.0.0.v20140518/aether-connector-basic-1.0.0.v20140518.jar
Downloading from jboss-releases: https://repository.jboss.org/nexus/content/repositories/releases/org/apache/maven/maven-model/3.2.5/maven-model-3.2.5.jar
Downloading from jboss-releases: https://repository.jboss.org/nexus/content/repositories/releases/org/apache/maven/maven-model-builder/3.2.5/maven-model-builder-3.2.5.jar
Downloading from jboss-releases: https://repository.jboss.org/nexus/content/repositories/releases/org/apache/maven/maven-repository-metadata/3.2.5/maven-repository-metadata-3.2.5.jar
Downloading from jboss-releases: https://repository.jboss.org/nexus/content/repositories/releases/org/apache/maven/maven-settings/3.2.5/maven-settings-3.2.5.jar
Downloading from jboss-releases: https://repository.jboss.org/nexus/content/repositories/releases/org/apache/maven/maven-settings-builder/3.2.5/maven-settings-builder-3.2.5.jar
Downloading from jboss-releases: https://repository.jboss.org/nexus/content/repositories/releases/org/codehaus/plexus/plexus-interpolation/1.21/plexus-interpolation-1.21.jar
Downloading from jboss-releases: https://repository.jboss.org/nexus/content/repositories/releases/org/codehaus/plexus/plexus-utils/3.0.20/plexus-utils-3.0.20.jar
Downloading from jboss-releases: https://repository.jboss.org/nexus/content/repositories/releases/org/sonatype/plexus/plexus-sec-dispatcher/1.3/plexus-sec-dispatcher-1.3.jar
Downloading from jboss-releases: https://repository.jboss.org/nexus/content/repositories/releases/org/sonatype/plexus/plexus-cipher/1.4/plexus-cipher-1.4.jar
Downloading from jboss-releases: https://repository.jboss.org/nexus/content/repositories/releases/org/apache/maven/wagon/wagon-provider-api/2.6/wagon-provider-api-2.6.jar
Downloading from jboss-releases: https://repository.jboss.org/nexus/content/repositories/releases/org/apache/maven/wagon/wagon-file/2.6/wagon-file-2.6.jar
Downloading from jboss-releases: https://repository.jboss.org/nexus/content/repositories/releases/commons-lang/commons-lang/2.6/commons-lang-2.6.jar
Downloading from jboss-releases: https://repository.jboss.org/nexus/content/repositories/releases/org/apache/maven/wagon/wagon-http-lightweight/2.6/wagon-http-lightweight-2.6.jar
Downloading from jboss-releases: https://repository.jboss.org/nexus/content/repositories/releases/org/apache/maven/wagon/wagon-http-shared/2.6/wagon-http-shared-2.6.jar
Downloading from jboss-releases: https://repository.jboss.org/nexus/content/repositories/releases/org/jsoup/jsoup/1.5.2/jsoup-1.5.2.jar
Downloading from jboss-releases: https://repository.jboss.org/nexus/content/repositories/releases/org/jboss/shrinkwrap/resolver/shrinkwrap-resolver-impl-maven-archive/2.2.2/shrinkwrap-resolver-impl-maven-archive-2.2.2.jar
Downloading from jboss-releases: https://repository.jboss.org/nexus/content/repositories/releases/org/jboss/shrinkwrap/shrinkwrap-impl-base/1.2.3/shrinkwrap-impl-base-1.2.3.jar
Downloading from jboss-releases: https://repository.jboss.org/nexus/content/repositories/releases/org/jboss/shrinkwrap/shrinkwrap-spi/1.2.3/shrinkwrap-spi-1.2.3.jar
Downloading from jboss-releases: https://repository.jboss.org/nexus/content/repositories/releases/org/jboss/shrinkwrap/resolver/shrinkwrap-resolver-spi-maven-archive/2.2.2/shrinkwrap-resolver-spi-maven-archive-2.2.2.jar
Downloading from jboss-releases: https://repository.jboss.org/nexus/content/repositories/releases/org/eclipse/sisu/org.eclipse.sisu.plexus/0.3.0.M1/org.eclipse.sisu.plexus-0.3.0.M1.jar
Downloaded from jboss-releases: https://repository.jboss.org/nexus/content/repositories/releases/org/jboss/shrinkwrap/resolver/shrinkwrap-resolver-impl-maven-archive/2.2.2/shrinkwrap-resolver-impl-maven-archive-2.2.2.jar (0 B at 0 B/s)
Downloading from jboss-releases: https://repository.jboss.org/nexus/content/repositories/releases/javax/enterprise/cdi-api/1.1/cdi-api-1.1.jar
Downloaded from jboss-releases: https://repository.jboss.org/nexus/content/repositories/releases/org/jboss/shrinkwrap/shrinkwrap-impl-base/1.2.3/shrinkwrap-impl-base-1.2.3.jar (0 B at 0 B/s)
Downloading from jboss-releases: https://repository.jboss.org/nexus/content/repositories/releases/org/jboss/spec/javax/interceptor/jboss-interceptors-api_1.1_spec/1.0.0.Beta1/jboss-interceptors-api_1.1_spec-1.0.0.Beta1.jar
Downloaded from jboss-releases: https://repository.jboss.org/nexus/content/repositories/releases/org/jboss/shrinkwrap/resolver/shrinkwrap-resolver-spi-maven-archive/2.2.2/shrinkwrap-resolver-spi-maven-archive-2.2.2.jar (0 B at 0 B/s)
Downloading from jboss-releases: https://repository.jboss.org/nexus/content/repositories/releases/javax/annotation/jsr250-api/1.0/jsr250-api-1.0.jar
Downloaded from jboss-releases: https://repository.jboss.org/nexus/content/repositories/releases/org/jboss/shrinkwrap/shrinkwrap-spi/1.2.3/shrinkwrap-spi-1.2.3.jar (0 B at 0 B/s)
Downloading from jboss-releases: https://repository.jboss.org/nexus/content/repositories/releases/org/eclipse/sisu/org.eclipse.sisu.inject/0.3.0.M1/org.eclipse.sisu.inject-0.3.0.M1.jar
Downloading from jboss-releases: https://repository.jboss.org/nexus/content/repositories/releases/org/codehaus/plexus/plexus-compiler-javac/2.3/plexus-compiler-javac-2.3.jar
Downloaded from jboss-releases: https://repository.jboss.org/nexus/content/repositories/releases/javax/enterprise/cdi-api/1.1/cdi-api-1.1.jar (0 B at 0 B/s)
Downloading from jboss-releases: https://repository.jboss.org/nexus/content/repositories/releases/org/codehaus/plexus/plexus-compiler-api/2.3/plexus-compiler-api-2.3.jar
Downloaded from jboss-releases: https://repository.jboss.org/nexus/content/repositories/releases/org/jboss/spec/javax/interceptor/jboss-interceptors-api_1.1_spec/1.0.0.Beta1/jboss-interceptors-api_1.1_spec-1.0.0.Beta1.jar (0 B at 0 B/s)
Downloading from jboss-releases: https://repository.jboss.org/nexus/content/repositories/releases/org/jboss/shrinkwrap/descriptors/shrinkwrap-descriptors-api-base/2.0.0-alpha-9/shrinkwrap-descriptors-api-base-2.0.0-alpha-9.jar
Downloading from jboss-releases: https://repository.jboss.org/nexus/content/repositories/releases/org/jboss/shrinkwrap/descriptors/shrinkwrap-descriptors-api-javaee/2.0.0-alpha-9/shrinkwrap-descriptors-api-javaee-2.0.0-alpha-9.jar
Downloading from jboss-releases: https://repository.jboss.org/nexus/content/repositories/releases/org/jboss/shrinkwrap/descriptors/shrinkwrap-descriptors-spi/2.0.0-alpha-9/shrinkwrap-descriptors-spi-2.0.0-alpha-9.jar
Downloading from jboss-releases: https://repository.jboss.org/nexus/content/repositories/releases/org/jboss/shrinkwrap/descriptors/shrinkwrap-descriptors-api-jboss/2.0.0-alpha-9/shrinkwrap-descriptors-api-jboss-2.0.0-alpha-9.jar
Downloaded from jboss-releases: https://repository.jboss.org/nexus/content/repositories/releases/org/jboss/shrinkwrap/descriptors/shrinkwrap-descriptors-api-jboss/2.0.0-alpha-9/shrinkwrap-descriptors-api-jboss-2.0.0-alpha-9.jar (0 B at 0 B/s)
Downloading from jboss-releases: https://repository.jboss.org/nexus/content/repositories/releases/org/jboss/shrinkwrap/descriptors/shrinkwrap-descriptors-impl-base/2.0.0-alpha-9/shrinkwrap-descriptors-impl-base-2.0.0-alpha-9.jar
Downloading from jboss-releases: https://repository.jboss.org/nexus/content/repositories/releases/org/jboss/shrinkwrap/descriptors/shrinkwrap-descriptors-impl-javaee/2.0.0-alpha-9/shrinkwrap-descriptors-impl-javaee-2.0.0-alpha-9.jar
Downloaded from jboss-releases: https://repository.jboss.org/nexus/content/repositories/releases/org/jboss/shrinkwrap/descriptors/shrinkwrap-descriptors-impl-base/2.0.0-alpha-9/shrinkwrap-descriptors-impl-base-2.0.0-alpha-9.jar (0 B at 0 B/s)
Downloaded from jboss-releases: https://repository.jboss.org/nexus/content/repositories/releases/org/jboss/shrinkwrap/descriptors/shrinkwrap-descriptors-api-base/2.0.0-alpha-9/shrinkwrap-descriptors-api-base-2.0.0-alpha-9.jar (0 B at 0 B/s)
Downloaded from jboss-releases: https://repository.jboss.org/nexus/content/repositories/releases/org/jboss/shrinkwrap/descriptors/shrinkwrap-descriptors-spi/2.0.0-alpha-9/shrinkwrap-descriptors-spi-2.0.0-alpha-9.jar (0 B at 0 B/s)
Downloading from jboss-releases: https://repository.jboss.org/nexus/content/repositories/releases/org/jboss/shrinkwrap/descriptors/shrinkwrap-descriptors-impl-jboss/2.0.0-alpha-9/shrinkwrap-descriptors-impl-jboss-2.0.0-alpha-9.jar
Downloaded from jboss-releases: https://repository.jboss.org/nexus/content/repositories/releases/org/jboss/shrinkwrap/descriptors/shrinkwrap-descriptors-api-javaee/2.0.0-alpha-9/shrinkwrap-descriptors-api-javaee-2.0.0-alpha-9.jar (0 B at 0 B/s)
Downloaded from jboss-releases: https://repository.jboss.org/nexus/content/repositories/releases/org/jboss/shrinkwrap/descriptors/shrinkwrap-descriptors-impl-jboss/2.0.0-alpha-9/shrinkwrap-descriptors-impl-jboss-2.0.0-alpha-9.jar (0 B at 0 B/s)
Downloaded from jboss-releases: https://repository.jboss.org/nexus/content/repositories/releases/org/jboss/shrinkwrap/descriptors/shrinkwrap-descriptors-impl-javaee/2.0.0-alpha-9/shrinkwrap-descriptors-impl-javaee-2.0.0-alpha-9.jar (0 B at 0 B/s)
Downloading from central-https: https://repo.maven.apache.org/maven2/org/sonatype/sisu/sisu-guice/3.1.0/sisu-guice-3.1.0.jar
Downloading from central-https: https://repo.maven.apache.org/maven2/org/sonatype/sisu/sisu-guava/0.9.9/sisu-guava-0.9.9.jar
Downloading from central-https: https://repo.maven.apache.org/maven2/junit/junit/4.12/junit-4.12.jar
Downloading from central-https: https://repo.maven.apache.org/maven2/org/hamcrest/hamcrest-core/1.3/hamcrest-core-1.3.jar
Downloading from central-https: https://repo.maven.apache.org/maven2/org/freemarker/freemarker/2.3.9/freemarker-2.3.9.jar
Downloaded from central-https: https://repo.maven.apache.org/maven2/org/hamcrest/hamcrest-core/1.3/hamcrest-core-1.3.jar (0 B at 0 B/s)
Downloading from central-https: https://repo.maven.apache.org/maven2/javax/xml/bind/jaxb-api/2.2/jaxb-api-2.2.jar
Downloaded from central-https: https://repo.maven.apache.org/maven2/org/sonatype/sisu/sisu-guava/0.9.9/sisu-guava-0.9.9.jar (0 B at 0 B/s)
Downloading from central-https: https://repo.maven.apache.org/maven2/javax/xml/stream/stax-api/1.0-2/stax-api-1.0-2.jar
Downloaded from central-https: https://repo.maven.apache.org/maven2/org/sonatype/sisu/sisu-guice/3.1.0/sisu-guice-3.1.0.jar (0 B at 0 B/s)
Downloading from central-https: https://repo.maven.apache.org/maven2/javax/activation/activation/1.1/activation-1.1.jar
Downloaded from central-https: https://repo.maven.apache.org/maven2/org/freemarker/freemarker/2.3.9/freemarker-2.3.9.jar (0 B at 0 B/s)
Downloading from central-https: https://repo.maven.apache.org/maven2/com/sun/xml/bind/jaxb-impl/2.2/jaxb-impl-2.2.jar
Downloaded from central-https: https://repo.maven.apache.org/maven2/junit/junit/4.12/junit-4.12.jar (0 B at 0 B/s)
Downloading from central-https: https://repo.maven.apache.org/maven2/javax/el/el-api/1.0/el-api-1.0.jar
Downloaded from central-https: https://repo.maven.apache.org/maven2/javax/xml/bind/jaxb-api/2.2/jaxb-api-2.2.jar (0 B at 0 B/s)
Downloading from central-https: https://repo.maven.apache.org/maven2/xerces/xercesImpl/2.9.1/xercesImpl-2.9.1.jar
Downloaded from central-https: https://repo.maven.apache.org/maven2/javax/xml/stream/stax-api/1.0-2/stax-api-1.0-2.jar (0 B at 0 B/s)
Downloading from central-https: https://repo.maven.apache.org/maven2/xml-apis/xml-apis/1.4.01/xml-apis-1.4.01.jar
Downloaded from central-https: https://repo.maven.apache.org/maven2/javax/activation/activation/1.1/activation-1.1.jar (0 B at 0 B/s)
Downloading from central-https: https://repo.maven.apache.org/maven2/com/google/guava/guava/19.0/guava-19.0.jar
Downloaded from central-https: https://repo.maven.apache.org/maven2/com/sun/xml/bind/jaxb-impl/2.2/jaxb-impl-2.2.jar (0 B at 0 B/s)
Downloaded from central-https: https://repo.maven.apache.org/maven2/javax/el/el-api/1.0/el-api-1.0.jar (0 B at 0 B/s)
Downloading from central-https: https://repo.maven.apache.org/maven2/com/sun/xsom/xsom/20081112/xsom-20081112.jar
Downloading from central-https: https://repo.maven.apache.org/maven2/relaxngDatatype/relaxngDatatype/20020414/relaxngDatatype-20020414.jar
Downloaded from central-https: https://repo.maven.apache.org/maven2/xml-apis/xml-apis/1.4.01/xml-apis-1.4.01.jar (0 B at 0 B/s)
Downloading from central-https: https://repo.maven.apache.org/maven2/dom4j/dom4j/1.6.1/dom4j-1.6.1.jar
Downloaded from central-https: https://repo.maven.apache.org/maven2/xerces/xercesImpl/2.9.1/xercesImpl-2.9.1.jar (0 B at 0 B/s)
Downloading from central-https: https://repo.maven.apache.org/maven2/com/google/inject/guice/3.0/guice-3.0.jar
Downloaded from central-https: https://repo.maven.apache.org/maven2/com/google/guava/guava/19.0/guava-19.0.jar (0 B at 0 B/s)
Downloading from central-https: https://repo.maven.apache.org/maven2/javax/inject/javax.inject/1/javax.inject-1.jar
Downloaded from central-https: https://repo.maven.apache.org/maven2/dom4j/dom4j/1.6.1/dom4j-1.6.1.jar (0 B at 0 B/s)
Downloaded from central-https: https://repo.maven.apache.org/maven2/com/google/inject/guice/3.0/guice-3.0.jar (0 B at 0 B/s)
Downloading from central-https: https://repo.maven.apache.org/maven2/aopalliance/aopalliance/1.0/aopalliance-1.0.jar
Downloading from central-https: https://repo.maven.apache.org/maven2/com/google/inject/extensions/guice-assistedinject/3.0/guice-assistedinject-3.0.jar
Downloaded from central-https: https://repo.maven.apache.org/maven2/javax/inject/javax.inject/1/javax.inject-1.jar (0 B at 0 B/s)
Downloaded from central-https: https://repo.maven.apache.org/maven2/relaxngDatatype/relaxngDatatype/20020414/relaxngDatatype-20020414.jar (0 B at 0 B/s)
Downloading from central-https: https://repo.maven.apache.org/maven2/com/google/inject/extensions/guice-multibindings/3.0/guice-multibindings-3.0.jar
Downloading from central-https: https://repo.maven.apache.org/maven2/org/easymock/easymock/2.5.2/easymock-2.5.2.jar
Downloaded from central-https: https://repo.maven.apache.org/maven2/com/sun/xsom/xsom/20081112/xsom-20081112.jar (0 B at 0 B/s)
Downloading from central-https: https://repo.maven.apache.org/maven2/xmlunit/xmlunit/1.6/xmlunit-1.6.jar
Downloaded from central-https: https://repo.maven.apache.org/maven2/com/google/inject/extensions/guice-assistedinject/3.0/guice-assistedinject-3.0.jar (0 B at 0 B/s)
Downloaded from central-https: https://repo.maven.apache.org/maven2/aopalliance/aopalliance/1.0/aopalliance-1.0.jar (0 B at 0 B/s)
Downloading from central-https: https://repo.maven.apache.org/maven2/cglib/cglib/2.2.2/cglib-2.2.2.jar
Downloading from central-https: https://repo.maven.apache.org/maven2/asm/asm/3.3.1/asm-3.3.1.jar
Downloaded from central-https: https://repo.maven.apache.org/maven2/xmlunit/xmlunit/1.6/xmlunit-1.6.jar (0 B at 0 B/s)
Downloading from central-https: https://repo.maven.apache.org/maven2/org/objenesis/objenesis/1.2/objenesis-1.2.jar
Downloaded from central-https: https://repo.maven.apache.org/maven2/com/google/inject/extensions/guice-multibindings/3.0/guice-multibindings-3.0.jar (0 B at 0 B/s)
Downloading from central-https: https://repo.maven.apache.org/maven2/org/seleniumhq/selenium/selenium-api/2.53.0/selenium-api-2.53.0.jar
Downloaded from central-https: https://repo.maven.apache.org/maven2/cglib/cglib/2.2.2/cglib-2.2.2.jar (0 B at 0 B/s)
Downloading from central-https: https://repo.maven.apache.org/maven2/com/google/code/gson/gson/2.3.1/gson-2.3.1.jar
Downloaded from central-https: https://repo.maven.apache.org/maven2/asm/asm/3.3.1/asm-3.3.1.jar (0 B at 0 B/s)
Downloaded from central-https: https://repo.maven.apache.org/maven2/org/easymock/easymock/2.5.2/easymock-2.5.2.jar (0 B at 0 B/s)
Downloading from central-https: https://repo.maven.apache.org/maven2/org/seleniumhq/selenium/selenium-support/2.53.0/selenium-support-2.53.0.jar
Downloading from central-https: https://repo.maven.apache.org/maven2/org/seleniumhq/selenium/selenium-chrome-driver/2.53.0/selenium-chrome-driver-2.53.0.jar
Downloaded from central-https: https://repo.maven.apache.org/maven2/org/objenesis/objenesis/1.2/objenesis-1.2.jar (0 B at 0 B/s)
Downloading from central-https: https://repo.maven.apache.org/maven2/org/seleniumhq/selenium/selenium-firefox-driver/2.53.0/selenium-firefox-driver-2.53.0.jar
Downloaded from central-https: https://repo.maven.apache.org/maven2/org/seleniumhq/selenium/selenium-firefox-driver/2.53.0/selenium-firefox-driver-2.53.0.jar (0 B at 0 B/s)
Downloading from central-https: https://repo.maven.apache.org/maven2/org/apache/commons/commons-exec/1.3/commons-exec-1.3.jar
Downloaded from central-https: https://repo.maven.apache.org/maven2/org/seleniumhq/selenium/selenium-chrome-driver/2.53.0/selenium-chrome-driver-2.53.0.jar (0 B at 0 B/s)
Downloading from central-https: https://repo.maven.apache.org/maven2/org/seleniumhq/selenium/selenium-ie-driver/2.53.0/selenium-ie-driver-2.53.0.jar
Downloaded from central-https: https://repo.maven.apache.org/maven2/com/google/code/gson/gson/2.3.1/gson-2.3.1.jar (0 B at 0 B/s)
Downloading from central-https: https://repo.maven.apache.org/maven2/net/java/dev/jna/jna/4.1.0/jna-4.1.0.jar
Downloaded from central-https: https://repo.maven.apache.org/maven2/org/seleniumhq/selenium/selenium-api/2.53.0/selenium-api-2.53.0.jar (0 B at 0 B/s)
Downloading from central-https: https://repo.maven.apache.org/maven2/net/java/dev/jna/jna-platform/4.1.0/jna-platform-4.1.0.jar
Downloaded from central-https: https://repo.maven.apache.org/maven2/org/seleniumhq/selenium/selenium-support/2.53.0/selenium-support-2.53.0.jar (0 B at 0 B/s)
Downloading from central-https: https://repo.maven.apache.org/maven2/org/seleniumhq/selenium/selenium-remote-driver/2.53.0/selenium-remote-driver-2.53.0.jar
Downloaded from central-https: https://repo.maven.apache.org/maven2/org/apache/commons/commons-exec/1.3/commons-exec-1.3.jar (0 B at 0 B/s)
Downloading from central-https: https://repo.maven.apache.org/maven2/cglib/cglib-nodep/2.1_3/cglib-nodep-2.1_3.jar
Downloaded from central-https: https://repo.maven.apache.org/maven2/net/java/dev/jna/jna/4.1.0/jna-4.1.0.jar (0 B at 0 B/s)
Downloading from central-https: https://repo.maven.apache.org/maven2/org/apache/httpcomponents/httpclient/4.3.3/httpclient-4.3.3.jar
Downloaded from central-https: https://repo.maven.apache.org/maven2/org/seleniumhq/selenium/selenium-remote-driver/2.53.0/selenium-remote-driver-2.53.0.jar (0 B at 0 B/s)
Downloading from central-https: https://repo.maven.apache.org/maven2/org/apache/httpcomponents/httpcore/4.3.2/httpcore-4.3.2.jar
Downloaded from central-https: https://repo.maven.apache.org/maven2/net/java/dev/jna/jna-platform/4.1.0/jna-platform-4.1.0.jar (0 B at 0 B/s)
Downloading from central-https: https://repo.maven.apache.org/maven2/commons-logging/commons-logging/1.1.3/commons-logging-1.1.3.jar
Downloaded from central-https: https://repo.maven.apache.org/maven2/cglib/cglib-nodep/2.1_3/cglib-nodep-2.1_3.jar (0 B at 0 B/s)
Downloading from central-https: https://repo.maven.apache.org/maven2/org/seleniumhq/selenium/htmlunit-driver/2.20/htmlunit-driver-2.20.jar
Downloaded from central-https: https://repo.maven.apache.org/maven2/org/apache/httpcomponents/httpclient/4.3.3/httpclient-4.3.3.jar (0 B at 0 B/s)
Downloading from central-https: https://repo.maven.apache.org/maven2/net/sourceforge/htmlunit/htmlunit/2.15/htmlunit-2.15.jar
Downloaded from central-https: https://repo.maven.apache.org/maven2/org/apache/httpcomponents/httpcore/4.3.2/httpcore-4.3.2.jar (0 B at 0 B/s)
Downloading from central-https: https://repo.maven.apache.org/maven2/xalan/xalan/2.7.1/xalan-2.7.1.jar
Downloaded from central-https: https://repo.maven.apache.org/maven2/org/seleniumhq/selenium/htmlunit-driver/2.20/htmlunit-driver-2.20.jar (0 B at 0 B/s)
Downloading from central-https: https://repo.maven.apache.org/maven2/xalan/serializer/2.7.1/serializer-2.7.1.jar
Downloaded from central-https: https://repo.maven.apache.org/maven2/commons-logging/commons-logging/1.1.3/commons-logging-1.1.3.jar (0 B at 0 B/s)
Downloading from central-https: https://repo.maven.apache.org/maven2/org/apache/commons/commons-lang3/3.3.2/commons-lang3-3.3.2.jar
Downloaded from central-https: https://repo.maven.apache.org/maven2/xalan/serializer/2.7.1/serializer-2.7.1.jar (0 B at 0 B/s)
Downloading from central-https: https://repo.maven.apache.org/maven2/org/apache/httpcomponents/httpmime/4.3.3/httpmime-4.3.3.jar
Downloaded from central-https: https://repo.maven.apache.org/maven2/xalan/xalan/2.7.1/xalan-2.7.1.jar (0 B at 0 B/s)
Downloading from central-https: https://repo.maven.apache.org/maven2/net/sourceforge/htmlunit/htmlunit-core-js/2.15/htmlunit-core-js-2.15.jar
Downloaded from central-https: https://repo.maven.apache.org/maven2/net/sourceforge/htmlunit/htmlunit/2.15/htmlunit-2.15.jar (0 B at 0 B/s)
Downloading from central-https: https://repo.maven.apache.org/maven2/net/sourceforge/nekohtml/nekohtml/1.9.21/nekohtml-1.9.21.jar
Downloaded from central-https: https://repo.maven.apache.org/maven2/org/apache/commons/commons-lang3/3.3.2/commons-lang3-3.3.2.jar (0 B at 0 B/s)
Downloading from central-https: https://repo.maven.apache.org/maven2/net/sourceforge/cssparser/cssparser/0.9.18/cssparser-0.9.18.jar
Downloaded from central-https: https://repo.maven.apache.org/maven2/org/apache/httpcomponents/httpmime/4.3.3/httpmime-4.3.3.jar (0 B at 0 B/s)
Downloading from central-https: https://repo.maven.apache.org/maven2/org/w3c/css/sac/1.3/sac-1.3.jar
Downloaded from central-https: https://repo.maven.apache.org/maven2/net/sourceforge/nekohtml/nekohtml/1.9.21/nekohtml-1.9.21.jar (0 B at 0 B/s)
Downloading from central-https: https://repo.maven.apache.org/maven2/org/eclipse/jetty/jetty-websocket/8.1.15.v20140411/jetty-websocket-8.1.15.v20140411.jar
Downloaded from central-https: https://repo.maven.apache.org/maven2/net/sourceforge/htmlunit/htmlunit-core-js/2.15/htmlunit-core-js-2.15.jar (0 B at 0 B/s)
Downloading from central-https: https://repo.maven.apache.org/maven2/org/eclipse/jetty/jetty-util/8.1.15.v20140411/jetty-util-8.1.15.v20140411.jar
Downloaded from central-https: https://repo.maven.apache.org/maven2/org/w3c/css/sac/1.3/sac-1.3.jar (0 B at 0 B/s)
Downloaded from central-https: https://repo.maven.apache.org/maven2/net/sourceforge/cssparser/cssparser/0.9.18/cssparser-0.9.18.jar (0 B at 0 B/s)
Downloading from central-https: https://repo.maven.apache.org/maven2/org/eclipse/jetty/jetty-io/8.1.15.v20140411/jetty-io-8.1.15.v20140411.jar
Downloading from central-https: https://repo.maven.apache.org/maven2/org/eclipse/jetty/jetty-http/8.1.15.v20140411/jetty-http-8.1.15.v20140411.jar
Downloaded from central-https: https://repo.maven.apache.org/maven2/org/eclipse/jetty/jetty-websocket/8.1.15.v20140411/jetty-websocket-8.1.15.v20140411.jar (0 B at 0 B/s)
Downloading from central-https: https://repo.maven.apache.org/maven2/commons-collections/commons-collections/3.2.2/commons-collections-3.2.2.jar
Downloaded from central-https: https://repo.maven.apache.org/maven2/org/seleniumhq/selenium/selenium-ie-driver/2.53.0/selenium-ie-driver-2.53.0.jar (0 B at 0 B/s)
Downloading from central-https: https://repo.maven.apache.org/maven2/com/opera/operadriver/1.5/operadriver-1.5.jar
Downloaded from central-https: https://repo.maven.apache.org/maven2/org/eclipse/jetty/jetty-http/8.1.15.v20140411/jetty-http-8.1.15.v20140411.jar (0 B at 0 B/s)
Downloading from central-https: https://repo.maven.apache.org/maven2/com/opera/operalaunchers/1.1/operalaunchers-1.1.jar
Downloaded from central-https: https://repo.maven.apache.org/maven2/org/eclipse/jetty/jetty-util/8.1.15.v20140411/jetty-util-8.1.15.v20140411.jar (0 B at 0 B/s)
Downloading from central-https: https://repo.maven.apache.org/maven2/com/google/protobuf/protobuf-java/2.4.1/protobuf-java-2.4.1.jar
Downloaded from central-https: https://repo.maven.apache.org/maven2/commons-collections/commons-collections/3.2.2/commons-collections-3.2.2.jar (0 B at 0 B/s)
Downloading from central-https: https://repo.maven.apache.org/maven2/commons-jxpath/commons-jxpath/1.3/commons-jxpath-1.3.jar
Downloaded from central-https: https://repo.maven.apache.org/maven2/org/eclipse/jetty/jetty-io/8.1.15.v20140411/jetty-io-8.1.15.v20140411.jar (0 B at 0 B/s)
Downloading from central-https: https://repo.maven.apache.org/maven2/org/ini4j/ini4j/0.5.2/ini4j-0.5.2.jar
Downloaded from central-https: https://repo.maven.apache.org/maven2/com/opera/operadriver/1.5/operadriver-1.5.jar (0 B at 0 B/s)
Downloading from central-https: https://repo.maven.apache.org/maven2/com/codeborne/phantomjsdriver/1.2.1/phantomjsdriver-1.2.1.jar
Downloaded from central-https: https://repo.maven.apache.org/maven2/com/opera/operalaunchers/1.1/operalaunchers-1.1.jar (0 B at 0 B/s)
Downloading from central-https: https://repo.maven.apache.org/maven2/org/seleniumhq/selenium/selenium-java/2.53.0/selenium-java-2.53.0.jar
Downloaded from central-https: https://repo.maven.apache.org/maven2/com/google/protobuf/protobuf-java/2.4.1/protobuf-java-2.4.1.jar (0 B at 0 B/s)
Downloaded from central-https: https://repo.maven.apache.org/maven2/commons-jxpath/commons-jxpath/1.3/commons-jxpath-1.3.jar (0 B at 0 B/s)
Downloading from central-https: https://repo.maven.apache.org/maven2/org/seleniumhq/selenium/selenium-edge-driver/2.53.0/selenium-edge-driver-2.53.0.jar
Downloading from central-https: https://repo.maven.apache.org/maven2/org/seleniumhq/selenium/selenium-safari-driver/2.53.0/selenium-safari-driver-2.53.0.jar
Downloaded from central-https: https://repo.maven.apache.org/maven2/org/ini4j/ini4j/0.5.2/ini4j-0.5.2.jar (0 B at 0 B/s)
Downloading from central-https: https://repo.maven.apache.org/maven2/io/netty/netty/3.5.7.Final/netty-3.5.7.Final.jar
Downloaded from central-https: https://repo.maven.apache.org/maven2/com/codeborne/phantomjsdriver/1.2.1/phantomjsdriver-1.2.1.jar (0 B at 0 B/s)
Downloading from central-https: https://repo.maven.apache.org/maven2/org/seleniumhq/selenium/selenium-leg-rc/2.53.0/selenium-leg-rc-2.53.0.jar
Downloaded from central-https: https://repo.maven.apache.org/maven2/org/seleniumhq/selenium/selenium-java/2.53.0/selenium-java-2.53.0.jar (0 B at 0 B/s)
Downloading from central-https: https://repo.maven.apache.org/maven2/org/eclipse/aether/aether-api/1.0.0.v20140518/aether-api-1.0.0.v20140518.jar
Downloaded from central-https: https://repo.maven.apache.org/maven2/org/seleniumhq/selenium/selenium-edge-driver/2.53.0/selenium-edge-driver-2.53.0.jar (0 B at 0 B/s)
Downloaded from central-https: https://repo.maven.apache.org/maven2/org/seleniumhq/selenium/selenium-safari-driver/2.53.0/selenium-safari-driver-2.53.0.jar (0 B at 0 B/s)
Downloading from central-https: https://repo.maven.apache.org/maven2/org/eclipse/aether/aether-impl/1.0.0.v20140518/aether-impl-1.0.0.v20140518.jar
Downloading from central-https: https://repo.maven.apache.org/maven2/org/eclipse/aether/aether-spi/1.0.0.v20140518/aether-spi-1.0.0.v20140518.jar
Downloaded from central-https: https://repo.maven.apache.org/maven2/org/seleniumhq/selenium/selenium-leg-rc/2.53.0/selenium-leg-rc-2.53.0.jar (0 B at 0 B/s)
Downloaded from central-https: https://repo.maven.apache.org/maven2/org/eclipse/aether/aether-api/1.0.0.v20140518/aether-api-1.0.0.v20140518.jar (0 B at 0 B/s)
Downloading from central-https: https://repo.maven.apache.org/maven2/org/eclipse/aether/aether-util/1.0.0.v20140518/aether-util-1.0.0.v20140518.jar
Downloading from central-https: https://repo.maven.apache.org/maven2/org/eclipse/aether/aether-connector-basic/1.0.0.v20140518/aether-connector-basic-1.0.0.v20140518.jar
Downloaded from central-https: https://repo.maven.apache.org/maven2/io/netty/netty/3.5.7.Final/netty-3.5.7.Final.jar (0 B at 0 B/s)
Downloading from central-https: https://repo.maven.apache.org/maven2/org/eclipse/aether/aether-transport-wagon/1.0.0.v20140518/aether-transport-wagon-1.0.0.v20140518.jar
Downloaded from central-https: https://repo.maven.apache.org/maven2/org/eclipse/aether/aether-util/1.0.0.v20140518/aether-util-1.0.0.v20140518.jar (0 B at 0 B/s)
Downloading from central-https: https://repo.maven.apache.org/maven2/org/apache/maven/maven-aether-provider/3.2.5/maven-aether-provider-3.2.5.jar
Downloaded from central-https: https://repo.maven.apache.org/maven2/org/eclipse/aether/aether-impl/1.0.0.v20140518/aether-impl-1.0.0.v20140518.jar (0 B at 0 B/s)
Downloading from central-https: https://repo.maven.apache.org/maven2/org/apache/maven/maven-model/3.2.5/maven-model-3.2.5.jar
Downloaded from central-https: https://repo.maven.apache.org/maven2/org/eclipse/aether/aether-connector-basic/1.0.0.v20140518/aether-connector-basic-1.0.0.v20140518.jar (0 B at 0 B/s)
Downloading from central-https: https://repo.maven.apache.org/maven2/org/apache/maven/maven-model-builder/3.2.5/maven-model-builder-3.2.5.jar
Downloaded from central-https: https://repo.maven.apache.org/maven2/org/eclipse/aether/aether-spi/1.0.0.v20140518/aether-spi-1.0.0.v20140518.jar (0 B at 0 B/s)
Downloading from central-https: https://repo.maven.apache.org/maven2/org/apache/maven/maven-repository-metadata/3.2.5/maven-repository-metadata-3.2.5.jar
Downloaded from central-https: https://repo.maven.apache.org/maven2/org/eclipse/aether/aether-transport-wagon/1.0.0.v20140518/aether-transport-wagon-1.0.0.v20140518.jar (0 B at 0 B/s)
Downloading from central-https: https://repo.maven.apache.org/maven2/org/apache/maven/maven-settings/3.2.5/maven-settings-3.2.5.jar
Downloaded from central-https: https://repo.maven.apache.org/maven2/org/apache/maven/maven-model-builder/3.2.5/maven-model-builder-3.2.5.jar (0 B at 0 B/s)
Downloading from central-https: https://repo.maven.apache.org/maven2/org/apache/maven/maven-settings-builder/3.2.5/maven-settings-builder-3.2.5.jar
Downloaded from central-https: https://repo.maven.apache.org/maven2/org/apache/maven/maven-aether-provider/3.2.5/maven-aether-provider-3.2.5.jar (0 B at 0 B/s)
Downloading from central-https: https://repo.maven.apache.org/maven2/org/codehaus/plexus/plexus-interpolation/1.21/plexus-interpolation-1.21.jar
Downloaded from central-https: https://repo.maven.apache.org/maven2/org/apache/maven/maven-model/3.2.5/maven-model-3.2.5.jar (0 B at 0 B/s)
Downloading from central-https: https://repo.maven.apache.org/maven2/org/codehaus/plexus/plexus-utils/3.0.20/plexus-utils-3.0.20.jar
Downloaded from central-https: https://repo.maven.apache.org/maven2/org/apache/maven/maven-repository-metadata/3.2.5/maven-repository-metadata-3.2.5.jar (0 B at 0 B/s)
Downloading from central-https: https://repo.maven.apache.org/maven2/org/sonatype/plexus/plexus-sec-dispatcher/1.3/plexus-sec-dispatcher-1.3.jar
Downloaded from central-https: https://repo.maven.apache.org/maven2/org/apache/maven/maven-settings-builder/3.2.5/maven-settings-builder-3.2.5.jar (0 B at 0 B/s)
Downloading from central-https: https://repo.maven.apache.org/maven2/org/sonatype/plexus/plexus-cipher/1.4/plexus-cipher-1.4.jar
Downloaded from central-https: https://repo.maven.apache.org/maven2/org/codehaus/plexus/plexus-interpolation/1.21/plexus-interpolation-1.21.jar (0 B at 0 B/s)
Downloading from central-https: https://repo.maven.apache.org/maven2/org/apache/maven/wagon/wagon-provider-api/2.6/wagon-provider-api-2.6.jar
Downloaded from central-https: https://repo.maven.apache.org/maven2/org/apache/maven/maven-settings/3.2.5/maven-settings-3.2.5.jar (0 B at 0 B/s)
Downloading from central-https: https://repo.maven.apache.org/maven2/org/apache/maven/wagon/wagon-file/2.6/wagon-file-2.6.jar
Downloaded from central-https: https://repo.maven.apache.org/maven2/org/codehaus/plexus/plexus-utils/3.0.20/plexus-utils-3.0.20.jar (0 B at 0 B/s)
Downloading from central-https: https://repo.maven.apache.org/maven2/commons-lang/commons-lang/2.6/commons-lang-2.6.jar
Downloaded from central-https: https://repo.maven.apache.org/maven2/org/sonatype/plexus/plexus-cipher/1.4/plexus-cipher-1.4.jar (0 B at 0 B/s)
Downloading from central-https: https://repo.maven.apache.org/maven2/org/apache/maven/wagon/wagon-http-lightweight/2.6/wagon-http-lightweight-2.6.jar
Downloaded from central-https: https://repo.maven.apache.org/maven2/org/apache/maven/wagon/wagon-provider-api/2.6/wagon-provider-api-2.6.jar (0 B at 0 B/s)
Downloading from central-https: https://repo.maven.apache.org/maven2/org/apache/maven/wagon/wagon-http-shared/2.6/wagon-http-shared-2.6.jar
Downloaded from central-https: https://repo.maven.apache.org/maven2/org/sonatype/plexus/plexus-sec-dispatcher/1.3/plexus-sec-dispatcher-1.3.jar (0 B at 0 B/s)
Downloading from central-https: https://repo.maven.apache.org/maven2/org/jsoup/jsoup/1.5.2/jsoup-1.5.2.jar
Downloaded from central-https: https://repo.maven.apache.org/maven2/org/apache/maven/wagon/wagon-file/2.6/wagon-file-2.6.jar (0 B at 0 B/s)
Downloading from central-https: https://repo.maven.apache.org/maven2/org/eclipse/sisu/org.eclipse.sisu.plexus/0.3.0.M1/org.eclipse.sisu.plexus-0.3.0.M1.jar
Downloaded from central-https: https://repo.maven.apache.org/maven2/commons-lang/commons-lang/2.6/commons-lang-2.6.jar (0 B at 0 B/s)
Downloading from central-https: https://repo.maven.apache.org/maven2/javax/annotation/jsr250-api/1.0/jsr250-api-1.0.jar
Downloaded from central-https: https://repo.maven.apache.org/maven2/org/apache/maven/wagon/wagon-http-lightweight/2.6/wagon-http-lightweight-2.6.jar (0 B at 0 B/s)
Downloading from central-https: https://repo.maven.apache.org/maven2/org/eclipse/sisu/org.eclipse.sisu.inject/0.3.0.M1/org.eclipse.sisu.inject-0.3.0.M1.jar
Downloaded from central-https: https://repo.maven.apache.org/maven2/org/apache/maven/wagon/wagon-http-shared/2.6/wagon-http-shared-2.6.jar (0 B at 0 B/s)
Downloading from central-https: https://repo.maven.apache.org/maven2/org/codehaus/plexus/plexus-compiler-javac/2.3/plexus-compiler-javac-2.3.jar
Downloaded from central-https: https://repo.maven.apache.org/maven2/org/eclipse/sisu/org.eclipse.sisu.inject/0.3.0.M1/org.eclipse.sisu.inject-0.3.0.M1.jar (0 B at 0 B/s)
Downloading from central-https: https://repo.maven.apache.org/maven2/org/codehaus/plexus/plexus-compiler-api/2.3/plexus-compiler-api-2.3.jar
Downloaded from central-https: https://repo.maven.apache.org/maven2/javax/annotation/jsr250-api/1.0/jsr250-api-1.0.jar (0 B at 0 B/s)
Downloaded from central-https: https://repo.maven.apache.org/maven2/org/codehaus/plexus/plexus-compiler-javac/2.3/plexus-compiler-javac-2.3.jar (0 B at 0 B/s)
Downloaded from central-https: https://repo.maven.apache.org/maven2/org/eclipse/sisu/org.eclipse.sisu.plexus/0.3.0.M1/org.eclipse.sisu.plexus-0.3.0.M1.jar (0 B at 0 B/s)
Downloaded from central-https: https://repo.maven.apache.org/maven2/org/jsoup/jsoup/1.5.2/jsoup-1.5.2.jar (0 B at 0 B/s)
Downloaded from central-https: https://repo.maven.apache.org/maven2/org/codehaus/plexus/plexus-compiler-api/2.3/plexus-compiler-api-2.3.jar (0 B at 0 B/s)
[[1;34mINFO[m] 
[[1;34mINFO[m] [1m--- [0;32mmaven-clean-plugin:3.0.0:clean[m [1m(default-clean)[m @ [36mrichfaces-build-resources[0;1m ---[m
[[1;34mINFO[m] Deleting /RicksCafe/Git.Projects/richfaces/build/build-resources/target
[[1;34mINFO[m] 
[[1;34mINFO[m] [1m--- [0;32mmaven-resources-plugin:3.0.0:resources[m [1m(default-resources)[m @ [36mrichfaces-build-resources[0;1m ---[m
Downloading from jboss-releases-plugins: https://repository.jboss.org/nexus/content/repositories/releases/org/apache/maven/maven-core/3.0/maven-core-3.0.pom
Downloading from central-https: https://repo.maven.apache.org/maven2/org/apache/maven/maven-core/3.0/maven-core-3.0.pom
Downloaded from central-https: https://repo.maven.apache.org/maven2/org/apache/maven/maven-core/3.0/maven-core-3.0.pom (0 B at 0 B/s)
Downloading from jboss-releases-plugins: https://repository.jboss.org/nexus/content/repositories/releases/org/apache/maven/maven-settings/3.0/maven-settings-3.0.pom
Downloading from central-https: https://repo.maven.apache.org/maven2/org/apache/maven/maven-settings/3.0/maven-settings-3.0.pom
Downloaded from central-https: https://repo.maven.apache.org/maven2/org/apache/maven/maven-settings/3.0/maven-settings-3.0.pom (0 B at 0 B/s)
Downloading from jboss-releases-plugins: https://repository.jboss.org/nexus/content/repositories/releases/org/apache/maven/maven-settings-builder/3.0/maven-settings-builder-3.0.pom
Downloading from central-https: https://repo.maven.apache.org/maven2/org/apache/maven/maven-settings-builder/3.0/maven-settings-builder-3.0.pom
Downloaded from central-https: https://repo.maven.apache.org/maven2/org/apache/maven/maven-settings-builder/3.0/maven-settings-builder-3.0.pom (0 B at 0 B/s)
Downloading from jboss-releases-plugins: https://repository.jboss.org/nexus/content/repositories/releases/org/codehaus/plexus/plexus-interpolation/1.14/plexus-interpolation-1.14.pom
Downloading from central-https: https://repo.maven.apache.org/maven2/org/codehaus/plexus/plexus-interpolation/1.14/plexus-interpolation-1.14.pom
Downloaded from central-https: https://repo.maven.apache.org/maven2/org/codehaus/plexus/plexus-interpolation/1.14/plexus-interpolation-1.14.pom (0 B at 0 B/s)
Downloading from jboss-releases-plugins: https://repository.jboss.org/nexus/content/repositories/releases/org/codehaus/plexus/plexus-components/1.1.18/plexus-components-1.1.18.pom
Downloading from central-https: https://repo.maven.apache.org/maven2/org/codehaus/plexus/plexus-components/1.1.18/plexus-components-1.1.18.pom
Downloaded from central-https: https://repo.maven.apache.org/maven2/org/codehaus/plexus/plexus-components/1.1.18/plexus-components-1.1.18.pom (0 B at 0 B/s)
Downloading from jboss-releases-plugins: https://repository.jboss.org/nexus/content/repositories/releases/org/apache/maven/maven-repository-metadata/3.0/maven-repository-metadata-3.0.pom
Downloading from central-https: https://repo.maven.apache.org/maven2/org/apache/maven/maven-repository-metadata/3.0/maven-repository-metadata-3.0.pom
Downloaded from central-https: https://repo.maven.apache.org/maven2/org/apache/maven/maven-repository-metadata/3.0/maven-repository-metadata-3.0.pom (0 B at 0 B/s)
Downloading from jboss-releases-plugins: https://repository.jboss.org/nexus/content/repositories/releases/org/apache/maven/maven-model-builder/3.0/maven-model-builder-3.0.pom
Downloading from central-https: https://repo.maven.apache.org/maven2/org/apache/maven/maven-model-builder/3.0/maven-model-builder-3.0.pom
Downloaded from central-https: https://repo.maven.apache.org/maven2/org/apache/maven/maven-model-builder/3.0/maven-model-builder-3.0.pom (0 B at 0 B/s)
Downloading from jboss-releases-plugins: https://repository.jboss.org/nexus/content/repositories/releases/org/apache/maven/maven-aether-provider/3.0/maven-aether-provider-3.0.pom
Downloading from central-https: https://repo.maven.apache.org/maven2/org/apache/maven/maven-aether-provider/3.0/maven-aether-provider-3.0.pom
Downloaded from central-https: https://repo.maven.apache.org/maven2/org/apache/maven/maven-aether-provider/3.0/maven-aether-provider-3.0.pom (0 B at 0 B/s)
Downloading from jboss-releases-plugins: https://repository.jboss.org/nexus/content/repositories/releases/org/sonatype/aether/aether-api/1.7/aether-api-1.7.pom
Downloading from central-https: https://repo.maven.apache.org/maven2/org/sonatype/aether/aether-api/1.7/aether-api-1.7.pom
Downloaded from central-https: https://repo.maven.apache.org/maven2/org/sonatype/aether/aether-api/1.7/aether-api-1.7.pom (0 B at 0 B/s)
Downloading from jboss-releases-plugins: https://repository.jboss.org/nexus/content/repositories/releases/org/sonatype/aether/aether-parent/1.7/aether-parent-1.7.pom
Downloading from central-https: https://repo.maven.apache.org/maven2/org/sonatype/aether/aether-parent/1.7/aether-parent-1.7.pom
Downloaded from central-https: https://repo.maven.apache.org/maven2/org/sonatype/aether/aether-parent/1.7/aether-parent-1.7.pom (0 B at 0 B/s)
Downloading from jboss-releases-plugins: https://repository.jboss.org/nexus/content/repositories/releases/org/sonatype/aether/aether-util/1.7/aether-util-1.7.pom
Downloading from central-https: https://repo.maven.apache.org/maven2/org/sonatype/aether/aether-util/1.7/aether-util-1.7.pom
Downloaded from central-https: https://repo.maven.apache.org/maven2/org/sonatype/aether/aether-util/1.7/aether-util-1.7.pom (0 B at 0 B/s)
Downloading from jboss-releases-plugins: https://repository.jboss.org/nexus/content/repositories/releases/org/sonatype/aether/aether-impl/1.7/aether-impl-1.7.pom
Downloading from central-https: https://repo.maven.apache.org/maven2/org/sonatype/aether/aether-impl/1.7/aether-impl-1.7.pom
Downloaded from central-https: https://repo.maven.apache.org/maven2/org/sonatype/aether/aether-impl/1.7/aether-impl-1.7.pom (0 B at 0 B/s)
Downloading from jboss-releases-plugins: https://repository.jboss.org/nexus/content/repositories/releases/org/sonatype/aether/aether-spi/1.7/aether-spi-1.7.pom
Downloading from central-https: https://repo.maven.apache.org/maven2/org/sonatype/aether/aether-spi/1.7/aether-spi-1.7.pom
Downloaded from central-https: https://repo.maven.apache.org/maven2/org/sonatype/aether/aether-spi/1.7/aether-spi-1.7.pom (0 B at 0 B/s)
Downloading from jboss-releases-plugins: https://repository.jboss.org/nexus/content/repositories/releases/org/codehaus/plexus/plexus-utils/3.0.24/plexus-utils-3.0.24.pom
Downloading from central-https: https://repo.maven.apache.org/maven2/org/codehaus/plexus/plexus-utils/3.0.24/plexus-utils-3.0.24.pom
Downloaded from central-https: https://repo.maven.apache.org/maven2/org/codehaus/plexus/plexus-utils/3.0.24/plexus-utils-3.0.24.pom (0 B at 0 B/s)
Downloading from jboss-releases-plugins: https://repository.jboss.org/nexus/content/repositories/releases/org/codehaus/plexus/plexus/4.0/plexus-4.0.pom
Downloading from central-https: https://repo.maven.apache.org/maven2/org/codehaus/plexus/plexus/4.0/plexus-4.0.pom
Downloaded from central-https: https://repo.maven.apache.org/maven2/org/codehaus/plexus/plexus/4.0/plexus-4.0.pom (0 B at 0 B/s)
Downloading from jboss-releases-plugins: https://repository.jboss.org/nexus/content/repositories/releases/org/apache/maven/shared/maven-filtering/3.1.0/maven-filtering-3.1.0.pom
Downloading from central-https: https://repo.maven.apache.org/maven2/org/apache/maven/shared/maven-filtering/3.1.0/maven-filtering-3.1.0.pom
Downloaded from central-https: https://repo.maven.apache.org/maven2/org/apache/maven/shared/maven-filtering/3.1.0/maven-filtering-3.1.0.pom (0 B at 0 B/s)
Downloading from jboss-releases-plugins: https://repository.jboss.org/nexus/content/repositories/releases/org/apache/maven/shared/maven-shared-components/22/maven-shared-components-22.pom
Downloading from central-https: https://repo.maven.apache.org/maven2/org/apache/maven/shared/maven-shared-components/22/maven-shared-components-22.pom
Downloaded from central-https: https://repo.maven.apache.org/maven2/org/apache/maven/shared/maven-shared-components/22/maven-shared-components-22.pom (0 B at 0 B/s)
Downloading from jboss-releases-plugins: https://repository.jboss.org/nexus/content/repositories/releases/org/codehaus/plexus/plexus-utils/3.0.22/plexus-utils-3.0.22.pom
Downloading from central-https: https://repo.maven.apache.org/maven2/org/codehaus/plexus/plexus-utils/3.0.22/plexus-utils-3.0.22.pom
Downloaded from central-https: https://repo.maven.apache.org/maven2/org/codehaus/plexus/plexus-utils/3.0.22/plexus-utils-3.0.22.pom (0 B at 0 B/s)
Downloading from jboss-releases-plugins: https://repository.jboss.org/nexus/content/repositories/releases/org/sonatype/plexus/plexus-build-api/0.0.7/plexus-build-api-0.0.7.pom
Downloading from central-https: https://repo.maven.apache.org/maven2/org/sonatype/plexus/plexus-build-api/0.0.7/plexus-build-api-0.0.7.pom
Downloaded from central-https: https://repo.maven.apache.org/maven2/org/sonatype/plexus/plexus-build-api/0.0.7/plexus-build-api-0.0.7.pom (0 B at 0 B/s)
Downloading from jboss-releases-plugins: https://repository.jboss.org/nexus/content/repositories/releases/org/sonatype/spice/spice-parent/15/spice-parent-15.pom
Downloading from central-https: https://repo.maven.apache.org/maven2/org/sonatype/spice/spice-parent/15/spice-parent-15.pom
Downloaded from central-https: https://repo.maven.apache.org/maven2/org/sonatype/spice/spice-parent/15/spice-parent-15.pom (0 B at 0 B/s)
Downloading from jboss-releases-plugins: https://repository.jboss.org/nexus/content/repositories/releases/org/sonatype/forge/forge-parent/5/forge-parent-5.pom
Downloading from central-https: https://repo.maven.apache.org/maven2/org/sonatype/forge/forge-parent/5/forge-parent-5.pom
Downloaded from central-https: https://repo.maven.apache.org/maven2/org/sonatype/forge/forge-parent/5/forge-parent-5.pom (0 B at 0 B/s)
Downloading from jboss-releases-plugins: https://repository.jboss.org/nexus/content/repositories/releases/org/codehaus/plexus/plexus-utils/1.5.8/plexus-utils-1.5.8.pom
Downloading from central-https: https://repo.maven.apache.org/maven2/org/codehaus/plexus/plexus-utils/1.5.8/plexus-utils-1.5.8.pom
Downloaded from central-https: https://repo.maven.apache.org/maven2/org/codehaus/plexus/plexus-utils/1.5.8/plexus-utils-1.5.8.pom (0 B at 0 B/s)
Downloading from jboss-releases-plugins: https://repository.jboss.org/nexus/content/repositories/releases/org/apache/maven/maven-core/3.0/maven-core-3.0.jar
Downloading from jboss-releases-plugins: https://repository.jboss.org/nexus/content/repositories/releases/org/apache/maven/maven-settings-builder/3.0/maven-settings-builder-3.0.jar
Downloading from jboss-releases-plugins: https://repository.jboss.org/nexus/content/repositories/releases/org/apache/maven/maven-repository-metadata/3.0/maven-repository-metadata-3.0.jar
Downloading from jboss-releases-plugins: https://repository.jboss.org/nexus/content/repositories/releases/org/apache/maven/maven-model-builder/3.0/maven-model-builder-3.0.jar
Downloading from jboss-releases-plugins: https://repository.jboss.org/nexus/content/repositories/releases/org/apache/maven/maven-aether-provider/3.0/maven-aether-provider-3.0.jar
Downloading from jboss-releases-plugins: https://repository.jboss.org/nexus/content/repositories/releases/org/sonatype/aether/aether-impl/1.7/aether-impl-1.7.jar
Downloading from jboss-releases-plugins: https://repository.jboss.org/nexus/content/repositories/releases/org/sonatype/aether/aether-spi/1.7/aether-spi-1.7.jar
Downloading from jboss-releases-plugins: https://repository.jboss.org/nexus/content/repositories/releases/org/sonatype/aether/aether-api/1.7/aether-api-1.7.jar
Downloading from jboss-releases-plugins: https://repository.jboss.org/nexus/content/repositories/releases/org/sonatype/aether/aether-util/1.7/aether-util-1.7.jar
Downloading from jboss-releases-plugins: https://repository.jboss.org/nexus/content/repositories/releases/org/apache/maven/maven-settings/3.0/maven-settings-3.0.jar
Downloading from jboss-releases-plugins: https://repository.jboss.org/nexus/content/repositories/releases/org/codehaus/plexus/plexus-utils/3.0.24/plexus-utils-3.0.24.jar
Downloading from jboss-releases-plugins: https://repository.jboss.org/nexus/content/repositories/releases/org/apache/maven/shared/maven-filtering/3.1.0/maven-filtering-3.1.0.jar
Downloading from jboss-releases-plugins: https://repository.jboss.org/nexus/content/repositories/releases/org/sonatype/plexus/plexus-build-api/0.0.7/plexus-build-api-0.0.7.jar
Downloading from central-https: https://repo.maven.apache.org/maven2/org/apache/maven/maven-core/3.0/maven-core-3.0.jar
Downloading from central-https: https://repo.maven.apache.org/maven2/org/apache/maven/maven-settings-builder/3.0/maven-settings-builder-3.0.jar
Downloading from central-https: https://repo.maven.apache.org/maven2/org/apache/maven/maven-repository-metadata/3.0/maven-repository-metadata-3.0.jar
Downloading from central-https: https://repo.maven.apache.org/maven2/org/apache/maven/maven-model-builder/3.0/maven-model-builder-3.0.jar
Downloading from central-https: https://repo.maven.apache.org/maven2/org/apache/maven/maven-aether-provider/3.0/maven-aether-provider-3.0.jar
Downloaded from central-https: https://repo.maven.apache.org/maven2/org/apache/maven/maven-model-builder/3.0/maven-model-builder-3.0.jar (0 B at 0 B/s)
Downloading from central-https: https://repo.maven.apache.org/maven2/org/sonatype/aether/aether-impl/1.7/aether-impl-1.7.jar
Downloaded from central-https: https://repo.maven.apache.org/maven2/org/apache/maven/maven-core/3.0/maven-core-3.0.jar (0 B at 0 B/s)
Downloading from central-https: https://repo.maven.apache.org/maven2/org/sonatype/aether/aether-spi/1.7/aether-spi-1.7.jar
Downloaded from central-https: https://repo.maven.apache.org/maven2/org/apache/maven/maven-aether-provider/3.0/maven-aether-provider-3.0.jar (0 B at 0 B/s)
Downloading from central-https: https://repo.maven.apache.org/maven2/org/sonatype/aether/aether-api/1.7/aether-api-1.7.jar
Downloaded from central-https: https://repo.maven.apache.org/maven2/org/apache/maven/maven-repository-metadata/3.0/maven-repository-metadata-3.0.jar (0 B at 0 B/s)
Downloading from central-https: https://repo.maven.apache.org/maven2/org/sonatype/aether/aether-util/1.7/aether-util-1.7.jar
Downloaded from central-https: https://repo.maven.apache.org/maven2/org/apache/maven/maven-settings-builder/3.0/maven-settings-builder-3.0.jar (0 B at 0 B/s)
Downloading from central-https: https://repo.maven.apache.org/maven2/org/apache/maven/maven-settings/3.0/maven-settings-3.0.jar
Downloaded from central-https: https://repo.maven.apache.org/maven2/org/sonatype/aether/aether-spi/1.7/aether-spi-1.7.jar (0 B at 0 B/s)
Downloading from central-https: https://repo.maven.apache.org/maven2/org/codehaus/plexus/plexus-utils/3.0.24/plexus-utils-3.0.24.jar
Downloaded from central-https: https://repo.maven.apache.org/maven2/org/sonatype/aether/aether-impl/1.7/aether-impl-1.7.jar (0 B at 0 B/s)
Downloading from central-https: https://repo.maven.apache.org/maven2/org/apache/maven/shared/maven-filtering/3.1.0/maven-filtering-3.1.0.jar
Downloaded from central-https: https://repo.maven.apache.org/maven2/org/sonatype/aether/aether-api/1.7/aether-api-1.7.jar (0 B at 0 B/s)
Downloading from central-https: https://repo.maven.apache.org/maven2/org/sonatype/plexus/plexus-build-api/0.0.7/plexus-build-api-0.0.7.jar
Downloaded from central-https: https://repo.maven.apache.org/maven2/org/sonatype/aether/aether-util/1.7/aether-util-1.7.jar (0 B at 0 B/s)
Downloaded from central-https: https://repo.maven.apache.org/maven2/org/apache/maven/maven-settings/3.0/maven-settings-3.0.jar (0 B at 0 B/s)
Downloaded from central-https: https://repo.maven.apache.org/maven2/org/codehaus/plexus/plexus-utils/3.0.24/plexus-utils-3.0.24.jar (0 B at 0 B/s)
Downloaded from central-https: https://repo.maven.apache.org/maven2/org/apache/maven/shared/maven-filtering/3.1.0/maven-filtering-3.1.0.jar (0 B at 0 B/s)
Downloaded from central-https: https://repo.maven.apache.org/maven2/org/sonatype/plexus/plexus-build-api/0.0.7/plexus-build-api-0.0.7.jar (0 B at 0 B/s)
[[1;34mINFO[m] Using 'UTF-8' encoding to copy filtered resources.
[[1;34mINFO[m] ignoreDelta true
[[1;34mINFO[m] Copying 8 resources
[[1;34mINFO[m] Copying file arquillian.xml
[[1;34mINFO[m] Copying file resource-optimizer-cmdln-usage.properties
[[1;34mINFO[m] Copying file richfaces-checkstyle/richfaces-checkstyle.xml
[[1;34mINFO[m] Copying file richfaces-checkstyle/global-suppressions.xml
[[1;34mINFO[m] Copying file org/richfaces/shrinkwrap/descriptor/facelet-template.xhtml
[[1;34mINFO[m] Copying file META-INF/services/org.richfaces.cdk.CdkModule
[[1;34mINFO[m] Copying file META-INF/services/org.jboss.arquillian.core.spi.LoadableExtension
[[1;34mINFO[m] Copying file META-INF/mime.types
[[1;34mINFO[m] 
[[1;34mINFO[m] [1m--- [0;32mmaven-compiler-plugin:3.5.1:compile[m [1m(default-compile)[m @ [36mrichfaces-build-resources[0;1m ---[m
Downloading from jboss-releases-plugins: https://repository.jboss.org/nexus/content/repositories/releases/org/apache/maven/maven-toolchain/2.2.1/maven-toolchain-2.2.1.pom
Downloading from central-https: https://repo.maven.apache.org/maven2/org/apache/maven/maven-toolchain/2.2.1/maven-toolchain-2.2.1.pom
Downloaded from central-https: https://repo.maven.apache.org/maven2/org/apache/maven/maven-toolchain/2.2.1/maven-toolchain-2.2.1.pom (0 B at 0 B/s)
Downloading from jboss-releases-plugins: https://repository.jboss.org/nexus/content/repositories/releases/org/apache/maven/maven-core/2.2.1/maven-core-2.2.1.pom
Downloading from central-https: https://repo.maven.apache.org/maven2/org/apache/maven/maven-core/2.2.1/maven-core-2.2.1.pom
Downloaded from central-https: https://repo.maven.apache.org/maven2/org/apache/maven/maven-core/2.2.1/maven-core-2.2.1.pom (0 B at 0 B/s)
Downloading from jboss-releases-plugins: https://repository.jboss.org/nexus/content/repositories/releases/org/apache/maven/maven-plugin-parameter-documenter/2.2.1/maven-plugin-parameter-documenter-2.2.1.pom
Downloading from central-https: https://repo.maven.apache.org/maven2/org/apache/maven/maven-plugin-parameter-documenter/2.2.1/maven-plugin-parameter-documenter-2.2.1.pom
Downloaded from central-https: https://repo.maven.apache.org/maven2/org/apache/maven/maven-plugin-parameter-documenter/2.2.1/maven-plugin-parameter-documenter-2.2.1.pom (0 B at 0 B/s)
Downloading from jboss-releases-plugins: https://repository.jboss.org/nexus/content/repositories/releases/org/slf4j/slf4j-jdk14/1.5.6/slf4j-jdk14-1.5.6.pom
Downloading from central-https: https://repo.maven.apache.org/maven2/org/slf4j/slf4j-jdk14/1.5.6/slf4j-jdk14-1.5.6.pom
Downloaded from central-https: https://repo.maven.apache.org/maven2/org/slf4j/slf4j-jdk14/1.5.6/slf4j-jdk14-1.5.6.pom (0 B at 0 B/s)
Downloading from jboss-releases-plugins: https://repository.jboss.org/nexus/content/repositories/releases/org/slf4j/slf4j-parent/1.5.6/slf4j-parent-1.5.6.pom
Downloading from central-https: https://repo.maven.apache.org/maven2/org/slf4j/slf4j-parent/1.5.6/slf4j-parent-1.5.6.pom
Downloaded from central-https: https://repo.maven.apache.org/maven2/org/slf4j/slf4j-parent/1.5.6/slf4j-parent-1.5.6.pom (0 B at 0 B/s)
Downloading from jboss-releases-plugins: https://repository.jboss.org/nexus/content/repositories/releases/org/slf4j/slf4j-api/1.5.6/slf4j-api-1.5.6.pom
Downloading from central-https: https://repo.maven.apache.org/maven2/org/slf4j/slf4j-api/1.5.6/slf4j-api-1.5.6.pom
Downloaded from central-https: https://repo.maven.apache.org/maven2/org/slf4j/slf4j-api/1.5.6/slf4j-api-1.5.6.pom (0 B at 0 B/s)
Downloading from jboss-releases-plugins: https://repository.jboss.org/nexus/content/repositories/releases/org/slf4j/jcl-over-slf4j/1.5.6/jcl-over-slf4j-1.5.6.pom
Downloading from central-https: https://repo.maven.apache.org/maven2/org/slf4j/jcl-over-slf4j/1.5.6/jcl-over-slf4j-1.5.6.pom
Downloaded from central-https: https://repo.maven.apache.org/maven2/org/slf4j/jcl-over-slf4j/1.5.6/jcl-over-slf4j-1.5.6.pom (0 B at 0 B/s)
Downloading from jboss-releases-plugins: https://repository.jboss.org/nexus/content/repositories/releases/org/apache/maven/reporting/maven-reporting-api/2.2.1/maven-reporting-api-2.2.1.pom
Downloading from central-https: https://repo.maven.apache.org/maven2/org/apache/maven/reporting/maven-reporting-api/2.2.1/maven-reporting-api-2.2.1.pom
Downloaded from central-https: https://repo.maven.apache.org/maven2/org/apache/maven/reporting/maven-reporting-api/2.2.1/maven-reporting-api-2.2.1.pom (0 B at 0 B/s)
Downloading from jboss-releases-plugins: https://repository.jboss.org/nexus/content/repositories/releases/org/apache/maven/reporting/maven-reporting/2.2.1/maven-reporting-2.2.1.pom
Downloading from central-https: https://repo.maven.apache.org/maven2/org/apache/maven/reporting/maven-reporting/2.2.1/maven-reporting-2.2.1.pom
Downloaded from central-https: https://repo.maven.apache.org/maven2/org/apache/maven/reporting/maven-reporting/2.2.1/maven-reporting-2.2.1.pom (0 B at 0 B/s)
Downloading from jboss-releases-plugins: https://repository.jboss.org/nexus/content/repositories/releases/org/apache/maven/doxia/doxia-sink-api/1.1/doxia-sink-api-1.1.pom
Downloading from central-https: https://repo.maven.apache.org/maven2/org/apache/maven/doxia/doxia-sink-api/1.1/doxia-sink-api-1.1.pom
Downloaded from central-https: https://repo.maven.apache.org/maven2/org/apache/maven/doxia/doxia-sink-api/1.1/doxia-sink-api-1.1.pom (0 B at 0 B/s)
Downloading from jboss-releases-plugins: https://repository.jboss.org/nexus/content/repositories/releases/org/apache/maven/doxia/doxia/1.1/doxia-1.1.pom
Downloading from central-https: https://repo.maven.apache.org/maven2/org/apache/maven/doxia/doxia/1.1/doxia-1.1.pom
Downloaded from central-https: https://repo.maven.apache.org/maven2/org/apache/maven/doxia/doxia/1.1/doxia-1.1.pom (0 B at 0 B/s)
Downloading from jboss-releases-plugins: https://repository.jboss.org/nexus/content/repositories/releases/org/apache/maven/doxia/doxia-logging-api/1.1/doxia-logging-api-1.1.pom
Downloading from central-https: https://repo.maven.apache.org/maven2/org/apache/maven/doxia/doxia-logging-api/1.1/doxia-logging-api-1.1.pom
Downloaded from central-https: https://repo.maven.apache.org/maven2/org/apache/maven/doxia/doxia-logging-api/1.1/doxia-logging-api-1.1.pom (0 B at 0 B/s)
Downloading from jboss-releases-plugins: https://repository.jboss.org/nexus/content/repositories/releases/org/codehaus/plexus/plexus-container-default/1.0-alpha-30/plexus-container-default-1.0-alpha-30.pom
Downloading from central-https: https://repo.maven.apache.org/maven2/org/codehaus/plexus/plexus-container-default/1.0-alpha-30/plexus-container-default-1.0-alpha-30.pom
Downloaded from central-https: https://repo.maven.apache.org/maven2/org/codehaus/plexus/plexus-container-default/1.0-alpha-30/plexus-container-default-1.0-alpha-30.pom (0 B at 0 B/s)
Downloading from jboss-releases-plugins: https://repository.jboss.org/nexus/content/repositories/releases/org/codehaus/plexus/plexus-containers/1.0-alpha-30/plexus-containers-1.0-alpha-30.pom
Downloading from central-https: https://repo.maven.apache.org/maven2/org/codehaus/plexus/plexus-containers/1.0-alpha-30/plexus-containers-1.0-alpha-30.pom
Downloaded from central-https: https://repo.maven.apache.org/maven2/org/codehaus/plexus/plexus-containers/1.0-alpha-30/plexus-containers-1.0-alpha-30.pom (0 B at 0 B/s)
Downloading from jboss-releases-plugins: https://repository.jboss.org/nexus/content/repositories/releases/org/codehaus/plexus/plexus-utils/1.4.5/plexus-utils-1.4.5.pom
Downloading from central-https: https://repo.maven.apache.org/maven2/org/codehaus/plexus/plexus-utils/1.4.5/plexus-utils-1.4.5.pom
Downloaded from central-https: https://repo.maven.apache.org/maven2/org/codehaus/plexus/plexus-utils/1.4.5/plexus-utils-1.4.5.pom (0 B at 0 B/s)
Downloading from jboss-releases-plugins: https://repository.jboss.org/nexus/content/repositories/releases/org/codehaus/plexus/plexus-classworlds/1.2-alpha-9/plexus-classworlds-1.2-alpha-9.pom
Downloading from central-https: https://repo.maven.apache.org/maven2/org/codehaus/plexus/plexus-classworlds/1.2-alpha-9/plexus-classworlds-1.2-alpha-9.pom
Downloaded from central-https: https://repo.maven.apache.org/maven2/org/codehaus/plexus/plexus-classworlds/1.2-alpha-9/plexus-classworlds-1.2-alpha-9.pom (0 B at 0 B/s)
Downloading from jboss-releases-plugins: https://repository.jboss.org/nexus/content/repositories/releases/org/codehaus/plexus/plexus/1.0.10/plexus-1.0.10.pom
Downloading from central-https: https://repo.maven.apache.org/maven2/org/codehaus/plexus/plexus/1.0.10/plexus-1.0.10.pom
Downloaded from central-https: https://repo.maven.apache.org/maven2/org/codehaus/plexus/plexus/1.0.10/plexus-1.0.10.pom (0 B at 0 B/s)
Downloading from jboss-releases-plugins: https://repository.jboss.org/nexus/content/repositories/releases/org/apache/maven/maven-error-diagnostics/2.2.1/maven-error-diagnostics-2.2.1.pom
Downloading from central-https: https://repo.maven.apache.org/maven2/org/apache/maven/maven-error-diagnostics/2.2.1/maven-error-diagnostics-2.2.1.pom
Downloaded from central-https: https://repo.maven.apache.org/maven2/org/apache/maven/maven-error-diagnostics/2.2.1/maven-error-diagnostics-2.2.1.pom (0 B at 0 B/s)
Downloading from jboss-releases-plugins: https://repository.jboss.org/nexus/content/repositories/releases/commons-cli/commons-cli/1.2/commons-cli-1.2.pom
Downloading from central-https: https://repo.maven.apache.org/maven2/commons-cli/commons-cli/1.2/commons-cli-1.2.pom
Downloaded from central-https: https://repo.maven.apache.org/maven2/commons-cli/commons-cli/1.2/commons-cli-1.2.pom (0 B at 0 B/s)
Downloading from jboss-releases-plugins: https://repository.jboss.org/nexus/content/repositories/releases/org/apache/maven/maven-plugin-descriptor/2.2.1/maven-plugin-descriptor-2.2.1.pom
Downloading from central-https: https://repo.maven.apache.org/maven2/org/apache/maven/maven-plugin-descriptor/2.2.1/maven-plugin-descriptor-2.2.1.pom
Downloaded from central-https: https://repo.maven.apache.org/maven2/org/apache/maven/maven-plugin-descriptor/2.2.1/maven-plugin-descriptor-2.2.1.pom (0 B at 0 B/s)
Downloading from jboss-releases-plugins: https://repository.jboss.org/nexus/content/repositories/releases/org/codehaus/plexus/plexus-interactivity-api/1.0-alpha-4/plexus-interactivity-api-1.0-alpha-4.pom
Downloading from central-https: https://repo.maven.apache.org/maven2/org/codehaus/plexus/plexus-interactivity-api/1.0-alpha-4/plexus-interactivity-api-1.0-alpha-4.pom
Downloaded from central-https: https://repo.maven.apache.org/maven2/org/codehaus/plexus/plexus-interactivity-api/1.0-alpha-4/plexus-interactivity-api-1.0-alpha-4.pom (0 B at 0 B/s)
Downloading from jboss-releases-plugins: https://repository.jboss.org/nexus/content/repositories/releases/org/apache/maven/maven-monitor/2.2.1/maven-monitor-2.2.1.pom
Downloading from central-https: https://repo.maven.apache.org/maven2/org/apache/maven/maven-monitor/2.2.1/maven-monitor-2.2.1.pom
Downloaded from central-https: https://repo.maven.apache.org/maven2/org/apache/maven/maven-monitor/2.2.1/maven-monitor-2.2.1.pom (0 B at 0 B/s)
Downloading from jboss-releases-plugins: https://repository.jboss.org/nexus/content/repositories/releases/classworlds/classworlds/1.1/classworlds-1.1.pom
Downloading from central-https: https://repo.maven.apache.org/maven2/classworlds/classworlds/1.1/classworlds-1.1.pom
Downloaded from central-https: https://repo.maven.apache.org/maven2/classworlds/classworlds/1.1/classworlds-1.1.pom (0 B at 0 B/s)
Downloading from jboss-releases-plugins: https://repository.jboss.org/nexus/content/repositories/releases/org/apache/maven/shared/maven-shared-incremental/1.1/maven-shared-incremental-1.1.pom
Downloading from central-https: https://repo.maven.apache.org/maven2/org/apache/maven/shared/maven-shared-incremental/1.1/maven-shared-incremental-1.1.pom
Downloaded from central-https: https://repo.maven.apache.org/maven2/org/apache/maven/shared/maven-shared-incremental/1.1/maven-shared-incremental-1.1.pom (0 B at 0 B/s)
Downloading from jboss-releases-plugins: https://repository.jboss.org/nexus/content/repositories/releases/org/apache/maven/shared/maven-shared-utils/0.1/maven-shared-utils-0.1.pom
Downloading from central-https: https://repo.maven.apache.org/maven2/org/apache/maven/shared/maven-shared-utils/0.1/maven-shared-utils-0.1.pom
Downloaded from central-https: https://repo.maven.apache.org/maven2/org/apache/maven/shared/maven-shared-utils/0.1/maven-shared-utils-0.1.pom (0 B at 0 B/s)
Downloading from jboss-releases-plugins: https://repository.jboss.org/nexus/content/repositories/releases/org/apache/maven/shared/maven-shared-components/18/maven-shared-components-18.pom
Downloading from central-https: https://repo.maven.apache.org/maven2/org/apache/maven/shared/maven-shared-components/18/maven-shared-components-18.pom
Downloaded from central-https: https://repo.maven.apache.org/maven2/org/apache/maven/shared/maven-shared-components/18/maven-shared-components-18.pom (0 B at 0 B/s)
Downloading from jboss-releases-plugins: https://repository.jboss.org/nexus/content/repositories/releases/org/apache/maven/maven-parent/22/maven-parent-22.pom
Downloading from central-https: https://repo.maven.apache.org/maven2/org/apache/maven/maven-parent/22/maven-parent-22.pom
Downloaded from central-https: https://repo.maven.apache.org/maven2/org/apache/maven/maven-parent/22/maven-parent-22.pom (0 B at 0 B/s)
Downloading from jboss-releases-plugins: https://repository.jboss.org/nexus/content/repositories/releases/org/apache/apache/11/apache-11.pom
Downloading from central-https: https://repo.maven.apache.org/maven2/org/apache/apache/11/apache-11.pom
Downloaded from central-https: https://repo.maven.apache.org/maven2/org/apache/apache/11/apache-11.pom (0 B at 0 B/s)
Downloading from jboss-releases-plugins: https://repository.jboss.org/nexus/content/repositories/releases/org/codehaus/plexus/plexus-compiler-api/2.7/plexus-compiler-api-2.7.pom
Downloading from central-https: https://repo.maven.apache.org/maven2/org/codehaus/plexus/plexus-compiler-api/2.7/plexus-compiler-api-2.7.pom
Downloaded from central-https: https://repo.maven.apache.org/maven2/org/codehaus/plexus/plexus-compiler-api/2.7/plexus-compiler-api-2.7.pom (0 B at 0 B/s)
Downloading from jboss-releases-plugins: https://repository.jboss.org/nexus/content/repositories/releases/org/codehaus/plexus/plexus-compiler/2.7/plexus-compiler-2.7.pom
Downloading from central-https: https://repo.maven.apache.org/maven2/org/codehaus/plexus/plexus-compiler/2.7/plexus-compiler-2.7.pom
Downloaded from central-https: https://repo.maven.apache.org/maven2/org/codehaus/plexus/plexus-compiler/2.7/plexus-compiler-2.7.pom (0 B at 0 B/s)
Downloading from jboss-releases-plugins: https://repository.jboss.org/nexus/content/repositories/releases/org/codehaus/plexus/plexus-components/4.0/plexus-components-4.0.pom
Downloading from central-https: https://repo.maven.apache.org/maven2/org/codehaus/plexus/plexus-components/4.0/plexus-components-4.0.pom
Downloaded from central-https: https://repo.maven.apache.org/maven2/org/codehaus/plexus/plexus-components/4.0/plexus-components-4.0.pom (0 B at 0 B/s)
Downloading from jboss-releases-plugins: https://repository.jboss.org/nexus/content/repositories/releases/org/codehaus/plexus/plexus-compiler-manager/2.7/plexus-compiler-manager-2.7.pom
Downloading from central-https: https://repo.maven.apache.org/maven2/org/codehaus/plexus/plexus-compiler-manager/2.7/plexus-compiler-manager-2.7.pom
Downloaded from central-https: https://repo.maven.apache.org/maven2/org/codehaus/plexus/plexus-compiler-manager/2.7/plexus-compiler-manager-2.7.pom (0 B at 0 B/s)
Downloading from jboss-releases-plugins: https://repository.jboss.org/nexus/content/repositories/releases/org/codehaus/plexus/plexus-compiler-javac/2.7/plexus-compiler-javac-2.7.pom
Downloading from central-https: https://repo.maven.apache.org/maven2/org/codehaus/plexus/plexus-compiler-javac/2.7/plexus-compiler-javac-2.7.pom
Downloaded from central-https: https://repo.maven.apache.org/maven2/org/codehaus/plexus/plexus-compiler-javac/2.7/plexus-compiler-javac-2.7.pom (0 B at 0 B/s)
Downloading from jboss-releases-plugins: https://repository.jboss.org/nexus/content/repositories/releases/org/codehaus/plexus/plexus-compilers/2.7/plexus-compilers-2.7.pom
Downloading from central-https: https://repo.maven.apache.org/maven2/org/codehaus/plexus/plexus-compilers/2.7/plexus-compilers-2.7.pom
Downloaded from central-https: https://repo.maven.apache.org/maven2/org/codehaus/plexus/plexus-compilers/2.7/plexus-compilers-2.7.pom (0 B at 0 B/s)
Downloading from jboss-releases-plugins: https://repository.jboss.org/nexus/content/repositories/releases/org/codehaus/plexus/plexus-interpolation/1.14/plexus-interpolation-1.14.jar
Downloading from jboss-releases-plugins: https://repository.jboss.org/nexus/content/repositories/releases/org/apache/maven/maven-toolchain/2.2.1/maven-toolchain-2.2.1.jar
Downloading from jboss-releases-plugins: https://repository.jboss.org/nexus/content/repositories/releases/org/apache/maven/shared/maven-shared-incremental/1.1/maven-shared-incremental-1.1.jar
Downloading from jboss-releases-plugins: https://repository.jboss.org/nexus/content/repositories/releases/org/codehaus/plexus/plexus-compiler-api/2.7/plexus-compiler-api-2.7.jar
Downloading from jboss-releases-plugins: https://repository.jboss.org/nexus/content/repositories/releases/org/codehaus/plexus/plexus-compiler-manager/2.7/plexus-compiler-manager-2.7.jar
Downloading from jboss-releases-plugins: https://repository.jboss.org/nexus/content/repositories/releases/org/codehaus/plexus/plexus-compiler-javac/2.7/plexus-compiler-javac-2.7.jar
Downloading from central-https: https://repo.maven.apache.org/maven2/org/codehaus/plexus/plexus-interpolation/1.14/plexus-interpolation-1.14.jar
Downloading from central-https: https://repo.maven.apache.org/maven2/org/apache/maven/maven-toolchain/2.2.1/maven-toolchain-2.2.1.jar
Downloading from central-https: https://repo.maven.apache.org/maven2/org/apache/maven/shared/maven-shared-incremental/1.1/maven-shared-incremental-1.1.jar
Downloading from central-https: https://repo.maven.apache.org/maven2/org/codehaus/plexus/plexus-compiler-api/2.7/plexus-compiler-api-2.7.jar
Downloading from central-https: https://repo.maven.apache.org/maven2/org/codehaus/plexus/plexus-compiler-manager/2.7/plexus-compiler-manager-2.7.jar
Downloaded from central-https: https://repo.maven.apache.org/maven2/org/apache/maven/maven-toolchain/2.2.1/maven-toolchain-2.2.1.jar (0 B at 0 B/s)
Downloaded from central-https: https://repo.maven.apache.org/maven2/org/codehaus/plexus/plexus-compiler-manager/2.7/plexus-compiler-manager-2.7.jar (0 B at 0 B/s)
Downloading from central-https: https://repo.maven.apache.org/maven2/org/codehaus/plexus/plexus-compiler-javac/2.7/plexus-compiler-javac-2.7.jar
Downloaded from central-https: https://repo.maven.apache.org/maven2/org/apache/maven/shared/maven-shared-incremental/1.1/maven-shared-incremental-1.1.jar (0 B at 0 B/s)
Downloaded from central-https: https://repo.maven.apache.org/maven2/org/codehaus/plexus/plexus-interpolation/1.14/plexus-interpolation-1.14.jar (0 B at 0 B/s)
Downloaded from central-https: https://repo.maven.apache.org/maven2/org/codehaus/plexus/plexus-compiler-api/2.7/plexus-compiler-api-2.7.jar (0 B at 0 B/s)
Downloaded from central-https: https://repo.maven.apache.org/maven2/org/codehaus/plexus/plexus-compiler-javac/2.7/plexus-compiler-javac-2.7.jar (0 B at 0 B/s)
[[1;34mINFO[m] Changes detected - recompiling the module!
[[1;34mINFO[m] Compiling 37 source files to /RicksCafe/Git.Projects/richfaces/build/build-resources/target/classes
[[1;34mINFO[m] /RicksCafe/Git.Projects/richfaces/build/build-resources/src/main/java/org/richfaces/arquillian/browser/PageLoader.java: Some input files use or override a deprecated API.
[[1;34mINFO[m] /RicksCafe/Git.Projects/richfaces/build/build-resources/src/main/java/org/richfaces/arquillian/browser/PageLoader.java: Recompile with -Xlint:deprecation for details.
[[1;34mINFO[m] 
[[1;34mINFO[m] [1m--- [0;32mmaven-resources-plugin:3.0.0:testResources[m [1m(default-testResources)[m @ [36mrichfaces-build-resources[0;1m ---[m
[[1;34mINFO[m] Using 'UTF-8' encoding to copy filtered resources.
[[1;34mINFO[m] ignoreDelta true
[[1;34mINFO[m] Copying 1 resource
[[1;34mINFO[m] Copying file beans.xml
[[1;34mINFO[m] 
[[1;34mINFO[m] [1m--- [0;32mmaven-compiler-plugin:3.5.1:testCompile[m [1m(default-testCompile)[m @ [36mrichfaces-build-resources[0;1m ---[m
[[1;34mINFO[m] No sources to compile
[[1;34mINFO[m] 
[[1;34mINFO[m] [1m--- [0;32mmaven-surefire-plugin:2.19.1:test[m [1m(default-test)[m @ [36mrichfaces-build-resources[0;1m ---[m
Downloading from jboss-releases-plugins: https://repository.jboss.org/nexus/content/repositories/releases/org/apache/maven/surefire/maven-surefire-common/2.19.1/maven-surefire-common-2.19.1.pom
Downloading from central-https: https://repo.maven.apache.org/maven2/org/apache/maven/surefire/maven-surefire-common/2.19.1/maven-surefire-common-2.19.1.pom
Downloaded from central-https: https://repo.maven.apache.org/maven2/org/apache/maven/surefire/maven-surefire-common/2.19.1/maven-surefire-common-2.19.1.pom (0 B at 0 B/s)
Downloading from jboss-releases-plugins: https://repository.jboss.org/nexus/content/repositories/releases/org/apache/maven/plugin-tools/maven-plugin-annotations/3.3/maven-plugin-annotations-3.3.pom
Downloading from central-https: https://repo.maven.apache.org/maven2/org/apache/maven/plugin-tools/maven-plugin-annotations/3.3/maven-plugin-annotations-3.3.pom
Downloaded from central-https: https://repo.maven.apache.org/maven2/org/apache/maven/plugin-tools/maven-plugin-annotations/3.3/maven-plugin-annotations-3.3.pom (0 B at 0 B/s)
Downloading from jboss-releases-plugins: https://repository.jboss.org/nexus/content/repositories/releases/org/apache/maven/plugin-tools/maven-plugin-tools/3.3/maven-plugin-tools-3.3.pom
Downloading from central-https: https://repo.maven.apache.org/maven2/org/apache/maven/plugin-tools/maven-plugin-tools/3.3/maven-plugin-tools-3.3.pom
Downloaded from central-https: https://repo.maven.apache.org/maven2/org/apache/maven/plugin-tools/maven-plugin-tools/3.3/maven-plugin-tools-3.3.pom (0 B at 0 B/s)
Downloading from jboss-releases-plugins: https://repository.jboss.org/nexus/content/repositories/releases/org/apache/maven/surefire/surefire-api/2.19.1/surefire-api-2.19.1.pom
Downloading from central-https: https://repo.maven.apache.org/maven2/org/apache/maven/surefire/surefire-api/2.19.1/surefire-api-2.19.1.pom
Downloaded from central-https: https://repo.maven.apache.org/maven2/org/apache/maven/surefire/surefire-api/2.19.1/surefire-api-2.19.1.pom (0 B at 0 B/s)
Downloading from jboss-releases-plugins: https://repository.jboss.org/nexus/content/repositories/releases/org/apache/maven/surefire/surefire-booter/2.19.1/surefire-booter-2.19.1.pom
Downloading from central-https: https://repo.maven.apache.org/maven2/org/apache/maven/surefire/surefire-booter/2.19.1/surefire-booter-2.19.1.pom
Downloaded from central-https: https://repo.maven.apache.org/maven2/org/apache/maven/surefire/surefire-booter/2.19.1/surefire-booter-2.19.1.pom (0 B at 0 B/s)
Downloading from jboss-releases-plugins: https://repository.jboss.org/nexus/content/repositories/releases/org/apache/maven/reporting/maven-reporting-api/3.0/maven-reporting-api-3.0.pom
Downloading from central-https: https://repo.maven.apache.org/maven2/org/apache/maven/reporting/maven-reporting-api/3.0/maven-reporting-api-3.0.pom
Downloaded from central-https: https://repo.maven.apache.org/maven2/org/apache/maven/reporting/maven-reporting-api/3.0/maven-reporting-api-3.0.pom (0 B at 0 B/s)
Downloading from jboss-releases-plugins: https://repository.jboss.org/nexus/content/repositories/releases/org/apache/maven/shared/maven-shared-components/15/maven-shared-components-15.pom
Downloading from central-https: https://repo.maven.apache.org/maven2/org/apache/maven/shared/maven-shared-components/15/maven-shared-components-15.pom
Downloaded from central-https: https://repo.maven.apache.org/maven2/org/apache/maven/shared/maven-shared-components/15/maven-shared-components-15.pom (0 B at 0 B/s)
Downloading from jboss-releases-plugins: https://repository.jboss.org/nexus/content/repositories/releases/org/apache/maven/maven-parent/16/maven-parent-16.pom
Downloading from central-https: https://repo.maven.apache.org/maven2/org/apache/maven/maven-parent/16/maven-parent-16.pom
Downloaded from central-https: https://repo.maven.apache.org/maven2/org/apache/maven/maven-parent/16/maven-parent-16.pom (0 B at 0 B/s)
Downloading from jboss-releases-plugins: https://repository.jboss.org/nexus/content/repositories/releases/org/apache/commons/commons-lang3/3.1/commons-lang3-3.1.pom
Downloading from central-https: https://repo.maven.apache.org/maven2/org/apache/commons/commons-lang3/3.1/commons-lang3-3.1.pom
Downloaded from central-https: https://repo.maven.apache.org/maven2/org/apache/commons/commons-lang3/3.1/commons-lang3-3.1.pom (0 B at 0 B/s)
Downloading from jboss-releases-plugins: https://repository.jboss.org/nexus/content/repositories/releases/org/apache/maven/surefire/maven-surefire-common/2.19.1/maven-surefire-common-2.19.1.jar
Downloading from jboss-releases-plugins: https://repository.jboss.org/nexus/content/repositories/releases/org/apache/maven/surefire/surefire-booter/2.19.1/surefire-booter-2.19.1.jar
Downloading from jboss-releases-plugins: https://repository.jboss.org/nexus/content/repositories/releases/org/codehaus/plexus/plexus-utils/1.5.15/plexus-utils-1.5.15.jar
Downloading from jboss-releases-plugins: https://repository.jboss.org/nexus/content/repositories/releases/org/apache/maven/maven-plugin-descriptor/2.2.1/maven-plugin-descriptor-2.2.1.jar
Downloading from jboss-releases-plugins: https://repository.jboss.org/nexus/content/repositories/releases/org/apache/maven/maven-core/2.2.1/maven-core-2.2.1.jar
Downloading from jboss-releases-plugins: https://repository.jboss.org/nexus/content/repositories/releases/org/apache/maven/maven-plugin-parameter-documenter/2.2.1/maven-plugin-parameter-documenter-2.2.1.jar
Downloading from jboss-releases-plugins: https://repository.jboss.org/nexus/content/repositories/releases/org/slf4j/slf4j-jdk14/1.5.6/slf4j-jdk14-1.5.6.jar
Downloading from jboss-releases-plugins: https://repository.jboss.org/nexus/content/repositories/releases/org/slf4j/slf4j-api/1.5.6/slf4j-api-1.5.6.jar
Downloading from jboss-releases-plugins: https://repository.jboss.org/nexus/content/repositories/releases/org/slf4j/jcl-over-slf4j/1.5.6/jcl-over-slf4j-1.5.6.jar
Downloading from jboss-releases-plugins: https://repository.jboss.org/nexus/content/repositories/releases/org/apache/maven/reporting/maven-reporting-api/3.0/maven-reporting-api-3.0.jar
Downloading from jboss-releases-plugins: https://repository.jboss.org/nexus/content/repositories/releases/org/apache/maven/maven-error-diagnostics/2.2.1/maven-error-diagnostics-2.2.1.jar
Downloading from jboss-releases-plugins: https://repository.jboss.org/nexus/content/repositories/releases/org/apache/maven/maven-monitor/2.2.1/maven-monitor-2.2.1.jar
Downloading from jboss-releases-plugins: https://repository.jboss.org/nexus/content/repositories/releases/classworlds/classworlds/1.1/classworlds-1.1.jar
Downloading from jboss-releases-plugins: https://repository.jboss.org/nexus/content/repositories/releases/org/apache/commons/commons-lang3/3.1/commons-lang3-3.1.jar
Downloading from jboss-releases-plugins: https://repository.jboss.org/nexus/content/repositories/releases/org/apache/maven/surefire/surefire-api/2.19.1/surefire-api-2.19.1.jar
Downloading from jboss-releases-plugins: https://repository.jboss.org/nexus/content/repositories/releases/org/apache/maven/plugin-tools/maven-plugin-annotations/3.3/maven-plugin-annotations-3.3.jar
Downloading from central-https: https://repo.maven.apache.org/maven2/org/apache/maven/surefire/maven-surefire-common/2.19.1/maven-surefire-common-2.19.1.jar
Downloading from central-https: https://repo.maven.apache.org/maven2/org/apache/maven/surefire/surefire-booter/2.19.1/surefire-booter-2.19.1.jar
Downloading from central-https: https://repo.maven.apache.org/maven2/org/codehaus/plexus/plexus-utils/1.5.15/plexus-utils-1.5.15.jar
Downloading from central-https: https://repo.maven.apache.org/maven2/org/apache/maven/maven-plugin-descriptor/2.2.1/maven-plugin-descriptor-2.2.1.jar
Downloading from central-https: https://repo.maven.apache.org/maven2/org/apache/maven/maven-core/2.2.1/maven-core-2.2.1.jar
Downloaded from central-https: https://repo.maven.apache.org/maven2/org/apache/maven/maven-core/2.2.1/maven-core-2.2.1.jar (0 B at 0 B/s)
Downloaded from central-https: https://repo.maven.apache.org/maven2/org/apache/maven/surefire/maven-surefire-common/2.19.1/maven-surefire-common-2.19.1.jar (0 B at 0 B/s)
Downloading from central-https: https://repo.maven.apache.org/maven2/org/apache/maven/maven-plugin-parameter-documenter/2.2.1/maven-plugin-parameter-documenter-2.2.1.jar
Downloading from central-https: https://repo.maven.apache.org/maven2/org/slf4j/slf4j-jdk14/1.5.6/slf4j-jdk14-1.5.6.jar
Downloaded from central-https: https://repo.maven.apache.org/maven2/org/codehaus/plexus/plexus-utils/1.5.15/plexus-utils-1.5.15.jar (0 B at 0 B/s)
Downloading from central-https: https://repo.maven.apache.org/maven2/org/slf4j/slf4j-api/1.5.6/slf4j-api-1.5.6.jar
Downloaded from central-https: https://repo.maven.apache.org/maven2/org/apache/maven/maven-plugin-descriptor/2.2.1/maven-plugin-descriptor-2.2.1.jar (0 B at 0 B/s)
Downloaded from central-https: https://repo.maven.apache.org/maven2/org/apache/maven/surefire/surefire-booter/2.19.1/surefire-booter-2.19.1.jar (0 B at 0 B/s)
Downloading from central-https: https://repo.maven.apache.org/maven2/org/apache/maven/reporting/maven-reporting-api/3.0/maven-reporting-api-3.0.jar
Downloading from central-https: https://repo.maven.apache.org/maven2/org/slf4j/jcl-over-slf4j/1.5.6/jcl-over-slf4j-1.5.6.jar
Downloaded from central-https: https://repo.maven.apache.org/maven2/org/apache/maven/maven-plugin-parameter-documenter/2.2.1/maven-plugin-parameter-documenter-2.2.1.jar (0 B at 0 B/s)
Downloading from central-https: https://repo.maven.apache.org/maven2/org/apache/maven/maven-error-diagnostics/2.2.1/maven-error-diagnostics-2.2.1.jar
Downloaded from central-https: https://repo.maven.apache.org/maven2/org/slf4j/slf4j-jdk14/1.5.6/slf4j-jdk14-1.5.6.jar (0 B at 0 B/s)
Downloading from central-https: https://repo.maven.apache.org/maven2/org/apache/maven/maven-monitor/2.2.1/maven-monitor-2.2.1.jar
Downloaded from central-https: https://repo.maven.apache.org/maven2/org/apache/maven/maven-error-diagnostics/2.2.1/maven-error-diagnostics-2.2.1.jar (0 B at 0 B/s)
Downloading from central-https: https://repo.maven.apache.org/maven2/classworlds/classworlds/1.1/classworlds-1.1.jar
Downloaded from central-https: https://repo.maven.apache.org/maven2/org/slf4j/slf4j-api/1.5.6/slf4j-api-1.5.6.jar (0 B at 0 B/s)
Downloading from central-https: https://repo.maven.apache.org/maven2/org/apache/commons/commons-lang3/3.1/commons-lang3-3.1.jar
Downloaded from central-https: https://repo.maven.apache.org/maven2/org/slf4j/jcl-over-slf4j/1.5.6/jcl-over-slf4j-1.5.6.jar (0 B at 0 B/s)
Downloading from central-https: https://repo.maven.apache.org/maven2/org/apache/maven/surefire/surefire-api/2.19.1/surefire-api-2.19.1.jar
Downloaded from central-https: https://repo.maven.apache.org/maven2/org/apache/maven/maven-monitor/2.2.1/maven-monitor-2.2.1.jar (0 B at 0 B/s)
Downloading from central-https: https://repo.maven.apache.org/maven2/org/apache/maven/plugin-tools/maven-plugin-annotations/3.3/maven-plugin-annotations-3.3.jar
Downloaded from central-https: https://repo.maven.apache.org/maven2/org/apache/maven/reporting/maven-reporting-api/3.0/maven-reporting-api-3.0.jar (0 B at 0 B/s)
Downloaded from central-https: https://repo.maven.apache.org/maven2/classworlds/classworlds/1.1/classworlds-1.1.jar (0 B at 0 B/s)
Downloaded from central-https: https://repo.maven.apache.org/maven2/org/apache/maven/plugin-tools/maven-plugin-annotations/3.3/maven-plugin-annotations-3.3.jar (0 B at 0 B/s)
Downloaded from central-https: https://repo.maven.apache.org/maven2/org/apache/commons/commons-lang3/3.1/commons-lang3-3.1.jar (0 B at 0 B/s)
Downloaded from central-https: https://repo.maven.apache.org/maven2/org/apache/maven/surefire/surefire-api/2.19.1/surefire-api-2.19.1.jar (0 B at 0 B/s)
[[1;34mINFO[m] 
[[1;34mINFO[m] [1m--- [0;32mmaven-jar-plugin:2.4:jar[m [1m(default-jar)[m @ [36mrichfaces-build-resources[0;1m ---[m
Downloading from jboss-releases-plugins: https://repository.jboss.org/nexus/content/repositories/releases/org/apache/maven/maven-plugin-api/2.0.6/maven-plugin-api-2.0.6.pom
Downloading from central-https: https://repo.maven.apache.org/maven2/org/apache/maven/maven-plugin-api/2.0.6/maven-plugin-api-2.0.6.pom
Downloaded from central-https: https://repo.maven.apache.org/maven2/org/apache/maven/maven-plugin-api/2.0.6/maven-plugin-api-2.0.6.pom (0 B at 0 B/s)
Downloading from jboss-releases-plugins: https://repository.jboss.org/nexus/content/repositories/releases/org/apache/maven/maven/2.0.6/maven-2.0.6.pom
Downloading from central-https: https://repo.maven.apache.org/maven2/org/apache/maven/maven/2.0.6/maven-2.0.6.pom
Downloaded from central-https: https://repo.maven.apache.org/maven2/org/apache/maven/maven/2.0.6/maven-2.0.6.pom (0 B at 0 B/s)
Downloading from jboss-releases-plugins: https://repository.jboss.org/nexus/content/repositories/releases/org/apache/maven/maven-parent/5/maven-parent-5.pom
Downloading from central-https: https://repo.maven.apache.org/maven2/org/apache/maven/maven-parent/5/maven-parent-5.pom
Downloaded from central-https: https://repo.maven.apache.org/maven2/org/apache/maven/maven-parent/5/maven-parent-5.pom (0 B at 0 B/s)
Downloading from jboss-releases-plugins: https://repository.jboss.org/nexus/content/repositories/releases/org/apache/apache/3/apache-3.pom
Downloading from central-https: https://repo.maven.apache.org/maven2/org/apache/apache/3/apache-3.pom
Downloaded from central-https: https://repo.maven.apache.org/maven2/org/apache/apache/3/apache-3.pom (0 B at 0 B/s)
Downloading from jboss-releases-plugins: https://repository.jboss.org/nexus/content/repositories/releases/org/apache/maven/maven-project/2.0.6/maven-project-2.0.6.pom
Downloading from central-https: https://repo.maven.apache.org/maven2/org/apache/maven/maven-project/2.0.6/maven-project-2.0.6.pom
Downloaded from central-https: https://repo.maven.apache.org/maven2/org/apache/maven/maven-project/2.0.6/maven-project-2.0.6.pom (0 B at 0 B/s)
Downloading from jboss-releases-plugins: https://repository.jboss.org/nexus/content/repositories/releases/org/apache/maven/maven-settings/2.0.6/maven-settings-2.0.6.pom
Downloading from central-https: https://repo.maven.apache.org/maven2/org/apache/maven/maven-settings/2.0.6/maven-settings-2.0.6.pom
Downloaded from central-https: https://repo.maven.apache.org/maven2/org/apache/maven/maven-settings/2.0.6/maven-settings-2.0.6.pom (0 B at 0 B/s)
Downloading from jboss-releases-plugins: https://repository.jboss.org/nexus/content/repositories/releases/org/apache/maven/maven-model/2.0.6/maven-model-2.0.6.pom
Downloading from central-https: https://repo.maven.apache.org/maven2/org/apache/maven/maven-model/2.0.6/maven-model-2.0.6.pom
Downloaded from central-https: https://repo.maven.apache.org/maven2/org/apache/maven/maven-model/2.0.6/maven-model-2.0.6.pom (0 B at 0 B/s)
Downloading from jboss-releases-plugins: https://repository.jboss.org/nexus/content/repositories/releases/org/codehaus/plexus/plexus-utils/1.4.1/plexus-utils-1.4.1.pom
Downloading from central-https: https://repo.maven.apache.org/maven2/org/codehaus/plexus/plexus-utils/1.4.1/plexus-utils-1.4.1.pom
Downloaded from central-https: https://repo.maven.apache.org/maven2/org/codehaus/plexus/plexus-utils/1.4.1/plexus-utils-1.4.1.pom (0 B at 0 B/s)
Downloading from jboss-releases-plugins: https://repository.jboss.org/nexus/content/repositories/releases/org/apache/maven/maven-profile/2.0.6/maven-profile-2.0.6.pom
Downloading from central-https: https://repo.maven.apache.org/maven2/org/apache/maven/maven-profile/2.0.6/maven-profile-2.0.6.pom
Downloaded from central-https: https://repo.maven.apache.org/maven2/org/apache/maven/maven-profile/2.0.6/maven-profile-2.0.6.pom (0 B at 0 B/s)
Downloading from jboss-releases-plugins: https://repository.jboss.org/nexus/content/repositories/releases/org/apache/maven/maven-artifact-manager/2.0.6/maven-artifact-manager-2.0.6.pom
Downloading from central-https: https://repo.maven.apache.org/maven2/org/apache/maven/maven-artifact-manager/2.0.6/maven-artifact-manager-2.0.6.pom
Downloaded from central-https: https://repo.maven.apache.org/maven2/org/apache/maven/maven-artifact-manager/2.0.6/maven-artifact-manager-2.0.6.pom (0 B at 0 B/s)
Downloading from jboss-releases-plugins: https://repository.jboss.org/nexus/content/repositories/releases/org/apache/maven/maven-repository-metadata/2.0.6/maven-repository-metadata-2.0.6.pom
Downloading from central-https: https://repo.maven.apache.org/maven2/org/apache/maven/maven-repository-metadata/2.0.6/maven-repository-metadata-2.0.6.pom
Downloaded from central-https: https://repo.maven.apache.org/maven2/org/apache/maven/maven-repository-metadata/2.0.6/maven-repository-metadata-2.0.6.pom (0 B at 0 B/s)
Downloading from jboss-releases-plugins: https://repository.jboss.org/nexus/content/repositories/releases/org/apache/maven/maven-artifact/2.0.6/maven-artifact-2.0.6.pom
Downloading from central-https: https://repo.maven.apache.org/maven2/org/apache/maven/maven-artifact/2.0.6/maven-artifact-2.0.6.pom
Downloaded from central-https: https://repo.maven.apache.org/maven2/org/apache/maven/maven-artifact/2.0.6/maven-artifact-2.0.6.pom (0 B at 0 B/s)
Downloading from jboss-releases-plugins: https://repository.jboss.org/nexus/content/repositories/releases/org/apache/maven/maven-plugin-registry/2.0.6/maven-plugin-registry-2.0.6.pom
Downloading from central-https: https://repo.maven.apache.org/maven2/org/apache/maven/maven-plugin-registry/2.0.6/maven-plugin-registry-2.0.6.pom
Downloaded from central-https: https://repo.maven.apache.org/maven2/org/apache/maven/maven-plugin-registry/2.0.6/maven-plugin-registry-2.0.6.pom (0 B at 0 B/s)
Downloading from jboss-releases-plugins: https://repository.jboss.org/nexus/content/repositories/releases/org/apache/maven/maven-archiver/2.5/maven-archiver-2.5.pom
Downloading from central-https: https://repo.maven.apache.org/maven2/org/apache/maven/maven-archiver/2.5/maven-archiver-2.5.pom
Downloaded from central-https: https://repo.maven.apache.org/maven2/org/apache/maven/maven-archiver/2.5/maven-archiver-2.5.pom (0 B at 0 B/s)
Downloading from jboss-releases-plugins: https://repository.jboss.org/nexus/content/repositories/releases/org/apache/maven/shared/maven-shared-components/17/maven-shared-components-17.pom
Downloading from central-https: https://repo.maven.apache.org/maven2/org/apache/maven/shared/maven-shared-components/17/maven-shared-components-17.pom
Downloaded from central-https: https://repo.maven.apache.org/maven2/org/apache/maven/shared/maven-shared-components/17/maven-shared-components-17.pom (0 B at 0 B/s)
Downloading from jboss-releases-plugins: https://repository.jboss.org/nexus/content/repositories/releases/org/apache/maven/maven-core/2.0.6/maven-core-2.0.6.pom
Downloading from central-https: https://repo.maven.apache.org/maven2/org/apache/maven/maven-core/2.0.6/maven-core-2.0.6.pom
Downloaded from central-https: https://repo.maven.apache.org/maven2/org/apache/maven/maven-core/2.0.6/maven-core-2.0.6.pom (0 B at 0 B/s)
Downloading from jboss-releases-plugins: https://repository.jboss.org/nexus/content/repositories/releases/org/apache/maven/maven-plugin-parameter-documenter/2.0.6/maven-plugin-parameter-documenter-2.0.6.pom
Downloading from central-https: https://repo.maven.apache.org/maven2/org/apache/maven/maven-plugin-parameter-documenter/2.0.6/maven-plugin-parameter-documenter-2.0.6.pom
Downloaded from central-https: https://repo.maven.apache.org/maven2/org/apache/maven/maven-plugin-parameter-documenter/2.0.6/maven-plugin-parameter-documenter-2.0.6.pom (0 B at 0 B/s)
Downloading from jboss-releases-plugins: https://repository.jboss.org/nexus/content/repositories/releases/org/apache/maven/reporting/maven-reporting-api/2.0.6/maven-reporting-api-2.0.6.pom
Downloading from central-https: https://repo.maven.apache.org/maven2/org/apache/maven/reporting/maven-reporting-api/2.0.6/maven-reporting-api-2.0.6.pom
Downloaded from central-https: https://repo.maven.apache.org/maven2/org/apache/maven/reporting/maven-reporting-api/2.0.6/maven-reporting-api-2.0.6.pom (0 B at 0 B/s)
Downloading from jboss-releases-plugins: https://repository.jboss.org/nexus/content/repositories/releases/org/apache/maven/reporting/maven-reporting/2.0.6/maven-reporting-2.0.6.pom
Downloading from central-https: https://repo.maven.apache.org/maven2/org/apache/maven/reporting/maven-reporting/2.0.6/maven-reporting-2.0.6.pom
Downloaded from central-https: https://repo.maven.apache.org/maven2/org/apache/maven/reporting/maven-reporting/2.0.6/maven-reporting-2.0.6.pom (0 B at 0 B/s)
Downloading from jboss-releases-plugins: https://repository.jboss.org/nexus/content/repositories/releases/org/apache/maven/doxia/doxia-sink-api/1.0-alpha-7/doxia-sink-api-1.0-alpha-7.pom
Downloading from central-https: https://repo.maven.apache.org/maven2/org/apache/maven/doxia/doxia-sink-api/1.0-alpha-7/doxia-sink-api-1.0-alpha-7.pom
Downloaded from central-https: https://repo.maven.apache.org/maven2/org/apache/maven/doxia/doxia-sink-api/1.0-alpha-7/doxia-sink-api-1.0-alpha-7.pom (0 B at 0 B/s)
Downloading from jboss-releases-plugins: https://repository.jboss.org/nexus/content/repositories/releases/org/apache/maven/doxia/doxia/1.0-alpha-7/doxia-1.0-alpha-7.pom
Downloading from central-https: https://repo.maven.apache.org/maven2/org/apache/maven/doxia/doxia/1.0-alpha-7/doxia-1.0-alpha-7.pom
Downloaded from central-https: https://repo.maven.apache.org/maven2/org/apache/maven/doxia/doxia/1.0-alpha-7/doxia-1.0-alpha-7.pom (0 B at 0 B/s)
Downloading from jboss-releases-plugins: https://repository.jboss.org/nexus/content/repositories/releases/org/apache/maven/maven-error-diagnostics/2.0.6/maven-error-diagnostics-2.0.6.pom
Downloading from central-https: https://repo.maven.apache.org/maven2/org/apache/maven/maven-error-diagnostics/2.0.6/maven-error-diagnostics-2.0.6.pom
Downloaded from central-https: https://repo.maven.apache.org/maven2/org/apache/maven/maven-error-diagnostics/2.0.6/maven-error-diagnostics-2.0.6.pom (0 B at 0 B/s)
Downloading from jboss-releases-plugins: https://repository.jboss.org/nexus/content/repositories/releases/commons-cli/commons-cli/1.0/commons-cli-1.0.pom
Downloading from central-https: https://repo.maven.apache.org/maven2/commons-cli/commons-cli/1.0/commons-cli-1.0.pom
Downloaded from central-https: https://repo.maven.apache.org/maven2/commons-cli/commons-cli/1.0/commons-cli-1.0.pom (0 B at 0 B/s)
Downloading from jboss-releases-plugins: https://repository.jboss.org/nexus/content/repositories/releases/org/apache/maven/maven-plugin-descriptor/2.0.6/maven-plugin-descriptor-2.0.6.pom
Downloading from central-https: https://repo.maven.apache.org/maven2/org/apache/maven/maven-plugin-descriptor/2.0.6/maven-plugin-descriptor-2.0.6.pom
Downloaded from central-https: https://repo.maven.apache.org/maven2/org/apache/maven/maven-plugin-descriptor/2.0.6/maven-plugin-descriptor-2.0.6.pom (0 B at 0 B/s)
Downloading from jboss-releases-plugins: https://repository.jboss.org/nexus/content/repositories/releases/org/apache/maven/maven-monitor/2.0.6/maven-monitor-2.0.6.pom
Downloading from central-https: https://repo.maven.apache.org/maven2/org/apache/maven/maven-monitor/2.0.6/maven-monitor-2.0.6.pom
Downloaded from central-https: https://repo.maven.apache.org/maven2/org/apache/maven/maven-monitor/2.0.6/maven-monitor-2.0.6.pom (0 B at 0 B/s)
Downloading from jboss-releases-plugins: https://repository.jboss.org/nexus/content/repositories/releases/org/codehaus/plexus/plexus-archiver/2.1/plexus-archiver-2.1.pom
Downloading from central-https: https://repo.maven.apache.org/maven2/org/codehaus/plexus/plexus-archiver/2.1/plexus-archiver-2.1.pom
Downloaded from central-https: https://repo.maven.apache.org/maven2/org/codehaus/plexus/plexus-archiver/2.1/plexus-archiver-2.1.pom (0 B at 0 B/s)
Downloading from jboss-releases-plugins: https://repository.jboss.org/nexus/content/repositories/releases/org/codehaus/plexus/plexus-utils/3.0/plexus-utils-3.0.pom
Downloading from central-https: https://repo.maven.apache.org/maven2/org/codehaus/plexus/plexus-utils/3.0/plexus-utils-3.0.pom
Downloaded from central-https: https://repo.maven.apache.org/maven2/org/codehaus/plexus/plexus-utils/3.0/plexus-utils-3.0.pom (0 B at 0 B/s)
Downloading from jboss-releases-plugins: https://repository.jboss.org/nexus/content/repositories/releases/org/sonatype/spice/spice-parent/16/spice-parent-16.pom
Downloading from central-https: https://repo.maven.apache.org/maven2/org/sonatype/spice/spice-parent/16/spice-parent-16.pom
Downloaded from central-https: https://repo.maven.apache.org/maven2/org/sonatype/spice/spice-parent/16/spice-parent-16.pom (0 B at 0 B/s)
Downloading from jboss-releases-plugins: https://repository.jboss.org/nexus/content/repositories/releases/org/codehaus/plexus/plexus-io/2.0.2/plexus-io-2.0.2.pom
Downloading from central-https: https://repo.maven.apache.org/maven2/org/codehaus/plexus/plexus-io/2.0.2/plexus-io-2.0.2.pom
Downloaded from central-https: https://repo.maven.apache.org/maven2/org/codehaus/plexus/plexus-io/2.0.2/plexus-io-2.0.2.pom (0 B at 0 B/s)
Downloading from jboss-releases-plugins: https://repository.jboss.org/nexus/content/repositories/releases/org/codehaus/plexus/plexus-components/1.1.19/plexus-components-1.1.19.pom
Downloading from central-https: https://repo.maven.apache.org/maven2/org/codehaus/plexus/plexus-components/1.1.19/plexus-components-1.1.19.pom
Downloaded from central-https: https://repo.maven.apache.org/maven2/org/codehaus/plexus/plexus-components/1.1.19/plexus-components-1.1.19.pom (0 B at 0 B/s)
Downloading from jboss-releases-plugins: https://repository.jboss.org/nexus/content/repositories/releases/org/codehaus/plexus/plexus/3.0.1/plexus-3.0.1.pom
Downloading from central-https: https://repo.maven.apache.org/maven2/org/codehaus/plexus/plexus/3.0.1/plexus-3.0.1.pom
Downloaded from central-https: https://repo.maven.apache.org/maven2/org/codehaus/plexus/plexus/3.0.1/plexus-3.0.1.pom (0 B at 0 B/s)
Downloading from jboss-releases-plugins: https://repository.jboss.org/nexus/content/repositories/releases/org/codehaus/plexus/plexus-interpolation/1.15/plexus-interpolation-1.15.pom
Downloading from central-https: https://repo.maven.apache.org/maven2/org/codehaus/plexus/plexus-interpolation/1.15/plexus-interpolation-1.15.pom
Downloaded from central-https: https://repo.maven.apache.org/maven2/org/codehaus/plexus/plexus-interpolation/1.15/plexus-interpolation-1.15.pom (0 B at 0 B/s)
Downloading from jboss-releases-plugins: https://repository.jboss.org/nexus/content/repositories/releases/commons-lang/commons-lang/2.1/commons-lang-2.1.pom
Downloading from central-https: https://repo.maven.apache.org/maven2/commons-lang/commons-lang/2.1/commons-lang-2.1.pom
Downloaded from central-https: https://repo.maven.apache.org/maven2/commons-lang/commons-lang/2.1/commons-lang-2.1.pom (0 B at 0 B/s)
Downloading from jboss-releases-plugins: https://repository.jboss.org/nexus/content/repositories/releases/org/apache/maven/maven-plugin-api/2.0.6/maven-plugin-api-2.0.6.jar
Downloading from jboss-releases-plugins: https://repository.jboss.org/nexus/content/repositories/releases/org/apache/maven/maven-settings/2.0.6/maven-settings-2.0.6.jar
Downloading from jboss-releases-plugins: https://repository.jboss.org/nexus/content/repositories/releases/org/apache/maven/maven-project/2.0.6/maven-project-2.0.6.jar
Downloading from jboss-releases-plugins: https://repository.jboss.org/nexus/content/repositories/releases/org/apache/maven/maven-profile/2.0.6/maven-profile-2.0.6.jar
Downloading from jboss-releases-plugins: https://repository.jboss.org/nexus/content/repositories/releases/org/apache/maven/maven-artifact-manager/2.0.6/maven-artifact-manager-2.0.6.jar
Downloading from jboss-releases-plugins: https://repository.jboss.org/nexus/content/repositories/releases/org/apache/maven/maven-repository-metadata/2.0.6/maven-repository-metadata-2.0.6.jar
Downloading from jboss-releases-plugins: https://repository.jboss.org/nexus/content/repositories/releases/org/apache/maven/maven-plugin-registry/2.0.6/maven-plugin-registry-2.0.6.jar
Downloading from jboss-releases-plugins: https://repository.jboss.org/nexus/content/repositories/releases/org/apache/maven/maven-model/2.0.6/maven-model-2.0.6.jar
Downloading from jboss-releases-plugins: https://repository.jboss.org/nexus/content/repositories/releases/org/apache/maven/maven-artifact/2.0.6/maven-artifact-2.0.6.jar
Downloading from jboss-releases-plugins: https://repository.jboss.org/nexus/content/repositories/releases/org/apache/maven/maven-archiver/2.5/maven-archiver-2.5.jar
Downloading from jboss-releases-plugins: https://repository.jboss.org/nexus/content/repositories/releases/org/apache/maven/maven-core/2.0.6/maven-core-2.0.6.jar
Downloading from jboss-releases-plugins: https://repository.jboss.org/nexus/content/repositories/releases/org/apache/maven/maven-plugin-parameter-documenter/2.0.6/maven-plugin-parameter-documenter-2.0.6.jar
Downloading from jboss-releases-plugins: https://repository.jboss.org/nexus/content/repositories/releases/org/apache/maven/reporting/maven-reporting-api/2.0.6/maven-reporting-api-2.0.6.jar
Downloading from jboss-releases-plugins: https://repository.jboss.org/nexus/content/repositories/releases/org/apache/maven/doxia/doxia-sink-api/1.0-alpha-7/doxia-sink-api-1.0-alpha-7.jar
Downloading from jboss-releases-plugins: https://repository.jboss.org/nexus/content/repositories/releases/org/apache/maven/maven-error-diagnostics/2.0.6/maven-error-diagnostics-2.0.6.jar
Downloading from jboss-releases-plugins: https://repository.jboss.org/nexus/content/repositories/releases/commons-cli/commons-cli/1.0/commons-cli-1.0.jar
Downloading from jboss-releases-plugins: https://repository.jboss.org/nexus/content/repositories/releases/org/apache/maven/maven-plugin-descriptor/2.0.6/maven-plugin-descriptor-2.0.6.jar
Downloading from jboss-releases-plugins: https://repository.jboss.org/nexus/content/repositories/releases/org/codehaus/plexus/plexus-interactivity-api/1.0-alpha-4/plexus-interactivity-api-1.0-alpha-4.jar
Downloading from jboss-releases-plugins: https://repository.jboss.org/nexus/content/repositories/releases/org/apache/maven/maven-monitor/2.0.6/maven-monitor-2.0.6.jar
Downloading from jboss-releases-plugins: https://repository.jboss.org/nexus/content/repositories/releases/org/codehaus/plexus/plexus-interpolation/1.15/plexus-interpolation-1.15.jar
Downloading from jboss-releases-plugins: https://repository.jboss.org/nexus/content/repositories/releases/org/codehaus/plexus/plexus-archiver/2.1/plexus-archiver-2.1.jar
Downloading from jboss-releases-plugins: https://repository.jboss.org/nexus/content/repositories/releases/org/codehaus/plexus/plexus-io/2.0.2/plexus-io-2.0.2.jar
Downloading from jboss-releases-plugins: https://repository.jboss.org/nexus/content/repositories/releases/commons-lang/commons-lang/2.1/commons-lang-2.1.jar
Downloading from jboss-releases-plugins: https://repository.jboss.org/nexus/content/repositories/releases/org/codehaus/plexus/plexus-utils/3.0/plexus-utils-3.0.jar
Downloading from central-https: https://repo.maven.apache.org/maven2/org/apache/maven/maven-plugin-api/2.0.6/maven-plugin-api-2.0.6.jar
Downloading from central-https: https://repo.maven.apache.org/maven2/org/apache/maven/maven-project/2.0.6/maven-project-2.0.6.jar
Downloading from central-https: https://repo.maven.apache.org/maven2/org/apache/maven/maven-settings/2.0.6/maven-settings-2.0.6.jar
Downloading from central-https: https://repo.maven.apache.org/maven2/org/apache/maven/maven-profile/2.0.6/maven-profile-2.0.6.jar
Downloading from central-https: https://repo.maven.apache.org/maven2/org/apache/maven/maven-artifact-manager/2.0.6/maven-artifact-manager-2.0.6.jar
Downloaded from central-https: https://repo.maven.apache.org/maven2/org/apache/maven/maven-plugin-api/2.0.6/maven-plugin-api-2.0.6.jar (0 B at 0 B/s)
Downloading from central-https: https://repo.maven.apache.org/maven2/org/apache/maven/maven-repository-metadata/2.0.6/maven-repository-metadata-2.0.6.jar
Downloaded from central-https: https://repo.maven.apache.org/maven2/org/apache/maven/maven-profile/2.0.6/maven-profile-2.0.6.jar (0 B at 0 B/s)
Downloading from central-https: https://repo.maven.apache.org/maven2/org/apache/maven/maven-plugin-registry/2.0.6/maven-plugin-registry-2.0.6.jar
Downloaded from central-https: https://repo.maven.apache.org/maven2/org/apache/maven/maven-settings/2.0.6/maven-settings-2.0.6.jar (0 B at 0 B/s)
Downloading from central-https: https://repo.maven.apache.org/maven2/org/apache/maven/maven-model/2.0.6/maven-model-2.0.6.jar
Downloaded from central-https: https://repo.maven.apache.org/maven2/org/apache/maven/maven-project/2.0.6/maven-project-2.0.6.jar (0 B at 0 B/s)
Downloading from central-https: https://repo.maven.apache.org/maven2/org/apache/maven/maven-artifact/2.0.6/maven-artifact-2.0.6.jar
Downloaded from central-https: https://repo.maven.apache.org/maven2/org/apache/maven/maven-artifact-manager/2.0.6/maven-artifact-manager-2.0.6.jar (0 B at 0 B/s)
Downloading from central-https: https://repo.maven.apache.org/maven2/org/apache/maven/maven-archiver/2.5/maven-archiver-2.5.jar
Downloaded from central-https: https://repo.maven.apache.org/maven2/org/apache/maven/maven-repository-metadata/2.0.6/maven-repository-metadata-2.0.6.jar (0 B at 0 B/s)
Downloading from central-https: https://repo.maven.apache.org/maven2/org/apache/maven/maven-core/2.0.6/maven-core-2.0.6.jar
Downloaded from central-https: https://repo.maven.apache.org/maven2/org/apache/maven/maven-plugin-registry/2.0.6/maven-plugin-registry-2.0.6.jar (0 B at 0 B/s)
Downloading from central-https: https://repo.maven.apache.org/maven2/org/apache/maven/maven-plugin-parameter-documenter/2.0.6/maven-plugin-parameter-documenter-2.0.6.jar
Downloaded from central-https: https://repo.maven.apache.org/maven2/org/apache/maven/maven-model/2.0.6/maven-model-2.0.6.jar (0 B at 0 B/s)
Downloading from central-https: https://repo.maven.apache.org/maven2/org/apache/maven/reporting/maven-reporting-api/2.0.6/maven-reporting-api-2.0.6.jar
Downloaded from central-https: https://repo.maven.apache.org/maven2/org/apache/maven/maven-artifact/2.0.6/maven-artifact-2.0.6.jar (0 B at 0 B/s)
Downloading from central-https: https://repo.maven.apache.org/maven2/org/apache/maven/doxia/doxia-sink-api/1.0-alpha-7/doxia-sink-api-1.0-alpha-7.jar
Downloaded from central-https: https://repo.maven.apache.org/maven2/org/apache/maven/maven-archiver/2.5/maven-archiver-2.5.jar (0 B at 0 B/s)
Downloading from central-https: https://repo.maven.apache.org/maven2/org/apache/maven/maven-error-diagnostics/2.0.6/maven-error-diagnostics-2.0.6.jar
Downloaded from central-https: https://repo.maven.apache.org/maven2/org/apache/maven/maven-core/2.0.6/maven-core-2.0.6.jar (0 B at 0 B/s)
Downloading from central-https: https://repo.maven.apache.org/maven2/commons-cli/commons-cli/1.0/commons-cli-1.0.jar
Downloaded from central-https: https://repo.maven.apache.org/maven2/org/apache/maven/maven-plugin-parameter-documenter/2.0.6/maven-plugin-parameter-documenter-2.0.6.jar (0 B at 0 B/s)
Downloading from central-https: https://repo.maven.apache.org/maven2/org/apache/maven/maven-plugin-descriptor/2.0.6/maven-plugin-descriptor-2.0.6.jar
Downloaded from central-https: https://repo.maven.apache.org/maven2/org/apache/maven/reporting/maven-reporting-api/2.0.6/maven-reporting-api-2.0.6.jar (0 B at 0 B/s)
Downloading from central-https: https://repo.maven.apache.org/maven2/org/codehaus/plexus/plexus-interactivity-api/1.0-alpha-4/plexus-interactivity-api-1.0-alpha-4.jar
Downloaded from central-https: https://repo.maven.apache.org/maven2/commons-cli/commons-cli/1.0/commons-cli-1.0.jar (0 B at 0 B/s)
Downloading from central-https: https://repo.maven.apache.org/maven2/org/apache/maven/maven-monitor/2.0.6/maven-monitor-2.0.6.jar
Downloaded from central-https: https://repo.maven.apache.org/maven2/org/apache/maven/doxia/doxia-sink-api/1.0-alpha-7/doxia-sink-api-1.0-alpha-7.jar (0 B at 0 B/s)
Downloading from central-https: https://repo.maven.apache.org/maven2/org/codehaus/plexus/plexus-interpolation/1.15/plexus-interpolation-1.15.jar
Downloaded from central-https: https://repo.maven.apache.org/maven2/org/apache/maven/maven-error-diagnostics/2.0.6/maven-error-diagnostics-2.0.6.jar (0 B at 0 B/s)
Downloading from central-https: https://repo.maven.apache.org/maven2/org/codehaus/plexus/plexus-archiver/2.1/plexus-archiver-2.1.jar
Downloaded from central-https: https://repo.maven.apache.org/maven2/org/codehaus/plexus/plexus-interactivity-api/1.0-alpha-4/plexus-interactivity-api-1.0-alpha-4.jar (0 B at 0 B/s)
Downloaded from central-https: https://repo.maven.apache.org/maven2/org/apache/maven/maven-plugin-descriptor/2.0.6/maven-plugin-descriptor-2.0.6.jar (0 B at 0 B/s)
Downloading from central-https: https://repo.maven.apache.org/maven2/org/codehaus/plexus/plexus-io/2.0.2/plexus-io-2.0.2.jar
Downloading from central-https: https://repo.maven.apache.org/maven2/commons-lang/commons-lang/2.1/commons-lang-2.1.jar
Downloaded from central-https: https://repo.maven.apache.org/maven2/org/apache/maven/maven-monitor/2.0.6/maven-monitor-2.0.6.jar (0 B at 0 B/s)
Downloading from central-https: https://repo.maven.apache.org/maven2/org/codehaus/plexus/plexus-utils/3.0/plexus-utils-3.0.jar
Downloaded from central-https: https://repo.maven.apache.org/maven2/org/codehaus/plexus/plexus-interpolation/1.15/plexus-interpolation-1.15.jar (0 B at 0 B/s)
Downloaded from central-https: https://repo.maven.apache.org/maven2/commons-lang/commons-lang/2.1/commons-lang-2.1.jar (0 B at 0 B/s)
Downloaded from central-https: https://repo.maven.apache.org/maven2/org/codehaus/plexus/plexus-utils/3.0/plexus-utils-3.0.jar (0 B at 0 B/s)
Downloaded from central-https: https://repo.maven.apache.org/maven2/org/codehaus/plexus/plexus-archiver/2.1/plexus-archiver-2.1.jar (0 B at 0 B/s)
Downloaded from central-https: https://repo.maven.apache.org/maven2/org/codehaus/plexus/plexus-io/2.0.2/plexus-io-2.0.2.jar (0 B at 0 B/s)
[[1;34mINFO[m] Building jar: /RicksCafe/Git.Projects/richfaces/build/build-resources/target/richfaces-build-resources-4.5.18-SNAPSHOT.jar
[[1;34mINFO[m] 
[[1;34mINFO[m] [1m--- [0;32mmaven-assembly-plugin:2.6:single[m [1m(package-configuration-tomcat6)[m @ [36mrichfaces-build-resources[0;1m ---[m
Downloading from jboss-releases-plugins: https://repository.jboss.org/nexus/content/repositories/releases/org/apache/maven/shared/maven-common-artifact-filters/1.4/maven-common-artifact-filters-1.4.pom
Downloading from central-https: https://repo.maven.apache.org/maven2/org/apache/maven/shared/maven-common-artifact-filters/1.4/maven-common-artifact-filters-1.4.pom
Downloaded from central-https: https://repo.maven.apache.org/maven2/org/apache/maven/shared/maven-common-artifact-filters/1.4/maven-common-artifact-filters-1.4.pom (0 B at 0 B/s)
Downloading from jboss-releases-plugins: https://repository.jboss.org/nexus/content/repositories/releases/org/apache/maven/maven-artifact/2.0.8/maven-artifact-2.0.8.pom
Downloading from central-https: https://repo.maven.apache.org/maven2/org/apache/maven/maven-artifact/2.0.8/maven-artifact-2.0.8.pom
Downloaded from central-https: https://repo.maven.apache.org/maven2/org/apache/maven/maven-artifact/2.0.8/maven-artifact-2.0.8.pom (0 B at 0 B/s)
Downloading from jboss-releases-plugins: https://repository.jboss.org/nexus/content/repositories/releases/org/apache/maven/maven/2.0.8/maven-2.0.8.pom
Downloading from central-https: https://repo.maven.apache.org/maven2/org/apache/maven/maven/2.0.8/maven-2.0.8.pom
Downloaded from central-https: https://repo.maven.apache.org/maven2/org/apache/maven/maven/2.0.8/maven-2.0.8.pom (0 B at 0 B/s)
Downloading from jboss-releases-plugins: https://repository.jboss.org/nexus/content/repositories/releases/org/apache/maven/maven-parent/6/maven-parent-6.pom
Downloading from central-https: https://repo.maven.apache.org/maven2/org/apache/maven/maven-parent/6/maven-parent-6.pom
Downloaded from central-https: https://repo.maven.apache.org/maven2/org/apache/maven/maven-parent/6/maven-parent-6.pom (0 B at 0 B/s)
Downloading from jboss-releases-plugins: https://repository.jboss.org/nexus/content/repositories/releases/org/codehaus/plexus/plexus-utils/1.4.6/plexus-utils-1.4.6.pom
Downloading from central-https: https://repo.maven.apache.org/maven2/org/codehaus/plexus/plexus-utils/1.4.6/plexus-utils-1.4.6.pom
Downloaded from central-https: https://repo.maven.apache.org/maven2/org/codehaus/plexus/plexus-utils/1.4.6/plexus-utils-1.4.6.pom (0 B at 0 B/s)
Downloading from jboss-releases-plugins: https://repository.jboss.org/nexus/content/repositories/releases/org/apache/maven/maven-model/2.0.8/maven-model-2.0.8.pom
Downloading from central-https: https://repo.maven.apache.org/maven2/org/apache/maven/maven-model/2.0.8/maven-model-2.0.8.pom
Downloaded from central-https: https://repo.maven.apache.org/maven2/org/apache/maven/maven-model/2.0.8/maven-model-2.0.8.pom (0 B at 0 B/s)
Downloading from jboss-releases-plugins: https://repository.jboss.org/nexus/content/repositories/releases/org/apache/maven/maven-project/2.0.8/maven-project-2.0.8.pom
Downloading from central-https: https://repo.maven.apache.org/maven2/org/apache/maven/maven-project/2.0.8/maven-project-2.0.8.pom
Downloaded from central-https: https://repo.maven.apache.org/maven2/org/apache/maven/maven-project/2.0.8/maven-project-2.0.8.pom (0 B at 0 B/s)
Downloading from jboss-releases-plugins: https://repository.jboss.org/nexus/content/repositories/releases/org/apache/maven/maven-settings/2.0.8/maven-settings-2.0.8.pom
Downloading from central-https: https://repo.maven.apache.org/maven2/org/apache/maven/maven-settings/2.0.8/maven-settings-2.0.8.pom
Downloaded from central-https: https://repo.maven.apache.org/maven2/org/apache/maven/maven-settings/2.0.8/maven-settings-2.0.8.pom (0 B at 0 B/s)
Downloading from jboss-releases-plugins: https://repository.jboss.org/nexus/content/repositories/releases/org/apache/maven/maven-profile/2.0.8/maven-profile-2.0.8.pom
Downloading from central-https: https://repo.maven.apache.org/maven2/org/apache/maven/maven-profile/2.0.8/maven-profile-2.0.8.pom
Downloaded from central-https: https://repo.maven.apache.org/maven2/org/apache/maven/maven-profile/2.0.8/maven-profile-2.0.8.pom (0 B at 0 B/s)
Downloading from jboss-releases-plugins: https://repository.jboss.org/nexus/content/repositories/releases/org/apache/maven/maven-artifact-manager/2.0.8/maven-artifact-manager-2.0.8.pom
Downloading from central-https: https://repo.maven.apache.org/maven2/org/apache/maven/maven-artifact-manager/2.0.8/maven-artifact-manager-2.0.8.pom
Downloaded from central-https: https://repo.maven.apache.org/maven2/org/apache/maven/maven-artifact-manager/2.0.8/maven-artifact-manager-2.0.8.pom (0 B at 0 B/s)
Downloading from jboss-releases-plugins: https://repository.jboss.org/nexus/content/repositories/releases/org/apache/maven/maven-repository-metadata/2.0.8/maven-repository-metadata-2.0.8.pom
Downloading from central-https: https://repo.maven.apache.org/maven2/org/apache/maven/maven-repository-metadata/2.0.8/maven-repository-metadata-2.0.8.pom
Downloaded from central-https: https://repo.maven.apache.org/maven2/org/apache/maven/maven-repository-metadata/2.0.8/maven-repository-metadata-2.0.8.pom (0 B at 0 B/s)
Downloading from jboss-releases-plugins: https://repository.jboss.org/nexus/content/repositories/releases/org/apache/maven/maven-plugin-registry/2.0.8/maven-plugin-registry-2.0.8.pom
Downloading from central-https: https://repo.maven.apache.org/maven2/org/apache/maven/maven-plugin-registry/2.0.8/maven-plugin-registry-2.0.8.pom
Downloaded from central-https: https://repo.maven.apache.org/maven2/org/apache/maven/maven-plugin-registry/2.0.8/maven-plugin-registry-2.0.8.pom (0 B at 0 B/s)
Downloading from jboss-releases-plugins: https://repository.jboss.org/nexus/content/repositories/releases/org/apache/maven/maven-plugin-api/2.0.8/maven-plugin-api-2.0.8.pom
Downloading from central-https: https://repo.maven.apache.org/maven2/org/apache/maven/maven-plugin-api/2.0.8/maven-plugin-api-2.0.8.pom
Downloaded from central-https: https://repo.maven.apache.org/maven2/org/apache/maven/maven-plugin-api/2.0.8/maven-plugin-api-2.0.8.pom (0 B at 0 B/s)
Downloading from jboss-releases-plugins: https://repository.jboss.org/nexus/content/repositories/releases/org/codehaus/plexus/plexus-container-default/1.5.5/plexus-container-default-1.5.5.pom
Downloading from central-https: https://repo.maven.apache.org/maven2/org/codehaus/plexus/plexus-container-default/1.5.5/plexus-container-default-1.5.5.pom
Downloaded from central-https: https://repo.maven.apache.org/maven2/org/codehaus/plexus/plexus-container-default/1.5.5/plexus-container-default-1.5.5.pom (0 B at 0 B/s)
Downloading from jboss-releases-plugins: https://repository.jboss.org/nexus/content/repositories/releases/org/codehaus/plexus/plexus-classworlds/2.2.2/plexus-classworlds-2.2.2.pom
Downloading from central-https: https://repo.maven.apache.org/maven2/org/codehaus/plexus/plexus-classworlds/2.2.2/plexus-classworlds-2.2.2.pom
Downloaded from central-https: https://repo.maven.apache.org/maven2/org/codehaus/plexus/plexus-classworlds/2.2.2/plexus-classworlds-2.2.2.pom (0 B at 0 B/s)
Downloading from jboss-releases-plugins: https://repository.jboss.org/nexus/content/repositories/releases/org/codehaus/plexus/plexus/2.0.3/plexus-2.0.3.pom
Downloading from central-https: https://repo.maven.apache.org/maven2/org/codehaus/plexus/plexus/2.0.3/plexus-2.0.3.pom
Downloaded from central-https: https://repo.maven.apache.org/maven2/org/codehaus/plexus/plexus/2.0.3/plexus-2.0.3.pom (0 B at 0 B/s)
Downloading from jboss-releases-plugins: https://repository.jboss.org/nexus/content/repositories/releases/org/apache/xbean/xbean-reflect/3.4/xbean-reflect-3.4.pom
Downloading from central-https: https://repo.maven.apache.org/maven2/org/apache/xbean/xbean-reflect/3.4/xbean-reflect-3.4.pom
Downloaded from central-https: https://repo.maven.apache.org/maven2/org/apache/xbean/xbean-reflect/3.4/xbean-reflect-3.4.pom (0 B at 0 B/s)
Downloading from jboss-releases-plugins: https://repository.jboss.org/nexus/content/repositories/releases/org/apache/xbean/xbean/3.4/xbean-3.4.pom
Downloading from central-https: https://repo.maven.apache.org/maven2/org/apache/xbean/xbean/3.4/xbean-3.4.pom
Downloaded from central-https: https://repo.maven.apache.org/maven2/org/apache/xbean/xbean/3.4/xbean-3.4.pom (0 B at 0 B/s)
Downloading from jboss-releases-plugins: https://repository.jboss.org/nexus/content/repositories/releases/log4j/log4j/1.2.12/log4j-1.2.12.pom
Downloading from central-https: https://repo.maven.apache.org/maven2/log4j/log4j/1.2.12/log4j-1.2.12.pom
Downloaded from central-https: https://repo.maven.apache.org/maven2/log4j/log4j/1.2.12/log4j-1.2.12.pom (0 B at 0 B/s)
Downloading from jboss-releases-plugins: https://repository.jboss.org/nexus/content/repositories/releases/commons-logging/commons-logging-api/1.1/commons-logging-api-1.1.pom
Downloading from central-https: https://repo.maven.apache.org/maven2/commons-logging/commons-logging-api/1.1/commons-logging-api-1.1.pom
Downloaded from central-https: https://repo.maven.apache.org/maven2/commons-logging/commons-logging-api/1.1/commons-logging-api-1.1.pom (0 B at 0 B/s)
Downloading from jboss-releases-plugins: https://repository.jboss.org/nexus/content/repositories/releases/com/google/collections/google-collections/1.0/google-collections-1.0.pom
Downloading from central-https: https://repo.maven.apache.org/maven2/com/google/collections/google-collections/1.0/google-collections-1.0.pom
Downloaded from central-https: https://repo.maven.apache.org/maven2/com/google/collections/google-collections/1.0/google-collections-1.0.pom (0 B at 0 B/s)
Downloading from jboss-releases-plugins: https://repository.jboss.org/nexus/content/repositories/releases/junit/junit/3.8.2/junit-3.8.2.pom
Downloading from central-https: https://repo.maven.apache.org/maven2/junit/junit/3.8.2/junit-3.8.2.pom
Downloaded from central-https: https://repo.maven.apache.org/maven2/junit/junit/3.8.2/junit-3.8.2.pom (0 B at 0 B/s)
Downloading from jboss-releases-plugins: https://repository.jboss.org/nexus/content/repositories/releases/org/codehaus/plexus/plexus-utils/2.1/plexus-utils-2.1.pom
Downloading from central-https: https://repo.maven.apache.org/maven2/org/codehaus/plexus/plexus-utils/2.1/plexus-utils-2.1.pom
Downloaded from central-https: https://repo.maven.apache.org/maven2/org/codehaus/plexus/plexus-utils/2.1/plexus-utils-2.1.pom (0 B at 0 B/s)
Downloading from jboss-releases-plugins: https://repository.jboss.org/nexus/content/repositories/releases/org/codehaus/plexus/plexus-interpolation/1.22/plexus-interpolation-1.22.pom
Downloading from central-https: https://repo.maven.apache.org/maven2/org/codehaus/plexus/plexus-interpolation/1.22/plexus-interpolation-1.22.pom
Downloaded from central-https: https://repo.maven.apache.org/maven2/org/codehaus/plexus/plexus-interpolation/1.22/plexus-interpolation-1.22.pom (0 B at 0 B/s)
Downloading from jboss-releases-plugins: https://repository.jboss.org/nexus/content/repositories/releases/org/codehaus/plexus/plexus-archiver/3.0.1/plexus-archiver-3.0.1.pom
Downloading from central-https: https://repo.maven.apache.org/maven2/org/codehaus/plexus/plexus-archiver/3.0.1/plexus-archiver-3.0.1.pom
Downloaded from central-https: https://repo.maven.apache.org/maven2/org/codehaus/plexus/plexus-archiver/3.0.1/plexus-archiver-3.0.1.pom (0 B at 0 B/s)
Downloading from jboss-releases-plugins: https://repository.jboss.org/nexus/content/repositories/releases/org/codehaus/plexus/plexus-io/2.6/plexus-io-2.6.pom
Downloading from central-https: https://repo.maven.apache.org/maven2/org/codehaus/plexus/plexus-io/2.6/plexus-io-2.6.pom
Downloaded from central-https: https://repo.maven.apache.org/maven2/org/codehaus/plexus/plexus-io/2.6/plexus-io-2.6.pom (0 B at 0 B/s)
Downloading from jboss-releases-plugins: https://repository.jboss.org/nexus/content/repositories/releases/org/iq80/snappy/snappy/0.3/snappy-0.3.pom
Downloading from central-https: https://repo.maven.apache.org/maven2/org/iq80/snappy/snappy/0.3/snappy-0.3.pom
Downloaded from central-https: https://repo.maven.apache.org/maven2/org/iq80/snappy/snappy/0.3/snappy-0.3.pom (0 B at 0 B/s)
Downloading from jboss-releases-plugins: https://repository.jboss.org/nexus/content/repositories/releases/org/apache/maven/shared/file-management/1.1/file-management-1.1.pom
Downloading from central-https: https://repo.maven.apache.org/maven2/org/apache/maven/shared/file-management/1.1/file-management-1.1.pom
Downloaded from central-https: https://repo.maven.apache.org/maven2/org/apache/maven/shared/file-management/1.1/file-management-1.1.pom (0 B at 0 B/s)
Downloading from jboss-releases-plugins: https://repository.jboss.org/nexus/content/repositories/releases/org/apache/maven/shared/maven-shared-components/4/maven-shared-components-4.pom
Downloading from central-https: https://repo.maven.apache.org/maven2/org/apache/maven/shared/maven-shared-components/4/maven-shared-components-4.pom
Downloaded from central-https: https://repo.maven.apache.org/maven2/org/apache/maven/shared/maven-shared-components/4/maven-shared-components-4.pom (0 B at 0 B/s)
Downloading from jboss-releases-plugins: https://repository.jboss.org/nexus/content/repositories/releases/org/apache/maven/maven-parent/4/maven-parent-4.pom
Downloading from central-https: https://repo.maven.apache.org/maven2/org/apache/maven/maven-parent/4/maven-parent-4.pom
Downloaded from central-https: https://repo.maven.apache.org/maven2/org/apache/maven/maven-parent/4/maven-parent-4.pom (0 B at 0 B/s)
Downloading from jboss-releases-plugins: https://repository.jboss.org/nexus/content/repositories/releases/org/apache/maven/maven-plugin-api/2.0/maven-plugin-api-2.0.pom
Downloading from central-https: https://repo.maven.apache.org/maven2/org/apache/maven/maven-plugin-api/2.0/maven-plugin-api-2.0.pom
Downloaded from central-https: https://repo.maven.apache.org/maven2/org/apache/maven/maven-plugin-api/2.0/maven-plugin-api-2.0.pom (0 B at 0 B/s)
Downloading from jboss-releases-plugins: https://repository.jboss.org/nexus/content/repositories/releases/org/apache/maven/maven/2.0/maven-2.0.pom
Downloading from central-https: https://repo.maven.apache.org/maven2/org/apache/maven/maven/2.0/maven-2.0.pom
Downloaded from central-https: https://repo.maven.apache.org/maven2/org/apache/maven/maven/2.0/maven-2.0.pom (0 B at 0 B/s)
Downloading from jboss-releases-plugins: https://repository.jboss.org/nexus/content/repositories/releases/org/apache/maven/shared/maven-shared-io/1.0/maven-shared-io-1.0.pom
Downloading from central-https: https://repo.maven.apache.org/maven2/org/apache/maven/shared/maven-shared-io/1.0/maven-shared-io-1.0.pom
Downloaded from central-https: https://repo.maven.apache.org/maven2/org/apache/maven/shared/maven-shared-io/1.0/maven-shared-io-1.0.pom (0 B at 0 B/s)
Downloading from jboss-releases-plugins: https://repository.jboss.org/nexus/content/repositories/releases/org/apache/maven/maven-artifact/2.0.2/maven-artifact-2.0.2.pom
Downloading from central-https: https://repo.maven.apache.org/maven2/org/apache/maven/maven-artifact/2.0.2/maven-artifact-2.0.2.pom
Downloaded from central-https: https://repo.maven.apache.org/maven2/org/apache/maven/maven-artifact/2.0.2/maven-artifact-2.0.2.pom (0 B at 0 B/s)
Downloading from jboss-releases-plugins: https://repository.jboss.org/nexus/content/repositories/releases/org/apache/maven/maven/2.0.2/maven-2.0.2.pom
Downloading from central-https: https://repo.maven.apache.org/maven2/org/apache/maven/maven/2.0.2/maven-2.0.2.pom
Downloaded from central-https: https://repo.maven.apache.org/maven2/org/apache/maven/maven/2.0.2/maven-2.0.2.pom (0 B at 0 B/s)
Downloading from jboss-releases-plugins: https://repository.jboss.org/nexus/content/repositories/releases/org/codehaus/plexus/plexus-utils/1.1/plexus-utils-1.1.pom
Downloading from central-https: https://repo.maven.apache.org/maven2/org/codehaus/plexus/plexus-utils/1.1/plexus-utils-1.1.pom
Downloaded from central-https: https://repo.maven.apache.org/maven2/org/codehaus/plexus/plexus-utils/1.1/plexus-utils-1.1.pom (0 B at 0 B/s)
Downloading from jboss-releases-plugins: https://repository.jboss.org/nexus/content/repositories/releases/org/apache/maven/maven-artifact-manager/2.0.2/maven-artifact-manager-2.0.2.pom
Downloading from central-https: https://repo.maven.apache.org/maven2/org/apache/maven/maven-artifact-manager/2.0.2/maven-artifact-manager-2.0.2.pom
Downloaded from central-https: https://repo.maven.apache.org/maven2/org/apache/maven/maven-artifact-manager/2.0.2/maven-artifact-manager-2.0.2.pom (0 B at 0 B/s)
Downloading from jboss-releases-plugins: https://repository.jboss.org/nexus/content/repositories/releases/org/apache/maven/maven-repository-metadata/2.0.2/maven-repository-metadata-2.0.2.pom
Downloading from central-https: https://repo.maven.apache.org/maven2/org/apache/maven/maven-repository-metadata/2.0.2/maven-repository-metadata-2.0.2.pom
Downloaded from central-https: https://repo.maven.apache.org/maven2/org/apache/maven/maven-repository-metadata/2.0.2/maven-repository-metadata-2.0.2.pom (0 B at 0 B/s)
Downloading from jboss-releases-plugins: https://repository.jboss.org/nexus/content/repositories/releases/org/codehaus/plexus/plexus-container-default/1.0-alpha-9/plexus-container-default-1.0-alpha-9.pom
Downloading from central-https: https://repo.maven.apache.org/maven2/org/codehaus/plexus/plexus-container-default/1.0-alpha-9/plexus-container-default-1.0-alpha-9.pom
Downloaded from central-https: https://repo.maven.apache.org/maven2/org/codehaus/plexus/plexus-container-default/1.0-alpha-9/plexus-container-default-1.0-alpha-9.pom (0 B at 0 B/s)
Downloading from jboss-releases-plugins: https://repository.jboss.org/nexus/content/repositories/releases/org/apache/maven/wagon/wagon-provider-api/1.0-alpha-6/wagon-provider-api-1.0-alpha-6.pom
Downloading from central-https: https://repo.maven.apache.org/maven2/org/apache/maven/wagon/wagon-provider-api/1.0-alpha-6/wagon-provider-api-1.0-alpha-6.pom
Downloaded from central-https: https://repo.maven.apache.org/maven2/org/apache/maven/wagon/wagon-provider-api/1.0-alpha-6/wagon-provider-api-1.0-alpha-6.pom (0 B at 0 B/s)
Downloading from jboss-releases-plugins: https://repository.jboss.org/nexus/content/repositories/releases/org/apache/maven/wagon/wagon/1.0-alpha-6/wagon-1.0-alpha-6.pom
Downloading from central-https: https://repo.maven.apache.org/maven2/org/apache/maven/wagon/wagon/1.0-alpha-6/wagon-1.0-alpha-6.pom
Downloaded from central-https: https://repo.maven.apache.org/maven2/org/apache/maven/wagon/wagon/1.0-alpha-6/wagon-1.0-alpha-6.pom (0 B at 0 B/s)
Downloading from jboss-releases-plugins: https://repository.jboss.org/nexus/content/repositories/releases/org/codehaus/plexus/plexus-utils/1.2/plexus-utils-1.2.pom
Downloading from central-https: https://repo.maven.apache.org/maven2/org/codehaus/plexus/plexus-utils/1.2/plexus-utils-1.2.pom
Downloaded from central-https: https://repo.maven.apache.org/maven2/org/codehaus/plexus/plexus-utils/1.2/plexus-utils-1.2.pom (0 B at 0 B/s)
Downloading from jboss-releases-plugins: https://repository.jboss.org/nexus/content/repositories/releases/org/codehaus/plexus/plexus/1.0.5/plexus-1.0.5.pom
Downloading from central-https: https://repo.maven.apache.org/maven2/org/codehaus/plexus/plexus/1.0.5/plexus-1.0.5.pom
Downloaded from central-https: https://repo.maven.apache.org/maven2/org/codehaus/plexus/plexus/1.0.5/plexus-1.0.5.pom (0 B at 0 B/s)
Downloading from jboss-releases-plugins: https://repository.jboss.org/nexus/content/repositories/releases/org/apache/maven/shared/maven-shared-io/1.1/maven-shared-io-1.1.pom
Downloading from central-https: https://repo.maven.apache.org/maven2/org/apache/maven/shared/maven-shared-io/1.1/maven-shared-io-1.1.pom
Downloaded from central-https: https://repo.maven.apache.org/maven2/org/apache/maven/shared/maven-shared-io/1.1/maven-shared-io-1.1.pom (0 B at 0 B/s)
Downloading from jboss-releases-plugins: https://repository.jboss.org/nexus/content/repositories/releases/org/apache/maven/shared/maven-shared-components/8/maven-shared-components-8.pom
Downloading from central-https: https://repo.maven.apache.org/maven2/org/apache/maven/shared/maven-shared-components/8/maven-shared-components-8.pom
Downloaded from central-https: https://repo.maven.apache.org/maven2/org/apache/maven/shared/maven-shared-components/8/maven-shared-components-8.pom (0 B at 0 B/s)
Downloading from jboss-releases-plugins: https://repository.jboss.org/nexus/content/repositories/releases/org/apache/maven/maven-parent/7/maven-parent-7.pom
Downloading from central-https: https://repo.maven.apache.org/maven2/org/apache/maven/maven-parent/7/maven-parent-7.pom
Downloaded from central-https: https://repo.maven.apache.org/maven2/org/apache/maven/maven-parent/7/maven-parent-7.pom (0 B at 0 B/s)
Downloading from jboss-releases-plugins: https://repository.jboss.org/nexus/content/repositories/releases/org/apache/maven/shared/maven-filtering/1.3/maven-filtering-1.3.pom
Downloading from central-https: https://repo.maven.apache.org/maven2/org/apache/maven/shared/maven-filtering/1.3/maven-filtering-1.3.pom
Downloaded from central-https: https://repo.maven.apache.org/maven2/org/apache/maven/shared/maven-filtering/1.3/maven-filtering-1.3.pom (0 B at 0 B/s)
Downloading from jboss-releases-plugins: https://repository.jboss.org/nexus/content/repositories/releases/org/apache/maven/shared/maven-shared-components/20/maven-shared-components-20.pom
Downloading from central-https: https://repo.maven.apache.org/maven2/org/apache/maven/shared/maven-shared-components/20/maven-shared-components-20.pom
Downloaded from central-https: https://repo.maven.apache.org/maven2/org/apache/maven/shared/maven-shared-components/20/maven-shared-components-20.pom (0 B at 0 B/s)
Downloading from jboss-releases-plugins: https://repository.jboss.org/nexus/content/repositories/releases/org/apache/maven/shared/maven-shared-utils/0.6/maven-shared-utils-0.6.pom
Downloading from central-https: https://repo.maven.apache.org/maven2/org/apache/maven/shared/maven-shared-utils/0.6/maven-shared-utils-0.6.pom
Downloaded from central-https: https://repo.maven.apache.org/maven2/org/apache/maven/shared/maven-shared-utils/0.6/maven-shared-utils-0.6.pom (0 B at 0 B/s)
Downloading from jboss-releases-plugins: https://repository.jboss.org/nexus/content/repositories/releases/org/codehaus/plexus/plexus-utils/3.0.18/plexus-utils-3.0.18.pom
Downloading from central-https: https://repo.maven.apache.org/maven2/org/codehaus/plexus/plexus-utils/3.0.18/plexus-utils-3.0.18.pom
Downloaded from central-https: https://repo.maven.apache.org/maven2/org/codehaus/plexus/plexus-utils/3.0.18/plexus-utils-3.0.18.pom (0 B at 0 B/s)
Downloading from jboss-releases-plugins: https://repository.jboss.org/nexus/content/repositories/releases/org/codehaus/plexus/plexus-interpolation/1.19/plexus-interpolation-1.19.pom
Downloading from central-https: https://repo.maven.apache.org/maven2/org/codehaus/plexus/plexus-interpolation/1.19/plexus-interpolation-1.19.pom
Downloaded from central-https: https://repo.maven.apache.org/maven2/org/codehaus/plexus/plexus-interpolation/1.19/plexus-interpolation-1.19.pom (0 B at 0 B/s)
Downloading from jboss-releases-plugins: https://repository.jboss.org/nexus/content/repositories/releases/org/sonatype/plexus/plexus-build-api/0.0.4/plexus-build-api-0.0.4.pom
Downloading from central-https: https://repo.maven.apache.org/maven2/org/sonatype/plexus/plexus-build-api/0.0.4/plexus-build-api-0.0.4.pom
Downloaded from central-https: https://repo.maven.apache.org/maven2/org/sonatype/plexus/plexus-build-api/0.0.4/plexus-build-api-0.0.4.pom (0 B at 0 B/s)
Downloading from jboss-releases-plugins: https://repository.jboss.org/nexus/content/repositories/releases/org/sonatype/spice/spice-parent/10/spice-parent-10.pom
Downloading from central-https: https://repo.maven.apache.org/maven2/org/sonatype/spice/spice-parent/10/spice-parent-10.pom
Downloaded from central-https: https://repo.maven.apache.org/maven2/org/sonatype/spice/spice-parent/10/spice-parent-10.pom (0 B at 0 B/s)
Downloading from jboss-releases-plugins: https://repository.jboss.org/nexus/content/repositories/releases/org/sonatype/forge/forge-parent/3/forge-parent-3.pom
Downloading from central-https: https://repo.maven.apache.org/maven2/org/sonatype/forge/forge-parent/3/forge-parent-3.pom
Downloaded from central-https: https://repo.maven.apache.org/maven2/org/sonatype/forge/forge-parent/3/forge-parent-3.pom (0 B at 0 B/s)
Downloading from jboss-releases-plugins: https://repository.jboss.org/nexus/content/repositories/releases/org/codehaus/plexus/plexus-utils/3.0.21/plexus-utils-3.0.21.pom
Downloading from central-https: https://repo.maven.apache.org/maven2/org/codehaus/plexus/plexus-utils/3.0.21/plexus-utils-3.0.21.pom
Downloaded from central-https: https://repo.maven.apache.org/maven2/org/codehaus/plexus/plexus-utils/3.0.21/plexus-utils-3.0.21.pom (0 B at 0 B/s)
Downloading from jboss-releases-plugins: https://repository.jboss.org/nexus/content/repositories/releases/org/apache/maven/shared/maven-repository-builder/1.0/maven-repository-builder-1.0.pom
Downloading from central-https: https://repo.maven.apache.org/maven2/org/apache/maven/shared/maven-repository-builder/1.0/maven-repository-builder-1.0.pom
Downloaded from central-https: https://repo.maven.apache.org/maven2/org/apache/maven/shared/maven-repository-builder/1.0/maven-repository-builder-1.0.pom (0 B at 0 B/s)
Downloading from jboss-releases-plugins: https://repository.jboss.org/nexus/content/repositories/releases/org/apache/maven/maven-artifact/2.0.4/maven-artifact-2.0.4.pom
Downloading from central-https: https://repo.maven.apache.org/maven2/org/apache/maven/maven-artifact/2.0.4/maven-artifact-2.0.4.pom
Downloaded from central-https: https://repo.maven.apache.org/maven2/org/apache/maven/maven-artifact/2.0.4/maven-artifact-2.0.4.pom (0 B at 0 B/s)
Downloading from jboss-releases-plugins: https://repository.jboss.org/nexus/content/repositories/releases/org/apache/maven/maven/2.0.4/maven-2.0.4.pom
Downloading from central-https: https://repo.maven.apache.org/maven2/org/apache/maven/maven/2.0.4/maven-2.0.4.pom
Downloaded from central-https: https://repo.maven.apache.org/maven2/org/apache/maven/maven/2.0.4/maven-2.0.4.pom (0 B at 0 B/s)
Downloading from jboss-releases-plugins: https://repository.jboss.org/nexus/content/repositories/releases/org/apache/maven/maven-artifact-manager/2.0.4/maven-artifact-manager-2.0.4.pom
Downloading from central-https: https://repo.maven.apache.org/maven2/org/apache/maven/maven-artifact-manager/2.0.4/maven-artifact-manager-2.0.4.pom
Downloaded from central-https: https://repo.maven.apache.org/maven2/org/apache/maven/maven-artifact-manager/2.0.4/maven-artifact-manager-2.0.4.pom (0 B at 0 B/s)
Downloading from jboss-releases-plugins: https://repository.jboss.org/nexus/content/repositories/releases/org/apache/maven/maven-repository-metadata/2.0.4/maven-repository-metadata-2.0.4.pom
Downloading from central-https: https://repo.maven.apache.org/maven2/org/apache/maven/maven-repository-metadata/2.0.4/maven-repository-metadata-2.0.4.pom
Downloaded from central-https: https://repo.maven.apache.org/maven2/org/apache/maven/maven-repository-metadata/2.0.4/maven-repository-metadata-2.0.4.pom (0 B at 0 B/s)
Downloading from jboss-releases-plugins: https://repository.jboss.org/nexus/content/repositories/releases/org/apache/maven/maven-project/2.0.4/maven-project-2.0.4.pom
Downloading from central-https: https://repo.maven.apache.org/maven2/org/apache/maven/maven-project/2.0.4/maven-project-2.0.4.pom
Downloaded from central-https: https://repo.maven.apache.org/maven2/org/apache/maven/maven-project/2.0.4/maven-project-2.0.4.pom (0 B at 0 B/s)
Downloading from jboss-releases-plugins: https://repository.jboss.org/nexus/content/repositories/releases/org/apache/maven/maven-settings/2.0.4/maven-settings-2.0.4.pom
Downloading from central-https: https://repo.maven.apache.org/maven2/org/apache/maven/maven-settings/2.0.4/maven-settings-2.0.4.pom
Downloaded from central-https: https://repo.maven.apache.org/maven2/org/apache/maven/maven-settings/2.0.4/maven-settings-2.0.4.pom (0 B at 0 B/s)
Downloading from jboss-releases-plugins: https://repository.jboss.org/nexus/content/repositories/releases/org/apache/maven/maven-model/2.0.4/maven-model-2.0.4.pom
Downloading from central-https: https://repo.maven.apache.org/maven2/org/apache/maven/maven-model/2.0.4/maven-model-2.0.4.pom
Downloaded from central-https: https://repo.maven.apache.org/maven2/org/apache/maven/maven-model/2.0.4/maven-model-2.0.4.pom (0 B at 0 B/s)
Downloading from jboss-releases-plugins: https://repository.jboss.org/nexus/content/repositories/releases/org/apache/maven/maven-profile/2.0.4/maven-profile-2.0.4.pom
Downloading from central-https: https://repo.maven.apache.org/maven2/org/apache/maven/maven-profile/2.0.4/maven-profile-2.0.4.pom
Downloaded from central-https: https://repo.maven.apache.org/maven2/org/apache/maven/maven-profile/2.0.4/maven-profile-2.0.4.pom (0 B at 0 B/s)
Downloading from jboss-releases-plugins: https://repository.jboss.org/nexus/content/repositories/releases/org/apache/maven/shared/maven-shared-utils/0.3/maven-shared-utils-0.3.pom
Downloading from central-https: https://repo.maven.apache.org/maven2/org/apache/maven/shared/maven-shared-utils/0.3/maven-shared-utils-0.3.pom
Downloaded from central-https: https://repo.maven.apache.org/maven2/org/apache/maven/shared/maven-shared-utils/0.3/maven-shared-utils-0.3.pom (0 B at 0 B/s)
Downloading from jboss-releases-plugins: https://repository.jboss.org/nexus/content/repositories/releases/org/apache/maven/reporting/maven-reporting-api/2.2.1/maven-reporting-api-2.2.1.jar
Downloading from jboss-releases-plugins: https://repository.jboss.org/nexus/content/repositories/releases/org/apache/maven/doxia/doxia-sink-api/1.1/doxia-sink-api-1.1.jar
Downloading from jboss-releases-plugins: https://repository.jboss.org/nexus/content/repositories/releases/commons-cli/commons-cli/1.2/commons-cli-1.2.jar
Downloading from jboss-releases-plugins: https://repository.jboss.org/nexus/content/repositories/releases/org/apache/maven/doxia/doxia-logging-api/1.1/doxia-logging-api-1.1.jar
Downloading from jboss-releases-plugins: https://repository.jboss.org/nexus/content/repositories/releases/org/apache/maven/shared/maven-common-artifact-filters/1.4/maven-common-artifact-filters-1.4.jar
Downloading from jboss-releases-plugins: https://repository.jboss.org/nexus/content/repositories/releases/org/codehaus/plexus/plexus-interpolation/1.22/plexus-interpolation-1.22.jar
Downloading from jboss-releases-plugins: https://repository.jboss.org/nexus/content/repositories/releases/org/codehaus/plexus/plexus-archiver/3.0.1/plexus-archiver-3.0.1.jar
Downloading from jboss-releases-plugins: https://repository.jboss.org/nexus/content/repositories/releases/org/iq80/snappy/snappy/0.3/snappy-0.3.jar
Downloading from jboss-releases-plugins: https://repository.jboss.org/nexus/content/repositories/releases/org/apache/maven/shared/file-management/1.1/file-management-1.1.jar
Downloading from jboss-releases-plugins: https://repository.jboss.org/nexus/content/repositories/releases/org/apache/maven/shared/maven-shared-io/1.1/maven-shared-io-1.1.jar
Downloading from jboss-releases-plugins: https://repository.jboss.org/nexus/content/repositories/releases/org/apache/maven/wagon/wagon-provider-api/1.0-alpha-6/wagon-provider-api-1.0-alpha-6.jar
Downloading from jboss-releases-plugins: https://repository.jboss.org/nexus/content/repositories/releases/commons-io/commons-io/2.2/commons-io-2.2.jar
Downloading from jboss-releases-plugins: https://repository.jboss.org/nexus/content/repositories/releases/org/apache/maven/shared/maven-filtering/1.3/maven-filtering-1.3.jar
Downloading from jboss-releases-plugins: https://repository.jboss.org/nexus/content/repositories/releases/org/apache/maven/shared/maven-shared-utils/0.6/maven-shared-utils-0.6.jar
Downloading from jboss-releases-plugins: https://repository.jboss.org/nexus/content/repositories/releases/org/sonatype/plexus/plexus-build-api/0.0.4/plexus-build-api-0.0.4.jar
Downloading from jboss-releases-plugins: https://repository.jboss.org/nexus/content/repositories/releases/org/codehaus/plexus/plexus-io/2.6/plexus-io-2.6.jar
Downloading from jboss-releases-plugins: https://repository.jboss.org/nexus/content/repositories/releases/org/codehaus/plexus/plexus-utils/3.0.21/plexus-utils-3.0.21.jar
Downloading from jboss-releases-plugins: https://repository.jboss.org/nexus/content/repositories/releases/org/apache/maven/shared/maven-repository-builder/1.0/maven-repository-builder-1.0.jar
Downloading from central-https: https://repo.maven.apache.org/maven2/org/apache/maven/reporting/maven-reporting-api/2.2.1/maven-reporting-api-2.2.1.jar
Downloading from central-https: https://repo.maven.apache.org/maven2/org/apache/maven/doxia/doxia-sink-api/1.1/doxia-sink-api-1.1.jar
Downloading from central-https: https://repo.maven.apache.org/maven2/org/apache/maven/doxia/doxia-logging-api/1.1/doxia-logging-api-1.1.jar
Downloading from central-https: https://repo.maven.apache.org/maven2/commons-cli/commons-cli/1.2/commons-cli-1.2.jar
Downloading from central-https: https://repo.maven.apache.org/maven2/org/apache/maven/shared/maven-common-artifact-filters/1.4/maven-common-artifact-filters-1.4.jar
Downloaded from central-https: https://repo.maven.apache.org/maven2/org/apache/maven/doxia/doxia-logging-api/1.1/doxia-logging-api-1.1.jar (0 B at 0 B/s)
Downloading from central-https: https://repo.maven.apache.org/maven2/org/codehaus/plexus/plexus-interpolation/1.22/plexus-interpolation-1.22.jar
Downloaded from central-https: https://repo.maven.apache.org/maven2/org/apache/maven/reporting/maven-reporting-api/2.2.1/maven-reporting-api-2.2.1.jar (0 B at 0 B/s)
Downloaded from central-https: https://repo.maven.apache.org/maven2/commons-cli/commons-cli/1.2/commons-cli-1.2.jar (0 B at 0 B/s)
Downloading from central-https: https://repo.maven.apache.org/maven2/org/iq80/snappy/snappy/0.3/snappy-0.3.jar
Downloaded from central-https: https://repo.maven.apache.org/maven2/org/apache/maven/shared/maven-common-artifact-filters/1.4/maven-common-artifact-filters-1.4.jar (0 B at 0 B/s)
Downloading from central-https: https://repo.maven.apache.org/maven2/org/codehaus/plexus/plexus-archiver/3.0.1/plexus-archiver-3.0.1.jar
Downloaded from central-https: https://repo.maven.apache.org/maven2/org/apache/maven/doxia/doxia-sink-api/1.1/doxia-sink-api-1.1.jar (0 B at 0 B/s)
Downloading from central-https: https://repo.maven.apache.org/maven2/org/apache/maven/shared/maven-shared-io/1.1/maven-shared-io-1.1.jar
Downloading from central-https: https://repo.maven.apache.org/maven2/org/apache/maven/shared/file-management/1.1/file-management-1.1.jar
Downloaded from central-https: https://repo.maven.apache.org/maven2/org/apache/maven/shared/maven-shared-io/1.1/maven-shared-io-1.1.jar (0 B at 0 B/s)
Downloading from central-https: https://repo.maven.apache.org/maven2/org/apache/maven/wagon/wagon-provider-api/1.0-alpha-6/wagon-provider-api-1.0-alpha-6.jar
Downloaded from central-https: https://repo.maven.apache.org/maven2/org/codehaus/plexus/plexus-interpolation/1.22/plexus-interpolation-1.22.jar (0 B at 0 B/s)
Downloading from central-https: https://repo.maven.apache.org/maven2/commons-io/commons-io/2.2/commons-io-2.2.jar
Downloaded from central-https: https://repo.maven.apache.org/maven2/org/apache/maven/shared/file-management/1.1/file-management-1.1.jar (0 B at 0 B/s)
Downloading from central-https: https://repo.maven.apache.org/maven2/org/apache/maven/shared/maven-filtering/1.3/maven-filtering-1.3.jar
Downloaded from central-https: https://repo.maven.apache.org/maven2/org/codehaus/plexus/plexus-archiver/3.0.1/plexus-archiver-3.0.1.jar (0 B at 0 B/s)
Downloading from central-https: https://repo.maven.apache.org/maven2/org/apache/maven/shared/maven-shared-utils/0.6/maven-shared-utils-0.6.jar
Downloaded from central-https: https://repo.maven.apache.org/maven2/org/iq80/snappy/snappy/0.3/snappy-0.3.jar (0 B at 0 B/s)
Downloading from central-https: https://repo.maven.apache.org/maven2/org/sonatype/plexus/plexus-build-api/0.0.4/plexus-build-api-0.0.4.jar
Downloaded from central-https: https://repo.maven.apache.org/maven2/org/apache/maven/wagon/wagon-provider-api/1.0-alpha-6/wagon-provider-api-1.0-alpha-6.jar (0 B at 0 B/s)
Downloading from central-https: https://repo.maven.apache.org/maven2/org/codehaus/plexus/plexus-io/2.6/plexus-io-2.6.jar
Downloaded from central-https: https://repo.maven.apache.org/maven2/commons-io/commons-io/2.2/commons-io-2.2.jar (0 B at 0 B/s)
Downloading from central-https: https://repo.maven.apache.org/maven2/org/codehaus/plexus/plexus-utils/3.0.21/plexus-utils-3.0.21.jar
Downloaded from central-https: https://repo.maven.apache.org/maven2/org/apache/maven/shared/maven-filtering/1.3/maven-filtering-1.3.jar (0 B at 0 B/s)
Downloading from central-https: https://repo.maven.apache.org/maven2/org/apache/maven/shared/maven-repository-builder/1.0/maven-repository-builder-1.0.jar
Downloaded from central-https: https://repo.maven.apache.org/maven2/org/apache/maven/shared/maven-shared-utils/0.6/maven-shared-utils-0.6.jar (0 B at 0 B/s)
Downloaded from central-https: https://repo.maven.apache.org/maven2/org/sonatype/plexus/plexus-build-api/0.0.4/plexus-build-api-0.0.4.jar (0 B at 0 B/s)
Downloaded from central-https: https://repo.maven.apache.org/maven2/org/apache/maven/shared/maven-repository-builder/1.0/maven-repository-builder-1.0.jar (0 B at 0 B/s)
Downloaded from central-https: https://repo.maven.apache.org/maven2/org/codehaus/plexus/plexus-utils/3.0.21/plexus-utils-3.0.21.jar (0 B at 0 B/s)
Downloaded from central-https: https://repo.maven.apache.org/maven2/org/codehaus/plexus/plexus-io/2.6/plexus-io-2.6.jar (0 B at 0 B/s)
[[1;34mINFO[m] Reading assembly descriptor: assembly-configuration-tomcat.xml
[[1;33mWARNING[m] The assembly descriptor contains a filesystem-root relative reference, which is not cross platform compatible /
[[1;34mINFO[m] Building zip: /RicksCafe/Git.Projects/richfaces/build/build-resources/target/richfaces-build-resources-4.5.18-SNAPSHOT-configuration-tomcat.zip
[[1;34mINFO[m] 
[[1;34mINFO[m] [1m--- [0;32mmaven-assembly-plugin:2.6:single[m [1m(package-configuration-wildfly82-https)[m @ [36mrichfaces-build-resources[0;1m ---[m
[[1;34mINFO[m] Reading assembly descriptor: assembly-configuration-wildfly82-https.xml
[[1;33mWARNING[m] The assembly descriptor contains a filesystem-root relative reference, which is not cross platform compatible /
[[1;34mINFO[m] Building zip: /RicksCafe/Git.Projects/richfaces/build/build-resources/target/richfaces-build-resources-4.5.18-SNAPSHOT-configuration-wildfly82-https.zip
[[1;34mINFO[m] 
[[1;34mINFO[m] [1m--- [0;32mmaven-source-plugin:3.0.0:jar-no-fork[m [1m(attach-sources)[m @ [36mrichfaces-build-resources[0;1m ---[m
Downloading from jboss-releases-plugins: https://repository.jboss.org/nexus/content/repositories/releases/org/apache/maven/maven-archiver/3.0.0/maven-archiver-3.0.0.pom
Downloading from central-https: https://repo.maven.apache.org/maven2/org/apache/maven/maven-archiver/3.0.0/maven-archiver-3.0.0.pom
Downloaded from central-https: https://repo.maven.apache.org/maven2/org/apache/maven/maven-archiver/3.0.0/maven-archiver-3.0.0.pom (0 B at 0 B/s)
Downloading from jboss-releases-plugins: https://repository.jboss.org/nexus/content/repositories/releases/org/codehaus/plexus/plexus-archiver/2.9.1/plexus-archiver-2.9.1.pom
Downloading from central-https: https://repo.maven.apache.org/maven2/org/codehaus/plexus/plexus-archiver/2.9.1/plexus-archiver-2.9.1.pom
Downloaded from central-https: https://repo.maven.apache.org/maven2/org/codehaus/plexus/plexus-archiver/2.9.1/plexus-archiver-2.9.1.pom (0 B at 0 B/s)
Downloading from jboss-releases-plugins: https://repository.jboss.org/nexus/content/repositories/releases/org/codehaus/plexus/plexus-components/1.3/plexus-components-1.3.pom
Downloading from central-https: https://repo.maven.apache.org/maven2/org/codehaus/plexus/plexus-components/1.3/plexus-components-1.3.pom
Downloaded from central-https: https://repo.maven.apache.org/maven2/org/codehaus/plexus/plexus-components/1.3/plexus-components-1.3.pom (0 B at 0 B/s)
Downloading from jboss-releases-plugins: https://repository.jboss.org/nexus/content/repositories/releases/org/codehaus/plexus/plexus/3.3/plexus-3.3.pom
Downloading from central-https: https://repo.maven.apache.org/maven2/org/codehaus/plexus/plexus/3.3/plexus-3.3.pom
Downloaded from central-https: https://repo.maven.apache.org/maven2/org/codehaus/plexus/plexus/3.3/plexus-3.3.pom (0 B at 0 B/s)
Downloading from jboss-releases-plugins: https://repository.jboss.org/nexus/content/repositories/releases/org/codehaus/plexus/plexus-io/2.4.1/plexus-io-2.4.1.pom
Downloading from central-https: https://repo.maven.apache.org/maven2/org/codehaus/plexus/plexus-io/2.4.1/plexus-io-2.4.1.pom
Downloaded from central-https: https://repo.maven.apache.org/maven2/org/codehaus/plexus/plexus-io/2.4.1/plexus-io-2.4.1.pom (0 B at 0 B/s)
Downloading from jboss-releases-plugins: https://repository.jboss.org/nexus/content/repositories/releases/org/codehaus/plexus/plexus-components/1.2/plexus-components-1.2.pom
Downloading from central-https: https://repo.maven.apache.org/maven2/org/codehaus/plexus/plexus-components/1.2/plexus-components-1.2.pom
Downloaded from central-https: https://repo.maven.apache.org/maven2/org/codehaus/plexus/plexus-components/1.2/plexus-components-1.2.pom (0 B at 0 B/s)
Downloading from jboss-releases-plugins: https://repository.jboss.org/nexus/content/repositories/releases/org/apache/commons/commons-compress/1.9/commons-compress-1.9.pom
Downloading from central-https: https://repo.maven.apache.org/maven2/org/apache/commons/commons-compress/1.9/commons-compress-1.9.pom
Downloaded from central-https: https://repo.maven.apache.org/maven2/org/apache/commons/commons-compress/1.9/commons-compress-1.9.pom (0 B at 0 B/s)
Downloading from jboss-releases-plugins: https://repository.jboss.org/nexus/content/repositories/releases/org/apache/commons/commons-parent/34/commons-parent-34.pom
Downloading from central-https: https://repo.maven.apache.org/maven2/org/apache/commons/commons-parent/34/commons-parent-34.pom
Downloaded from central-https: https://repo.maven.apache.org/maven2/org/apache/commons/commons-parent/34/commons-parent-34.pom (0 B at 0 B/s)
Downloading from jboss-releases-plugins: https://repository.jboss.org/nexus/content/repositories/releases/org/codehaus/plexus/plexus-archiver/3.0.3/plexus-archiver-3.0.3.pom
Downloading from central-https: https://repo.maven.apache.org/maven2/org/codehaus/plexus/plexus-archiver/3.0.3/plexus-archiver-3.0.3.pom
Downloaded from central-https: https://repo.maven.apache.org/maven2/org/codehaus/plexus/plexus-archiver/3.0.3/plexus-archiver-3.0.3.pom (0 B at 0 B/s)
Downloading from jboss-releases-plugins: https://repository.jboss.org/nexus/content/repositories/releases/org/codehaus/plexus/plexus-io/2.7/plexus-io-2.7.pom
Downloading from central-https: https://repo.maven.apache.org/maven2/org/codehaus/plexus/plexus-io/2.7/plexus-io-2.7.pom
Downloaded from central-https: https://repo.maven.apache.org/maven2/org/codehaus/plexus/plexus-io/2.7/plexus-io-2.7.pom (0 B at 0 B/s)
Downloading from jboss-releases-plugins: https://repository.jboss.org/nexus/content/repositories/releases/org/apache/commons/commons-compress/1.10/commons-compress-1.10.pom
Downloading from central-https: https://repo.maven.apache.org/maven2/org/apache/commons/commons-compress/1.10/commons-compress-1.10.pom
Downloaded from central-https: https://repo.maven.apache.org/maven2/org/apache/commons/commons-compress/1.10/commons-compress-1.10.pom (0 B at 0 B/s)
Downloading from jboss-releases-plugins: https://repository.jboss.org/nexus/content/repositories/releases/org/apache/commons/commons-parent/38/commons-parent-38.pom
Downloading from central-https: https://repo.maven.apache.org/maven2/org/apache/commons/commons-parent/38/commons-parent-38.pom
Downloaded from central-https: https://repo.maven.apache.org/maven2/org/apache/commons/commons-parent/38/commons-parent-38.pom (0 B at 0 B/s)
Downloading from jboss-releases-plugins: https://repository.jboss.org/nexus/content/repositories/releases/org/iq80/snappy/snappy/0.4/snappy-0.4.pom
Downloading from central-https: https://repo.maven.apache.org/maven2/org/iq80/snappy/snappy/0.4/snappy-0.4.pom
Downloaded from central-https: https://repo.maven.apache.org/maven2/org/iq80/snappy/snappy/0.4/snappy-0.4.pom (0 B at 0 B/s)
Downloading from jboss-releases-plugins: https://repository.jboss.org/nexus/content/repositories/releases/org/apache/maven/maven-archiver/3.0.0/maven-archiver-3.0.0.jar
Downloading from jboss-releases-plugins: https://repository.jboss.org/nexus/content/repositories/releases/org/codehaus/plexus/plexus-io/2.7/plexus-io-2.7.jar
Downloading from jboss-releases-plugins: https://repository.jboss.org/nexus/content/repositories/releases/org/codehaus/plexus/plexus-archiver/3.0.3/plexus-archiver-3.0.3.jar
Downloading from jboss-releases-plugins: https://repository.jboss.org/nexus/content/repositories/releases/org/apache/commons/commons-compress/1.10/commons-compress-1.10.jar
Downloading from jboss-releases-plugins: https://repository.jboss.org/nexus/content/repositories/releases/org/iq80/snappy/snappy/0.4/snappy-0.4.jar
Downloading from jboss-releases-plugins: https://repository.jboss.org/nexus/content/repositories/releases/org/codehaus/plexus/plexus-utils/3.0.22/plexus-utils-3.0.22.jar
Downloading from central-https: https://repo.maven.apache.org/maven2/org/apache/maven/maven-archiver/3.0.0/maven-archiver-3.0.0.jar
Downloading from central-https: https://repo.maven.apache.org/maven2/org/codehaus/plexus/plexus-archiver/3.0.3/plexus-archiver-3.0.3.jar
Downloading from central-https: https://repo.maven.apache.org/maven2/org/apache/commons/commons-compress/1.10/commons-compress-1.10.jar
Downloading from central-https: https://repo.maven.apache.org/maven2/org/codehaus/plexus/plexus-io/2.7/plexus-io-2.7.jar
Downloading from central-https: https://repo.maven.apache.org/maven2/org/iq80/snappy/snappy/0.4/snappy-0.4.jar
Downloaded from central-https: https://repo.maven.apache.org/maven2/org/codehaus/plexus/plexus-archiver/3.0.3/plexus-archiver-3.0.3.jar (0 B at 0 B/s)
Downloaded from central-https: https://repo.maven.apache.org/maven2/org/apache/maven/maven-archiver/3.0.0/maven-archiver-3.0.0.jar (0 B at 0 B/s)
Downloaded from central-https: https://repo.maven.apache.org/maven2/org/iq80/snappy/snappy/0.4/snappy-0.4.jar (0 B at 0 B/s)
Downloaded from central-https: https://repo.maven.apache.org/maven2/org/codehaus/plexus/plexus-io/2.7/plexus-io-2.7.jar (0 B at 0 B/s)
Downloading from central-https: https://repo.maven.apache.org/maven2/org/codehaus/plexus/plexus-utils/3.0.22/plexus-utils-3.0.22.jar
Downloaded from central-https: https://repo.maven.apache.org/maven2/org/apache/commons/commons-compress/1.10/commons-compress-1.10.jar (0 B at 0 B/s)
Downloaded from central-https: https://repo.maven.apache.org/maven2/org/codehaus/plexus/plexus-utils/3.0.22/plexus-utils-3.0.22.jar (0 B at 0 B/s)
[[1;34mINFO[m] Building jar: /RicksCafe/Git.Projects/richfaces/build/build-resources/target/richfaces-build-resources-4.5.18-SNAPSHOT-sources.jar
[[1;34mINFO[m] 
[[1;34mINFO[m] [1m--- [0;32mmaven-install-plugin:2.5.2:install[m [1m(default-install)[m @ [36mrichfaces-build-resources[0;1m ---[m
[[1;34mINFO[m] Installing /RicksCafe/Git.Projects/richfaces/build/build-resources/target/richfaces-build-resources-4.5.18-SNAPSHOT.jar to /home/thomas/.m2/repository/org/richfaces/richfaces-build-resources/4.5.18-SNAPSHOT/richfaces-build-resources-4.5.18-SNAPSHOT.jar
[[1;34mINFO[m] Installing /RicksCafe/Git.Projects/richfaces/build/build-resources/pom.xml to /home/thomas/.m2/repository/org/richfaces/richfaces-build-resources/4.5.18-SNAPSHOT/richfaces-build-resources-4.5.18-SNAPSHOT.pom
[[1;34mINFO[m] Installing /RicksCafe/Git.Projects/richfaces/build/build-resources/target/richfaces-build-resources-4.5.18-SNAPSHOT-configuration-tomcat.zip to /home/thomas/.m2/repository/org/richfaces/richfaces-build-resources/4.5.18-SNAPSHOT/richfaces-build-resources-4.5.18-SNAPSHOT-configuration-tomcat.zip
[[1;34mINFO[m] Installing /RicksCafe/Git.Projects/richfaces/build/build-resources/target/richfaces-build-resources-4.5.18-SNAPSHOT-configuration-wildfly82-https.zip to /home/thomas/.m2/repository/org/richfaces/richfaces-build-resources/4.5.18-SNAPSHOT/richfaces-build-resources-4.5.18-SNAPSHOT-configuration-wildfly82-https.zip
[[1;34mINFO[m] Installing /RicksCafe/Git.Projects/richfaces/build/build-resources/target/richfaces-build-resources-4.5.18-SNAPSHOT-sources.jar to /home/thomas/.m2/repository/org/richfaces/richfaces-build-resources/4.5.18-SNAPSHOT/richfaces-build-resources-4.5.18-SNAPSHOT-sources.jar
[[1;34mINFO[m] 
[[1;34mINFO[m] [1m-------------------< [0;36morg.richfaces:richfaces-parent[0;1m >-------------------[m
[[1;34mINFO[m] [1mBuilding RichFaces Parent 4.5.18-SNAPSHOT                         [4/20][m
[[1;34mINFO[m] [1m--------------------------------[ pom ]---------------------------------[m
Downloading from jboss-releases-plugins: https://repository.jboss.org/nexus/content/repositories/releases/org/apache/maven/plugins/maven-enforcer-plugin/1.3.1/maven-enforcer-plugin-1.3.1.pom
Downloading from central-https: https://repo.maven.apache.org/maven2/org/apache/maven/plugins/maven-enforcer-plugin/1.3.1/maven-enforcer-plugin-1.3.1.pom
Downloaded from central-https: https://repo.maven.apache.org/maven2/org/apache/maven/plugins/maven-enforcer-plugin/1.3.1/maven-enforcer-plugin-1.3.1.pom (0 B at 0 B/s)
Downloading from jboss-releases-plugins: https://repository.jboss.org/nexus/content/repositories/releases/org/apache/maven/enforcer/enforcer/1.3.1/enforcer-1.3.1.pom
Downloading from central-https: https://repo.maven.apache.org/maven2/org/apache/maven/enforcer/enforcer/1.3.1/enforcer-1.3.1.pom
Downloaded from central-https: https://repo.maven.apache.org/maven2/org/apache/maven/enforcer/enforcer/1.3.1/enforcer-1.3.1.pom (0 B at 0 B/s)
Downloading from jboss-releases-plugins: https://repository.jboss.org/nexus/content/repositories/releases/org/apache/maven/plugins/maven-enforcer-plugin/1.3.1/maven-enforcer-plugin-1.3.1.jar
Downloading from central-https: https://repo.maven.apache.org/maven2/org/apache/maven/plugins/maven-enforcer-plugin/1.3.1/maven-enforcer-plugin-1.3.1.jar
Downloaded from central-https: https://repo.maven.apache.org/maven2/org/apache/maven/plugins/maven-enforcer-plugin/1.3.1/maven-enforcer-plugin-1.3.1.jar (0 B at 0 B/s)
Downloading from jboss-releases-plugins: https://repository.jboss.org/nexus/content/repositories/releases/org/codehaus/mojo/buildnumber-maven-plugin/1.2/buildnumber-maven-plugin-1.2.pom
Downloading from central-https: https://repo.maven.apache.org/maven2/org/codehaus/mojo/buildnumber-maven-plugin/1.2/buildnumber-maven-plugin-1.2.pom
Downloaded from central-https: https://repo.maven.apache.org/maven2/org/codehaus/mojo/buildnumber-maven-plugin/1.2/buildnumber-maven-plugin-1.2.pom (0 B at 0 B/s)
Downloading from jboss-releases-plugins: https://repository.jboss.org/nexus/content/repositories/releases/org/codehaus/mojo/mojo-parent/30/mojo-parent-30.pom
Downloading from central-https: https://repo.maven.apache.org/maven2/org/codehaus/mojo/mojo-parent/30/mojo-parent-30.pom
Downloaded from central-https: https://repo.maven.apache.org/maven2/org/codehaus/mojo/mojo-parent/30/mojo-parent-30.pom (0 B at 0 B/s)
Downloading from jboss-releases-plugins: https://repository.jboss.org/nexus/content/repositories/releases/org/codehaus/codehaus-parent/4/codehaus-parent-4.pom
Downloading from central-https: https://repo.maven.apache.org/maven2/org/codehaus/codehaus-parent/4/codehaus-parent-4.pom
Downloaded from central-https: https://repo.maven.apache.org/maven2/org/codehaus/codehaus-parent/4/codehaus-parent-4.pom (0 B at 0 B/s)
Downloading from jboss-releases-plugins: https://repository.jboss.org/nexus/content/repositories/releases/org/codehaus/mojo/buildnumber-maven-plugin/1.2/buildnumber-maven-plugin-1.2.jar
Downloading from central-https: https://repo.maven.apache.org/maven2/org/codehaus/mojo/buildnumber-maven-plugin/1.2/buildnumber-maven-plugin-1.2.jar
Downloaded from central-https: https://repo.maven.apache.org/maven2/org/codehaus/mojo/buildnumber-maven-plugin/1.2/buildnumber-maven-plugin-1.2.jar (0 B at 0 B/s)
Downloading from jboss-releases-plugins: https://repository.jboss.org/nexus/content/repositories/releases/org/apache/maven/plugins/maven-dependency-plugin/2.8/maven-dependency-plugin-2.8.pom
Downloading from central-https: https://repo.maven.apache.org/maven2/org/apache/maven/plugins/maven-dependency-plugin/2.8/maven-dependency-plugin-2.8.pom
Downloaded from central-https: https://repo.maven.apache.org/maven2/org/apache/maven/plugins/maven-dependency-plugin/2.8/maven-dependency-plugin-2.8.pom (0 B at 0 B/s)
Downloading from jboss-releases-plugins: https://repository.jboss.org/nexus/content/repositories/releases/org/apache/maven/plugins/maven-plugins/24/maven-plugins-24.pom
Downloading from central-https: https://repo.maven.apache.org/maven2/org/apache/maven/plugins/maven-plugins/24/maven-plugins-24.pom
Downloaded from central-https: https://repo.maven.apache.org/maven2/org/apache/maven/plugins/maven-plugins/24/maven-plugins-24.pom (0 B at 0 B/s)
Downloading from jboss-releases-plugins: https://repository.jboss.org/nexus/content/repositories/releases/org/apache/maven/plugins/maven-dependency-plugin/2.8/maven-dependency-plugin-2.8.jar
Downloading from central-https: https://repo.maven.apache.org/maven2/org/apache/maven/plugins/maven-dependency-plugin/2.8/maven-dependency-plugin-2.8.jar
Downloaded from central-https: https://repo.maven.apache.org/maven2/org/apache/maven/plugins/maven-dependency-plugin/2.8/maven-dependency-plugin-2.8.jar (0 B at 0 B/s)
Downloading from jboss-releases-plugins: https://repository.jboss.org/nexus/content/repositories/releases/org/codehaus/mojo/build-helper-maven-plugin/1.7/build-helper-maven-plugin-1.7.pom
Downloading from central-https: https://repo.maven.apache.org/maven2/org/codehaus/mojo/build-helper-maven-plugin/1.7/build-helper-maven-plugin-1.7.pom
Downloaded from central-https: https://repo.maven.apache.org/maven2/org/codehaus/mojo/build-helper-maven-plugin/1.7/build-helper-maven-plugin-1.7.pom (0 B at 0 B/s)
Downloading from jboss-releases-plugins: https://repository.jboss.org/nexus/content/repositories/releases/org/codehaus/mojo/mojo-parent/28/mojo-parent-28.pom
Downloading from central-https: https://repo.maven.apache.org/maven2/org/codehaus/mojo/mojo-parent/28/mojo-parent-28.pom
Downloaded from central-https: https://repo.maven.apache.org/maven2/org/codehaus/mojo/mojo-parent/28/mojo-parent-28.pom (0 B at 0 B/s)
Downloading from jboss-releases-plugins: https://repository.jboss.org/nexus/content/repositories/releases/org/codehaus/codehaus-parent/3/codehaus-parent-3.pom
Downloading from central-https: https://repo.maven.apache.org/maven2/org/codehaus/codehaus-parent/3/codehaus-parent-3.pom
Downloaded from central-https: https://repo.maven.apache.org/maven2/org/codehaus/codehaus-parent/3/codehaus-parent-3.pom (0 B at 0 B/s)
Downloading from jboss-releases-plugins: https://repository.jboss.org/nexus/content/repositories/releases/org/codehaus/mojo/build-helper-maven-plugin/1.7/build-helper-maven-plugin-1.7.jar
Downloading from central-https: https://repo.maven.apache.org/maven2/org/codehaus/mojo/build-helper-maven-plugin/1.7/build-helper-maven-plugin-1.7.jar
Downloaded from central-https: https://repo.maven.apache.org/maven2/org/codehaus/mojo/build-helper-maven-plugin/1.7/build-helper-maven-plugin-1.7.jar (0 B at 0 B/s)
Downloading from central-https: https://repo.maven.apache.org/maven2/org/apache/directory/server/apacheds-parent/2.0.0-M15/apacheds-parent-2.0.0-M15.pom
Downloaded from central-https: https://repo.maven.apache.org/maven2/org/apache/directory/server/apacheds-parent/2.0.0-M15/apacheds-parent-2.0.0-M15.pom (0 B at 0 B/s)
Downloading from central-https: https://repo.maven.apache.org/maven2/org/apache/directory/project/project/31/project-31.pom
Downloaded from central-https: https://repo.maven.apache.org/maven2/org/apache/directory/project/project/31/project-31.pom (0 B at 0 B/s)
Downloading from central-https: https://repo.maven.apache.org/maven2/org/fusesource/jansi/jansi/1.9/jansi-1.9.pom
Downloaded from central-https: https://repo.maven.apache.org/maven2/org/fusesource/jansi/jansi/1.9/jansi-1.9.pom (0 B at 0 B/s)
Downloading from central-https: https://repo.maven.apache.org/maven2/org/fusesource/jansi/jansi-project/1.9/jansi-project-1.9.pom
Downloaded from central-https: https://repo.maven.apache.org/maven2/org/fusesource/jansi/jansi-project/1.9/jansi-project-1.9.pom (0 B at 0 B/s)
Downloading from central-https: https://repo.maven.apache.org/maven2/org/fusesource/fusesource-pom/1.8/fusesource-pom-1.8.pom
Downloaded from central-https: https://repo.maven.apache.org/maven2/org/fusesource/fusesource-pom/1.8/fusesource-pom-1.8.pom (0 B at 0 B/s)
Downloading from central-https: https://repo.maven.apache.org/maven2/org/osgi/org.osgi.core/5.0.0/org.osgi.core-5.0.0.pom
Downloaded from central-https: https://repo.maven.apache.org/maven2/org/osgi/org.osgi.core/5.0.0/org.osgi.core-5.0.0.pom (0 B at 0 B/s)
Downloading from jboss-releases: https://repository.jboss.org/nexus/content/repositories/releases/xerces/xercesImpl/2.11.0/xercesImpl-2.11.0.jar
Downloading from central-https: https://repo.maven.apache.org/maven2/xerces/xercesImpl/2.11.0/xercesImpl-2.11.0.jar
Downloading from central-https: https://repo.maven.apache.org/maven2/org/fusesource/jansi/jansi/1.9/jansi-1.9.jar
Downloading from central-https: https://repo.maven.apache.org/maven2/org/osgi/org.osgi.core/5.0.0/org.osgi.core-5.0.0.jar
Downloaded from central-https: https://repo.maven.apache.org/maven2/xerces/xercesImpl/2.11.0/xercesImpl-2.11.0.jar (0 B at 0 B/s)
Downloaded from central-https: https://repo.maven.apache.org/maven2/org/fusesource/jansi/jansi/1.9/jansi-1.9.jar (0 B at 0 B/s)
Downloaded from central-https: https://repo.maven.apache.org/maven2/org/osgi/org.osgi.core/5.0.0/org.osgi.core-5.0.0.jar (0 B at 0 B/s)
[[1;34mINFO[m] 
[[1;34mINFO[m] [1m--- [0;32mmaven-clean-plugin:3.0.0:clean[m [1m(default-clean)[m @ [36mrichfaces-parent[0;1m ---[m
[[1;34mINFO[m] Deleting /RicksCafe/Git.Projects/richfaces/target
[[1;34mINFO[m] 
[[1;34mINFO[m] [1m--- [0;32mmaven-enforcer-plugin:1.3.1:enforce[m [1m(enforce-java-version)[m @ [36mrichfaces-parent[0;1m ---[m
Downloading from jboss-releases-plugins: https://repository.jboss.org/nexus/content/repositories/releases/org/apache/maven/maven-artifact/2.0.9/maven-artifact-2.0.9.pom
Downloading from central-https: https://repo.maven.apache.org/maven2/org/apache/maven/maven-artifact/2.0.9/maven-artifact-2.0.9.pom
Downloaded from central-https: https://repo.maven.apache.org/maven2/org/apache/maven/maven-artifact/2.0.9/maven-artifact-2.0.9.pom (0 B at 0 B/s)
Downloading from jboss-releases-plugins: https://repository.jboss.org/nexus/content/repositories/releases/org/apache/maven/maven/2.0.9/maven-2.0.9.pom
Downloading from central-https: https://repo.maven.apache.org/maven2/org/apache/maven/maven/2.0.9/maven-2.0.9.pom
Downloaded from central-https: https://repo.maven.apache.org/maven2/org/apache/maven/maven/2.0.9/maven-2.0.9.pom (0 B at 0 B/s)
Downloading from jboss-releases-plugins: https://repository.jboss.org/nexus/content/repositories/releases/org/apache/maven/maven-parent/8/maven-parent-8.pom
Downloading from central-https: https://repo.maven.apache.org/maven2/org/apache/maven/maven-parent/8/maven-parent-8.pom
Downloaded from central-https: https://repo.maven.apache.org/maven2/org/apache/maven/maven-parent/8/maven-parent-8.pom (0 B at 0 B/s)
Downloading from jboss-releases-plugins: https://repository.jboss.org/nexus/content/repositories/releases/org/apache/maven/maven-plugin-api/2.0.9/maven-plugin-api-2.0.9.pom
Downloading from central-https: https://repo.maven.apache.org/maven2/org/apache/maven/maven-plugin-api/2.0.9/maven-plugin-api-2.0.9.pom
Downloaded from central-https: https://repo.maven.apache.org/maven2/org/apache/maven/maven-plugin-api/2.0.9/maven-plugin-api-2.0.9.pom (0 B at 0 B/s)
Downloading from jboss-releases-plugins: https://repository.jboss.org/nexus/content/repositories/releases/org/apache/maven/maven-project/2.0.9/maven-project-2.0.9.pom
Downloading from central-https: https://repo.maven.apache.org/maven2/org/apache/maven/maven-project/2.0.9/maven-project-2.0.9.pom
Downloaded from central-https: https://repo.maven.apache.org/maven2/org/apache/maven/maven-project/2.0.9/maven-project-2.0.9.pom (0 B at 0 B/s)
Downloading from jboss-releases-plugins: https://repository.jboss.org/nexus/content/repositories/releases/org/apache/maven/maven-settings/2.0.9/maven-settings-2.0.9.pom
Downloading from central-https: https://repo.maven.apache.org/maven2/org/apache/maven/maven-settings/2.0.9/maven-settings-2.0.9.pom
Downloaded from central-https: https://repo.maven.apache.org/maven2/org/apache/maven/maven-settings/2.0.9/maven-settings-2.0.9.pom (0 B at 0 B/s)
Downloading from jboss-releases-plugins: https://repository.jboss.org/nexus/content/repositories/releases/org/apache/maven/maven-model/2.0.9/maven-model-2.0.9.pom
Downloading from central-https: https://repo.maven.apache.org/maven2/org/apache/maven/maven-model/2.0.9/maven-model-2.0.9.pom
Downloaded from central-https: https://repo.maven.apache.org/maven2/org/apache/maven/maven-model/2.0.9/maven-model-2.0.9.pom (0 B at 0 B/s)
Downloading from jboss-releases-plugins: https://repository.jboss.org/nexus/content/repositories/releases/junit/junit/4.11/junit-4.11.pom
Downloading from central-https: https://repo.maven.apache.org/maven2/junit/junit/4.11/junit-4.11.pom
Downloaded from central-https: https://repo.maven.apache.org/maven2/junit/junit/4.11/junit-4.11.pom (0 B at 0 B/s)
Downloading from jboss-releases-plugins: https://repository.jboss.org/nexus/content/repositories/releases/org/apache/maven/maven-profile/2.0.9/maven-profile-2.0.9.pom
Downloading from central-https: https://repo.maven.apache.org/maven2/org/apache/maven/maven-profile/2.0.9/maven-profile-2.0.9.pom
Downloaded from central-https: https://repo.maven.apache.org/maven2/org/apache/maven/maven-profile/2.0.9/maven-profile-2.0.9.pom (0 B at 0 B/s)
Downloading from jboss-releases-plugins: https://repository.jboss.org/nexus/content/repositories/releases/org/apache/maven/maven-artifact-manager/2.0.9/maven-artifact-manager-2.0.9.pom
Downloading from central-https: https://repo.maven.apache.org/maven2/org/apache/maven/maven-artifact-manager/2.0.9/maven-artifact-manager-2.0.9.pom
Downloaded from central-https: https://repo.maven.apache.org/maven2/org/apache/maven/maven-artifact-manager/2.0.9/maven-artifact-manager-2.0.9.pom (0 B at 0 B/s)
Downloading from jboss-releases-plugins: https://repository.jboss.org/nexus/content/repositories/releases/org/apache/maven/maven-repository-metadata/2.0.9/maven-repository-metadata-2.0.9.pom
Downloading from central-https: https://repo.maven.apache.org/maven2/org/apache/maven/maven-repository-metadata/2.0.9/maven-repository-metadata-2.0.9.pom
Downloaded from central-https: https://repo.maven.apache.org/maven2/org/apache/maven/maven-repository-metadata/2.0.9/maven-repository-metadata-2.0.9.pom (0 B at 0 B/s)
Downloading from jboss-releases-plugins: https://repository.jboss.org/nexus/content/repositories/releases/org/apache/maven/maven-plugin-registry/2.0.9/maven-plugin-registry-2.0.9.pom
Downloading from central-https: https://repo.maven.apache.org/maven2/org/apache/maven/maven-plugin-registry/2.0.9/maven-plugin-registry-2.0.9.pom
Downloaded from central-https: https://repo.maven.apache.org/maven2/org/apache/maven/maven-plugin-registry/2.0.9/maven-plugin-registry-2.0.9.pom (0 B at 0 B/s)
Downloading from jboss-releases-plugins: https://repository.jboss.org/nexus/content/repositories/releases/org/apache/maven/maven-core/2.0.9/maven-core-2.0.9.pom
Downloading from central-https: https://repo.maven.apache.org/maven2/org/apache/maven/maven-core/2.0.9/maven-core-2.0.9.pom
Downloaded from central-https: https://repo.maven.apache.org/maven2/org/apache/maven/maven-core/2.0.9/maven-core-2.0.9.pom (0 B at 0 B/s)
Downloading from jboss-releases-plugins: https://repository.jboss.org/nexus/content/repositories/releases/org/apache/maven/maven-plugin-parameter-documenter/2.0.9/maven-plugin-parameter-documenter-2.0.9.pom
Downloading from central-https: https://repo.maven.apache.org/maven2/org/apache/maven/maven-plugin-parameter-documenter/2.0.9/maven-plugin-parameter-documenter-2.0.9.pom
Downloaded from central-https: https://repo.maven.apache.org/maven2/org/apache/maven/maven-plugin-parameter-documenter/2.0.9/maven-plugin-parameter-documenter-2.0.9.pom (0 B at 0 B/s)
Downloading from jboss-releases-plugins: https://repository.jboss.org/nexus/content/repositories/releases/org/apache/maven/reporting/maven-reporting-api/2.0.9/maven-reporting-api-2.0.9.pom
Downloading from central-https: https://repo.maven.apache.org/maven2/org/apache/maven/reporting/maven-reporting-api/2.0.9/maven-reporting-api-2.0.9.pom
Downloaded from central-https: https://repo.maven.apache.org/maven2/org/apache/maven/reporting/maven-reporting-api/2.0.9/maven-reporting-api-2.0.9.pom (0 B at 0 B/s)
Downloading from jboss-releases-plugins: https://repository.jboss.org/nexus/content/repositories/releases/org/apache/maven/reporting/maven-reporting/2.0.9/maven-reporting-2.0.9.pom
Downloading from central-https: https://repo.maven.apache.org/maven2/org/apache/maven/reporting/maven-reporting/2.0.9/maven-reporting-2.0.9.pom
Downloaded from central-https: https://repo.maven.apache.org/maven2/org/apache/maven/reporting/maven-reporting/2.0.9/maven-reporting-2.0.9.pom (0 B at 0 B/s)
Downloading from jboss-releases-plugins: https://repository.jboss.org/nexus/content/repositories/releases/org/apache/maven/doxia/doxia-sink-api/1.0-alpha-10/doxia-sink-api-1.0-alpha-10.pom
Downloading from central-https: https://repo.maven.apache.org/maven2/org/apache/maven/doxia/doxia-sink-api/1.0-alpha-10/doxia-sink-api-1.0-alpha-10.pom
Downloaded from central-https: https://repo.maven.apache.org/maven2/org/apache/maven/doxia/doxia-sink-api/1.0-alpha-10/doxia-sink-api-1.0-alpha-10.pom (0 B at 0 B/s)
Downloading from jboss-releases-plugins: https://repository.jboss.org/nexus/content/repositories/releases/org/apache/maven/doxia/doxia/1.0-alpha-10/doxia-1.0-alpha-10.pom
Downloading from central-https: https://repo.maven.apache.org/maven2/org/apache/maven/doxia/doxia/1.0-alpha-10/doxia-1.0-alpha-10.pom
Downloaded from central-https: https://repo.maven.apache.org/maven2/org/apache/maven/doxia/doxia/1.0-alpha-10/doxia-1.0-alpha-10.pom (0 B at 0 B/s)
Downloading from jboss-releases-plugins: https://repository.jboss.org/nexus/content/repositories/releases/org/apache/maven/maven-error-diagnostics/2.0.9/maven-error-diagnostics-2.0.9.pom
Downloading from central-https: https://repo.maven.apache.org/maven2/org/apache/maven/maven-error-diagnostics/2.0.9/maven-error-diagnostics-2.0.9.pom
Downloaded from central-https: https://repo.maven.apache.org/maven2/org/apache/maven/maven-error-diagnostics/2.0.9/maven-error-diagnostics-2.0.9.pom (0 B at 0 B/s)
Downloading from jboss-releases-plugins: https://repository.jboss.org/nexus/content/repositories/releases/org/apache/maven/maven-plugin-descriptor/2.0.9/maven-plugin-descriptor-2.0.9.pom
Downloading from central-https: https://repo.maven.apache.org/maven2/org/apache/maven/maven-plugin-descriptor/2.0.9/maven-plugin-descriptor-2.0.9.pom
Downloaded from central-https: https://repo.maven.apache.org/maven2/org/apache/maven/maven-plugin-descriptor/2.0.9/maven-plugin-descriptor-2.0.9.pom (0 B at 0 B/s)
Downloading from jboss-releases-plugins: https://repository.jboss.org/nexus/content/repositories/releases/org/apache/maven/maven-monitor/2.0.9/maven-monitor-2.0.9.pom
Downloading from central-https: https://repo.maven.apache.org/maven2/org/apache/maven/maven-monitor/2.0.9/maven-monitor-2.0.9.pom
Downloaded from central-https: https://repo.maven.apache.org/maven2/org/apache/maven/maven-monitor/2.0.9/maven-monitor-2.0.9.pom (0 B at 0 B/s)
Downloading from jboss-releases-plugins: https://repository.jboss.org/nexus/content/repositories/releases/commons-lang/commons-lang/2.3/commons-lang-2.3.pom
Downloading from central-https: https://repo.maven.apache.org/maven2/commons-lang/commons-lang/2.3/commons-lang-2.3.pom
Downloaded from central-https: https://repo.maven.apache.org/maven2/commons-lang/commons-lang/2.3/commons-lang-2.3.pom (0 B at 0 B/s)
Downloading from jboss-releases-plugins: https://repository.jboss.org/nexus/content/repositories/releases/org/apache/maven/enforcer/enforcer-api/1.3.1/enforcer-api-1.3.1.pom
Downloading from central-https: https://repo.maven.apache.org/maven2/org/apache/maven/enforcer/enforcer-api/1.3.1/enforcer-api-1.3.1.pom
Downloaded from central-https: https://repo.maven.apache.org/maven2/org/apache/maven/enforcer/enforcer-api/1.3.1/enforcer-api-1.3.1.pom (0 B at 0 B/s)
Downloading from jboss-releases-plugins: https://repository.jboss.org/nexus/content/repositories/releases/org/apache/maven/enforcer/enforcer-rules/1.3.1/enforcer-rules-1.3.1.pom
Downloading from central-https: https://repo.maven.apache.org/maven2/org/apache/maven/enforcer/enforcer-rules/1.3.1/enforcer-rules-1.3.1.pom
Downloaded from central-https: https://repo.maven.apache.org/maven2/org/apache/maven/enforcer/enforcer-rules/1.3.1/enforcer-rules-1.3.1.pom (0 B at 0 B/s)
Downloading from jboss-releases-plugins: https://repository.jboss.org/nexus/content/repositories/releases/org/beanshell/bsh/2.0b4/bsh-2.0b4.pom
Downloading from central-https: https://repo.maven.apache.org/maven2/org/beanshell/bsh/2.0b4/bsh-2.0b4.pom
Downloaded from central-https: https://repo.maven.apache.org/maven2/org/beanshell/bsh/2.0b4/bsh-2.0b4.pom (0 B at 0 B/s)
Downloading from jboss-releases-plugins: https://repository.jboss.org/nexus/content/repositories/releases/org/beanshell/beanshell/2.0b4/beanshell-2.0b4.pom
Downloading from central-https: https://repo.maven.apache.org/maven2/org/beanshell/beanshell/2.0b4/beanshell-2.0b4.pom
Downloaded from central-https: https://repo.maven.apache.org/maven2/org/beanshell/beanshell/2.0b4/beanshell-2.0b4.pom (0 B at 0 B/s)
Downloading from jboss-releases-plugins: https://repository.jboss.org/nexus/content/repositories/releases/org/apache/maven/shared/maven-dependency-tree/2.1/maven-dependency-tree-2.1.pom
Downloading from central-https: https://repo.maven.apache.org/maven2/org/apache/maven/shared/maven-dependency-tree/2.1/maven-dependency-tree-2.1.pom
Downloaded from central-https: https://repo.maven.apache.org/maven2/org/apache/maven/shared/maven-dependency-tree/2.1/maven-dependency-tree-2.1.pom (0 B at 0 B/s)
Downloading from jboss-releases-plugins: https://repository.jboss.org/nexus/content/repositories/releases/org/eclipse/aether/aether-util/0.9.0.M2/aether-util-0.9.0.M2.pom
Downloading from central-https: https://repo.maven.apache.org/maven2/org/eclipse/aether/aether-util/0.9.0.M2/aether-util-0.9.0.M2.pom
Downloaded from central-https: https://repo.maven.apache.org/maven2/org/eclipse/aether/aether-util/0.9.0.M2/aether-util-0.9.0.M2.pom (0 B at 0 B/s)
Downloading from jboss-releases-plugins: https://repository.jboss.org/nexus/content/repositories/releases/org/eclipse/aether/aether/0.9.0.M2/aether-0.9.0.M2.pom
Downloading from central-https: https://repo.maven.apache.org/maven2/org/eclipse/aether/aether/0.9.0.M2/aether-0.9.0.M2.pom
Downloaded from central-https: https://repo.maven.apache.org/maven2/org/eclipse/aether/aether/0.9.0.M2/aether-0.9.0.M2.pom (0 B at 0 B/s)
Downloading from jboss-releases-plugins: https://repository.jboss.org/nexus/content/repositories/releases/org/codehaus/plexus/plexus-i18n/1.0-beta-6/plexus-i18n-1.0-beta-6.pom
Downloading from central-https: https://repo.maven.apache.org/maven2/org/codehaus/plexus/plexus-i18n/1.0-beta-6/plexus-i18n-1.0-beta-6.pom
Downloaded from central-https: https://repo.maven.apache.org/maven2/org/codehaus/plexus/plexus-i18n/1.0-beta-6/plexus-i18n-1.0-beta-6.pom (0 B at 0 B/s)
Downloading from jboss-releases-plugins: https://repository.jboss.org/nexus/content/repositories/releases/org/codehaus/plexus/plexus-components/1.1.4/plexus-components-1.1.4.pom
Downloading from central-https: https://repo.maven.apache.org/maven2/org/codehaus/plexus/plexus-components/1.1.4/plexus-components-1.1.4.pom
Downloaded from central-https: https://repo.maven.apache.org/maven2/org/codehaus/plexus/plexus-components/1.1.4/plexus-components-1.1.4.pom (0 B at 0 B/s)
Downloading from jboss-releases-plugins: https://repository.jboss.org/nexus/content/repositories/releases/org/codehaus/plexus/plexus-container-default/1.0-alpha-8/plexus-container-default-1.0-alpha-8.pom
Downloading from central-https: https://repo.maven.apache.org/maven2/org/codehaus/plexus/plexus-container-default/1.0-alpha-8/plexus-container-default-1.0-alpha-8.pom
Downloaded from central-https: https://repo.maven.apache.org/maven2/org/codehaus/plexus/plexus-container-default/1.0-alpha-8/plexus-container-default-1.0-alpha-8.pom (0 B at 0 B/s)
Downloading from jboss-releases-plugins: https://repository.jboss.org/nexus/content/repositories/releases/org/apache/maven/maven-artifact/2.0.9/maven-artifact-2.0.9.jar
Downloading from jboss-releases-plugins: https://repository.jboss.org/nexus/content/repositories/releases/org/apache/maven/maven-plugin-api/2.0.9/maven-plugin-api-2.0.9.jar
Downloading from jboss-releases-plugins: https://repository.jboss.org/nexus/content/repositories/releases/org/apache/maven/maven-settings/2.0.9/maven-settings-2.0.9.jar
Downloading from jboss-releases-plugins: https://repository.jboss.org/nexus/content/repositories/releases/org/apache/maven/maven-project/2.0.9/maven-project-2.0.9.jar
Downloading from jboss-releases-plugins: https://repository.jboss.org/nexus/content/repositories/releases/org/apache/maven/maven-profile/2.0.9/maven-profile-2.0.9.jar
Downloading from jboss-releases-plugins: https://repository.jboss.org/nexus/content/repositories/releases/org/apache/maven/maven-model/2.0.9/maven-model-2.0.9.jar
Downloading from jboss-releases-plugins: https://repository.jboss.org/nexus/content/repositories/releases/org/apache/maven/maven-artifact-manager/2.0.9/maven-artifact-manager-2.0.9.jar
Downloading from jboss-releases-plugins: https://repository.jboss.org/nexus/content/repositories/releases/org/apache/maven/maven-plugin-registry/2.0.9/maven-plugin-registry-2.0.9.jar
Downloading from jboss-releases-plugins: https://repository.jboss.org/nexus/content/repositories/releases/org/apache/maven/maven-core/2.0.9/maven-core-2.0.9.jar
Downloading from jboss-releases-plugins: https://repository.jboss.org/nexus/content/repositories/releases/org/apache/maven/maven-plugin-parameter-documenter/2.0.9/maven-plugin-parameter-documenter-2.0.9.jar
Downloading from jboss-releases-plugins: https://repository.jboss.org/nexus/content/repositories/releases/org/apache/maven/reporting/maven-reporting-api/2.0.9/maven-reporting-api-2.0.9.jar
Downloading from jboss-releases-plugins: https://repository.jboss.org/nexus/content/repositories/releases/org/apache/maven/doxia/doxia-sink-api/1.0-alpha-10/doxia-sink-api-1.0-alpha-10.jar
Downloading from jboss-releases-plugins: https://repository.jboss.org/nexus/content/repositories/releases/org/apache/maven/maven-repository-metadata/2.0.9/maven-repository-metadata-2.0.9.jar
Downloading from jboss-releases-plugins: https://repository.jboss.org/nexus/content/repositories/releases/org/apache/maven/maven-error-diagnostics/2.0.9/maven-error-diagnostics-2.0.9.jar
Downloading from jboss-releases-plugins: https://repository.jboss.org/nexus/content/repositories/releases/org/apache/maven/maven-plugin-descriptor/2.0.9/maven-plugin-descriptor-2.0.9.jar
Downloading from jboss-releases-plugins: https://repository.jboss.org/nexus/content/repositories/releases/org/apache/maven/maven-monitor/2.0.9/maven-monitor-2.0.9.jar
Downloading from jboss-releases-plugins: https://repository.jboss.org/nexus/content/repositories/releases/org/codehaus/plexus/plexus-utils/1.5.8/plexus-utils-1.5.8.jar
Downloading from jboss-releases-plugins: https://repository.jboss.org/nexus/content/repositories/releases/commons-lang/commons-lang/2.3/commons-lang-2.3.jar
Downloading from jboss-releases-plugins: https://repository.jboss.org/nexus/content/repositories/releases/org/apache/maven/enforcer/enforcer-api/1.3.1/enforcer-api-1.3.1.jar
Downloading from jboss-releases-plugins: https://repository.jboss.org/nexus/content/repositories/releases/org/apache/maven/enforcer/enforcer-rules/1.3.1/enforcer-rules-1.3.1.jar
Downloading from jboss-releases-plugins: https://repository.jboss.org/nexus/content/repositories/releases/org/beanshell/bsh/2.0b4/bsh-2.0b4.jar
Downloading from jboss-releases-plugins: https://repository.jboss.org/nexus/content/repositories/releases/org/apache/maven/shared/maven-dependency-tree/2.1/maven-dependency-tree-2.1.jar
Downloading from jboss-releases-plugins: https://repository.jboss.org/nexus/content/repositories/releases/org/eclipse/aether/aether-util/0.9.0.M2/aether-util-0.9.0.M2.jar
Downloading from jboss-releases-plugins: https://repository.jboss.org/nexus/content/repositories/releases/org/codehaus/plexus/plexus-i18n/1.0-beta-6/plexus-i18n-1.0-beta-6.jar
Downloading from central-https: https://repo.maven.apache.org/maven2/org/apache/maven/maven-artifact/2.0.9/maven-artifact-2.0.9.jar
Downloading from central-https: https://repo.maven.apache.org/maven2/org/apache/maven/maven-plugin-api/2.0.9/maven-plugin-api-2.0.9.jar
Downloading from central-https: https://repo.maven.apache.org/maven2/org/apache/maven/maven-project/2.0.9/maven-project-2.0.9.jar
Downloading from central-https: https://repo.maven.apache.org/maven2/org/apache/maven/maven-settings/2.0.9/maven-settings-2.0.9.jar
Downloading from central-https: https://repo.maven.apache.org/maven2/org/apache/maven/maven-profile/2.0.9/maven-profile-2.0.9.jar
Downloaded from central-https: https://repo.maven.apache.org/maven2/org/apache/maven/maven-plugin-api/2.0.9/maven-plugin-api-2.0.9.jar (0 B at 0 B/s)
Downloaded from central-https: https://repo.maven.apache.org/maven2/org/apache/maven/maven-project/2.0.9/maven-project-2.0.9.jar (0 B at 0 B/s)
Downloading from central-https: https://repo.maven.apache.org/maven2/org/apache/maven/maven-artifact-manager/2.0.9/maven-artifact-manager-2.0.9.jar
Downloaded from central-https: https://repo.maven.apache.org/maven2/org/apache/maven/maven-profile/2.0.9/maven-profile-2.0.9.jar (0 B at 0 B/s)
Downloading from central-https: https://repo.maven.apache.org/maven2/org/apache/maven/maven-model/2.0.9/maven-model-2.0.9.jar
Downloading from central-https: https://repo.maven.apache.org/maven2/org/apache/maven/maven-plugin-registry/2.0.9/maven-plugin-registry-2.0.9.jar
Downloaded from central-https: https://repo.maven.apache.org/maven2/org/apache/maven/maven-artifact/2.0.9/maven-artifact-2.0.9.jar (0 B at 0 B/s)
Downloading from central-https: https://repo.maven.apache.org/maven2/org/apache/maven/maven-core/2.0.9/maven-core-2.0.9.jar
Downloaded from central-https: https://repo.maven.apache.org/maven2/org/apache/maven/maven-settings/2.0.9/maven-settings-2.0.9.jar (0 B at 0 B/s)
Downloading from central-https: https://repo.maven.apache.org/maven2/org/apache/maven/maven-plugin-parameter-documenter/2.0.9/maven-plugin-parameter-documenter-2.0.9.jar
Downloaded from central-https: https://repo.maven.apache.org/maven2/org/apache/maven/maven-plugin-registry/2.0.9/maven-plugin-registry-2.0.9.jar (0 B at 0 B/s)
Downloading from central-https: https://repo.maven.apache.org/maven2/org/apache/maven/reporting/maven-reporting-api/2.0.9/maven-reporting-api-2.0.9.jar
Downloaded from central-https: https://repo.maven.apache.org/maven2/org/apache/maven/maven-model/2.0.9/maven-model-2.0.9.jar (0 B at 0 B/s)
Downloading from central-https: https://repo.maven.apache.org/maven2/org/apache/maven/doxia/doxia-sink-api/1.0-alpha-10/doxia-sink-api-1.0-alpha-10.jar
Downloaded from central-https: https://repo.maven.apache.org/maven2/org/apache/maven/maven-artifact-manager/2.0.9/maven-artifact-manager-2.0.9.jar (0 B at 0 B/s)
Downloading from central-https: https://repo.maven.apache.org/maven2/org/apache/maven/maven-repository-metadata/2.0.9/maven-repository-metadata-2.0.9.jar
Downloaded from central-https: https://repo.maven.apache.org/maven2/org/apache/maven/maven-core/2.0.9/maven-core-2.0.9.jar (0 B at 0 B/s)
Downloading from central-https: https://repo.maven.apache.org/maven2/org/apache/maven/maven-error-diagnostics/2.0.9/maven-error-diagnostics-2.0.9.jar
Downloaded from central-https: https://repo.maven.apache.org/maven2/org/apache/maven/reporting/maven-reporting-api/2.0.9/maven-reporting-api-2.0.9.jar (0 B at 0 B/s)
Downloaded from central-https: https://repo.maven.apache.org/maven2/org/apache/maven/doxia/doxia-sink-api/1.0-alpha-10/doxia-sink-api-1.0-alpha-10.jar (0 B at 0 B/s)
Downloaded from central-https: https://repo.maven.apache.org/maven2/org/apache/maven/maven-repository-metadata/2.0.9/maven-repository-metadata-2.0.9.jar (0 B at 0 B/s)
Downloading from central-https: https://repo.maven.apache.org/maven2/org/codehaus/plexus/plexus-utils/1.5.8/plexus-utils-1.5.8.jar
Downloading from central-https: https://repo.maven.apache.org/maven2/org/apache/maven/maven-plugin-descriptor/2.0.9/maven-plugin-descriptor-2.0.9.jar
Downloaded from central-https: https://repo.maven.apache.org/maven2/org/apache/maven/maven-plugin-parameter-documenter/2.0.9/maven-plugin-parameter-documenter-2.0.9.jar (0 B at 0 B/s)
Downloading from central-https: https://repo.maven.apache.org/maven2/commons-lang/commons-lang/2.3/commons-lang-2.3.jar
Downloading from central-https: https://repo.maven.apache.org/maven2/org/apache/maven/maven-monitor/2.0.9/maven-monitor-2.0.9.jar
Downloaded from central-https: https://repo.maven.apache.org/maven2/org/apache/maven/maven-error-diagnostics/2.0.9/maven-error-diagnostics-2.0.9.jar (0 B at 0 B/s)
Downloading from central-https: https://repo.maven.apache.org/maven2/org/apache/maven/enforcer/enforcer-api/1.3.1/enforcer-api-1.3.1.jar
Downloaded from central-https: https://repo.maven.apache.org/maven2/org/codehaus/plexus/plexus-utils/1.5.8/plexus-utils-1.5.8.jar (0 B at 0 B/s)
Downloaded from central-https: https://repo.maven.apache.org/maven2/org/apache/maven/maven-plugin-descriptor/2.0.9/maven-plugin-descriptor-2.0.9.jar (0 B at 0 B/s)
Downloading from central-https: https://repo.maven.apache.org/maven2/org/apache/maven/enforcer/enforcer-rules/1.3.1/enforcer-rules-1.3.1.jar
Downloading from central-https: https://repo.maven.apache.org/maven2/org/beanshell/bsh/2.0b4/bsh-2.0b4.jar
Downloaded from central-https: https://repo.maven.apache.org/maven2/org/apache/maven/maven-monitor/2.0.9/maven-monitor-2.0.9.jar (0 B at 0 B/s)
Downloading from central-https: https://repo.maven.apache.org/maven2/org/apache/maven/shared/maven-dependency-tree/2.1/maven-dependency-tree-2.1.jar
Downloaded from central-https: https://repo.maven.apache.org/maven2/org/apache/maven/enforcer/enforcer-api/1.3.1/enforcer-api-1.3.1.jar (0 B at 0 B/s)
Downloading from central-https: https://repo.maven.apache.org/maven2/org/eclipse/aether/aether-util/0.9.0.M2/aether-util-0.9.0.M2.jar
Downloaded from central-https: https://repo.maven.apache.org/maven2/commons-lang/commons-lang/2.3/commons-lang-2.3.jar (0 B at 0 B/s)
Downloading from central-https: https://repo.maven.apache.org/maven2/org/codehaus/plexus/plexus-i18n/1.0-beta-6/plexus-i18n-1.0-beta-6.jar
Downloaded from central-https: https://repo.maven.apache.org/maven2/org/beanshell/bsh/2.0b4/bsh-2.0b4.jar (0 B at 0 B/s)
Downloaded from central-https: https://repo.maven.apache.org/maven2/org/apache/maven/enforcer/enforcer-rules/1.3.1/enforcer-rules-1.3.1.jar (0 B at 0 B/s)
Downloaded from central-https: https://repo.maven.apache.org/maven2/org/apache/maven/shared/maven-dependency-tree/2.1/maven-dependency-tree-2.1.jar (0 B at 0 B/s)
Downloaded from central-https: https://repo.maven.apache.org/maven2/org/eclipse/aether/aether-util/0.9.0.M2/aether-util-0.9.0.M2.jar (0 B at 0 B/s)
Downloaded from central-https: https://repo.maven.apache.org/maven2/org/codehaus/plexus/plexus-i18n/1.0-beta-6/plexus-i18n-1.0-beta-6.jar (0 B at 0 B/s)
[[1;34mINFO[m] 
[[1;34mINFO[m] [1m--- [0;32mmaven-enforcer-plugin:1.3.1:enforce[m [1m(enforce-maven-version)[m @ [36mrichfaces-parent[0;1m ---[m
[[1;34mINFO[m] 
[[1;34mINFO[m] [1m--- [0;32mbuildnumber-maven-plugin:1.2:create-timestamp[m [1m(get-build-timestamp)[m @ [36mrichfaces-parent[0;1m ---[m
Downloading from jboss-releases-plugins: https://repository.jboss.org/nexus/content/repositories/releases/junit/junit/4.10/junit-4.10.pom
Downloading from central-https: https://repo.maven.apache.org/maven2/junit/junit/4.10/junit-4.10.pom
Downloaded from central-https: https://repo.maven.apache.org/maven2/junit/junit/4.10/junit-4.10.pom (0 B at 0 B/s)
Downloading from jboss-releases-plugins: https://repository.jboss.org/nexus/content/repositories/releases/org/hamcrest/hamcrest-core/1.1/hamcrest-core-1.1.pom
Downloading from central-https: https://repo.maven.apache.org/maven2/org/hamcrest/hamcrest-core/1.1/hamcrest-core-1.1.pom
Downloaded from central-https: https://repo.maven.apache.org/maven2/org/hamcrest/hamcrest-core/1.1/hamcrest-core-1.1.pom (0 B at 0 B/s)
Downloading from jboss-releases-plugins: https://repository.jboss.org/nexus/content/repositories/releases/org/hamcrest/hamcrest-parent/1.1/hamcrest-parent-1.1.pom
Downloading from central-https: https://repo.maven.apache.org/maven2/org/hamcrest/hamcrest-parent/1.1/hamcrest-parent-1.1.pom
Downloaded from central-https: https://repo.maven.apache.org/maven2/org/hamcrest/hamcrest-parent/1.1/hamcrest-parent-1.1.pom (0 B at 0 B/s)
Downloading from jboss-releases-plugins: https://repository.jboss.org/nexus/content/repositories/releases/org/apache/maven/maven-plugin-api/2.0.1/maven-plugin-api-2.0.1.pom
Downloading from central-https: https://repo.maven.apache.org/maven2/org/apache/maven/maven-plugin-api/2.0.1/maven-plugin-api-2.0.1.pom
Downloaded from central-https: https://repo.maven.apache.org/maven2/org/apache/maven/maven-plugin-api/2.0.1/maven-plugin-api-2.0.1.pom (0 B at 0 B/s)
Downloading from jboss-releases-plugins: https://repository.jboss.org/nexus/content/repositories/releases/org/apache/maven/maven/2.0.1/maven-2.0.1.pom
Downloading from central-https: https://repo.maven.apache.org/maven2/org/apache/maven/maven/2.0.1/maven-2.0.1.pom
Downloaded from central-https: https://repo.maven.apache.org/maven2/org/apache/maven/maven/2.0.1/maven-2.0.1.pom (0 B at 0 B/s)
Downloading from jboss-releases-plugins: https://repository.jboss.org/nexus/content/repositories/releases/org/apache/maven/scm/maven-scm-api/1.8/maven-scm-api-1.8.pom
Downloading from central-https: https://repo.maven.apache.org/maven2/org/apache/maven/scm/maven-scm-api/1.8/maven-scm-api-1.8.pom
Downloaded from central-https: https://repo.maven.apache.org/maven2/org/apache/maven/scm/maven-scm-api/1.8/maven-scm-api-1.8.pom (0 B at 0 B/s)
Downloading from jboss-releases-plugins: https://repository.jboss.org/nexus/content/repositories/releases/org/apache/maven/scm/maven-scm/1.8/maven-scm-1.8.pom
Downloading from central-https: https://repo.maven.apache.org/maven2/org/apache/maven/scm/maven-scm/1.8/maven-scm-1.8.pom
Downloaded from central-https: https://repo.maven.apache.org/maven2/org/apache/maven/scm/maven-scm/1.8/maven-scm-1.8.pom (0 B at 0 B/s)
Downloading from jboss-releases-plugins: https://repository.jboss.org/nexus/content/repositories/releases/org/codehaus/plexus/plexus-utils/3.0.3/plexus-utils-3.0.3.pom
Downloading from central-https: https://repo.maven.apache.org/maven2/org/codehaus/plexus/plexus-utils/3.0.3/plexus-utils-3.0.3.pom
Downloaded from central-https: https://repo.maven.apache.org/maven2/org/codehaus/plexus/plexus-utils/3.0.3/plexus-utils-3.0.3.pom (0 B at 0 B/s)
Downloading from jboss-releases-plugins: https://repository.jboss.org/nexus/content/repositories/releases/org/codehaus/plexus/plexus/3.1/plexus-3.1.pom
Downloading from central-https: https://repo.maven.apache.org/maven2/org/codehaus/plexus/plexus/3.1/plexus-3.1.pom
Downloaded from central-https: https://repo.maven.apache.org/maven2/org/codehaus/plexus/plexus/3.1/plexus-3.1.pom (0 B at 0 B/s)
Downloading from jboss-releases-plugins: https://repository.jboss.org/nexus/content/repositories/releases/org/apache/maven/scm/maven-scm-manager-plexus/1.8/maven-scm-manager-plexus-1.8.pom
Downloading from central-https: https://repo.maven.apache.org/maven2/org/apache/maven/scm/maven-scm-manager-plexus/1.8/maven-scm-manager-plexus-1.8.pom
Downloaded from central-https: https://repo.maven.apache.org/maven2/org/apache/maven/scm/maven-scm-manager-plexus/1.8/maven-scm-manager-plexus-1.8.pom (0 B at 0 B/s)
Downloading from jboss-releases-plugins: https://repository.jboss.org/nexus/content/repositories/releases/org/apache/maven/scm/maven-scm-managers/1.8/maven-scm-managers-1.8.pom
Downloading from central-https: https://repo.maven.apache.org/maven2/org/apache/maven/scm/maven-scm-managers/1.8/maven-scm-managers-1.8.pom
Downloaded from central-https: https://repo.maven.apache.org/maven2/org/apache/maven/scm/maven-scm-managers/1.8/maven-scm-managers-1.8.pom (0 B at 0 B/s)
Downloading from jboss-releases-plugins: https://repository.jboss.org/nexus/content/repositories/releases/org/apache/maven/scm/maven-scm-provider-bazaar/1.8/maven-scm-provider-bazaar-1.8.pom
Downloading from central-https: https://repo.maven.apache.org/maven2/org/apache/maven/scm/maven-scm-provider-bazaar/1.8/maven-scm-provider-bazaar-1.8.pom
Downloaded from central-https: https://repo.maven.apache.org/maven2/org/apache/maven/scm/maven-scm-provider-bazaar/1.8/maven-scm-provider-bazaar-1.8.pom (0 B at 0 B/s)
Downloading from jboss-releases-plugins: https://repository.jboss.org/nexus/content/repositories/releases/org/apache/maven/scm/maven-scm-providers/1.8/maven-scm-providers-1.8.pom
Downloading from central-https: https://repo.maven.apache.org/maven2/org/apache/maven/scm/maven-scm-providers/1.8/maven-scm-providers-1.8.pom
Downloaded from central-https: https://repo.maven.apache.org/maven2/org/apache/maven/scm/maven-scm-providers/1.8/maven-scm-providers-1.8.pom (0 B at 0 B/s)
Downloading from jboss-releases-plugins: https://repository.jboss.org/nexus/content/repositories/releases/regexp/regexp/1.3/regexp-1.3.pom
Downloading from central-https: https://repo.maven.apache.org/maven2/regexp/regexp/1.3/regexp-1.3.pom
Downloaded from central-https: https://repo.maven.apache.org/maven2/regexp/regexp/1.3/regexp-1.3.pom (0 B at 0 B/s)
Downloading from jboss-releases-plugins: https://repository.jboss.org/nexus/content/repositories/releases/org/apache/maven/scm/maven-scm-provider-svnexe/1.8/maven-scm-provider-svnexe-1.8.pom
Downloading from central-https: https://repo.maven.apache.org/maven2/org/apache/maven/scm/maven-scm-provider-svnexe/1.8/maven-scm-provider-svnexe-1.8.pom
Downloaded from central-https: https://repo.maven.apache.org/maven2/org/apache/maven/scm/maven-scm-provider-svnexe/1.8/maven-scm-provider-svnexe-1.8.pom (0 B at 0 B/s)
Downloading from jboss-releases-plugins: https://repository.jboss.org/nexus/content/repositories/releases/org/apache/maven/scm/maven-scm-providers-svn/1.8/maven-scm-providers-svn-1.8.pom
Downloading from central-https: https://repo.maven.apache.org/maven2/org/apache/maven/scm/maven-scm-providers-svn/1.8/maven-scm-providers-svn-1.8.pom
Downloaded from central-https: https://repo.maven.apache.org/maven2/org/apache/maven/scm/maven-scm-providers-svn/1.8/maven-scm-providers-svn-1.8.pom (0 B at 0 B/s)
Downloading from jboss-releases-plugins: https://repository.jboss.org/nexus/content/repositories/releases/org/apache/maven/scm/maven-scm-provider-svn-commons/1.8/maven-scm-provider-svn-commons-1.8.pom
Downloading from central-https: https://repo.maven.apache.org/maven2/org/apache/maven/scm/maven-scm-provider-svn-commons/1.8/maven-scm-provider-svn-commons-1.8.pom
Downloaded from central-https: https://repo.maven.apache.org/maven2/org/apache/maven/scm/maven-scm-provider-svn-commons/1.8/maven-scm-provider-svn-commons-1.8.pom (0 B at 0 B/s)
Downloading from jboss-releases-plugins: https://repository.jboss.org/nexus/content/repositories/releases/org/apache/maven/scm/maven-scm-provider-gitexe/1.8/maven-scm-provider-gitexe-1.8.pom
Downloading from central-https: https://repo.maven.apache.org/maven2/org/apache/maven/scm/maven-scm-provider-gitexe/1.8/maven-scm-provider-gitexe-1.8.pom
Downloaded from central-https: https://repo.maven.apache.org/maven2/org/apache/maven/scm/maven-scm-provider-gitexe/1.8/maven-scm-provider-gitexe-1.8.pom (0 B at 0 B/s)
Downloading from jboss-releases-plugins: https://repository.jboss.org/nexus/content/repositories/releases/org/apache/maven/scm/maven-scm-providers-git/1.8/maven-scm-providers-git-1.8.pom
Downloading from central-https: https://repo.maven.apache.org/maven2/org/apache/maven/scm/maven-scm-providers-git/1.8/maven-scm-providers-git-1.8.pom
Downloaded from central-https: https://repo.maven.apache.org/maven2/org/apache/maven/scm/maven-scm-providers-git/1.8/maven-scm-providers-git-1.8.pom (0 B at 0 B/s)
Downloading from jboss-releases-plugins: https://repository.jboss.org/nexus/content/repositories/releases/org/apache/maven/scm/maven-scm-provider-git-commons/1.8/maven-scm-provider-git-commons-1.8.pom
Downloading from central-https: https://repo.maven.apache.org/maven2/org/apache/maven/scm/maven-scm-provider-git-commons/1.8/maven-scm-provider-git-commons-1.8.pom
Downloaded from central-https: https://repo.maven.apache.org/maven2/org/apache/maven/scm/maven-scm-provider-git-commons/1.8/maven-scm-provider-git-commons-1.8.pom (0 B at 0 B/s)
Downloading from jboss-releases-plugins: https://repository.jboss.org/nexus/content/repositories/releases/org/apache/maven/scm/maven-scm-provider-cvsexe/1.8/maven-scm-provider-cvsexe-1.8.pom
Downloading from central-https: https://repo.maven.apache.org/maven2/org/apache/maven/scm/maven-scm-provider-cvsexe/1.8/maven-scm-provider-cvsexe-1.8.pom
Downloaded from central-https: https://repo.maven.apache.org/maven2/org/apache/maven/scm/maven-scm-provider-cvsexe/1.8/maven-scm-provider-cvsexe-1.8.pom (0 B at 0 B/s)
Downloading from jboss-releases-plugins: https://repository.jboss.org/nexus/content/repositories/releases/org/apache/maven/scm/maven-scm-providers-cvs/1.8/maven-scm-providers-cvs-1.8.pom
Downloading from central-https: https://repo.maven.apache.org/maven2/org/apache/maven/scm/maven-scm-providers-cvs/1.8/maven-scm-providers-cvs-1.8.pom
Downloaded from central-https: https://repo.maven.apache.org/maven2/org/apache/maven/scm/maven-scm-providers-cvs/1.8/maven-scm-providers-cvs-1.8.pom (0 B at 0 B/s)
Downloading from jboss-releases-plugins: https://repository.jboss.org/nexus/content/repositories/releases/org/apache/maven/scm/maven-scm-provider-cvs-commons/1.8/maven-scm-provider-cvs-commons-1.8.pom
Downloading from central-https: https://repo.maven.apache.org/maven2/org/apache/maven/scm/maven-scm-provider-cvs-commons/1.8/maven-scm-provider-cvs-commons-1.8.pom
Downloaded from central-https: https://repo.maven.apache.org/maven2/org/apache/maven/scm/maven-scm-provider-cvs-commons/1.8/maven-scm-provider-cvs-commons-1.8.pom (0 B at 0 B/s)
Downloading from jboss-releases-plugins: https://repository.jboss.org/nexus/content/repositories/releases/org/apache/maven/scm/maven-scm-provider-starteam/1.8/maven-scm-provider-starteam-1.8.pom
Downloading from central-https: https://repo.maven.apache.org/maven2/org/apache/maven/scm/maven-scm-provider-starteam/1.8/maven-scm-provider-starteam-1.8.pom
Downloaded from central-https: https://repo.maven.apache.org/maven2/org/apache/maven/scm/maven-scm-provider-starteam/1.8/maven-scm-provider-starteam-1.8.pom (0 B at 0 B/s)
Downloading from jboss-releases-plugins: https://repository.jboss.org/nexus/content/repositories/releases/org/apache/maven/scm/maven-scm-provider-clearcase/1.8/maven-scm-provider-clearcase-1.8.pom
Downloading from central-https: https://repo.maven.apache.org/maven2/org/apache/maven/scm/maven-scm-provider-clearcase/1.8/maven-scm-provider-clearcase-1.8.pom
Downloaded from central-https: https://repo.maven.apache.org/maven2/org/apache/maven/scm/maven-scm-provider-clearcase/1.8/maven-scm-provider-clearcase-1.8.pom (0 B at 0 B/s)
Downloading from jboss-releases-plugins: https://repository.jboss.org/nexus/content/repositories/releases/org/apache/maven/scm/maven-scm-provider-perforce/1.8/maven-scm-provider-perforce-1.8.pom
Downloading from central-https: https://repo.maven.apache.org/maven2/org/apache/maven/scm/maven-scm-provider-perforce/1.8/maven-scm-provider-perforce-1.8.pom
Downloaded from central-https: https://repo.maven.apache.org/maven2/org/apache/maven/scm/maven-scm-provider-perforce/1.8/maven-scm-provider-perforce-1.8.pom (0 B at 0 B/s)
Downloading from jboss-releases-plugins: https://repository.jboss.org/nexus/content/repositories/releases/org/apache/maven/scm/maven-scm-provider-hg/1.8/maven-scm-provider-hg-1.8.pom
Downloading from central-https: https://repo.maven.apache.org/maven2/org/apache/maven/scm/maven-scm-provider-hg/1.8/maven-scm-provider-hg-1.8.pom
Downloaded from central-https: https://repo.maven.apache.org/maven2/org/apache/maven/scm/maven-scm-provider-hg/1.8/maven-scm-provider-hg-1.8.pom (0 B at 0 B/s)
Downloading from jboss-releases-plugins: https://repository.jboss.org/nexus/content/repositories/releases/com/google/code/maven-scm-provider-svnjava/maven-scm-provider-svnjava/1.13/maven-scm-provider-svnjava-1.13.pom
Downloading from central-https: https://repo.maven.apache.org/maven2/com/google/code/maven-scm-provider-svnjava/maven-scm-provider-svnjava/1.13/maven-scm-provider-svnjava-1.13.pom
Downloaded from central-https: https://repo.maven.apache.org/maven2/com/google/code/maven-scm-provider-svnjava/maven-scm-provider-svnjava/1.13/maven-scm-provider-svnjava-1.13.pom (0 B at 0 B/s)
Downloading from jboss-releases-plugins: https://repository.jboss.org/nexus/content/repositories/releases/org/sonatype/oss/oss-parent/5/oss-parent-5.pom
Downloading from central-https: https://repo.maven.apache.org/maven2/org/sonatype/oss/oss-parent/5/oss-parent-5.pom
Downloaded from central-https: https://repo.maven.apache.org/maven2/org/sonatype/oss/oss-parent/5/oss-parent-5.pom (0 B at 0 B/s)
Downloading from jboss-releases-plugins: https://repository.jboss.org/nexus/content/repositories/releases/org/apache/maven/scm/maven-scm-provider-svn-commons/1.5/maven-scm-provider-svn-commons-1.5.pom
Downloading from central-https: https://repo.maven.apache.org/maven2/org/apache/maven/scm/maven-scm-provider-svn-commons/1.5/maven-scm-provider-svn-commons-1.5.pom
Downloaded from central-https: https://repo.maven.apache.org/maven2/org/apache/maven/scm/maven-scm-provider-svn-commons/1.5/maven-scm-provider-svn-commons-1.5.pom (0 B at 0 B/s)
Downloading from jboss-releases-plugins: https://repository.jboss.org/nexus/content/repositories/releases/org/apache/maven/scm/maven-scm-providers-svn/1.5/maven-scm-providers-svn-1.5.pom
Downloading from central-https: https://repo.maven.apache.org/maven2/org/apache/maven/scm/maven-scm-providers-svn/1.5/maven-scm-providers-svn-1.5.pom
Downloaded from central-https: https://repo.maven.apache.org/maven2/org/apache/maven/scm/maven-scm-providers-svn/1.5/maven-scm-providers-svn-1.5.pom (0 B at 0 B/s)
Downloading from jboss-releases-plugins: https://repository.jboss.org/nexus/content/repositories/releases/org/apache/maven/scm/maven-scm-providers/1.5/maven-scm-providers-1.5.pom
Downloading from central-https: https://repo.maven.apache.org/maven2/org/apache/maven/scm/maven-scm-providers/1.5/maven-scm-providers-1.5.pom
Downloaded from central-https: https://repo.maven.apache.org/maven2/org/apache/maven/scm/maven-scm-providers/1.5/maven-scm-providers-1.5.pom (0 B at 0 B/s)
Downloading from jboss-releases-plugins: https://repository.jboss.org/nexus/content/repositories/releases/org/apache/maven/scm/maven-scm/1.5/maven-scm-1.5.pom
Downloading from central-https: https://repo.maven.apache.org/maven2/org/apache/maven/scm/maven-scm/1.5/maven-scm-1.5.pom
Downloaded from central-https: https://repo.maven.apache.org/maven2/org/apache/maven/scm/maven-scm/1.5/maven-scm-1.5.pom (0 B at 0 B/s)
Downloading from jboss-releases-plugins: https://repository.jboss.org/nexus/content/repositories/releases/org/apache/maven/maven-parent/19/maven-parent-19.pom
Downloading from central-https: https://repo.maven.apache.org/maven2/org/apache/maven/maven-parent/19/maven-parent-19.pom
Downloaded from central-https: https://repo.maven.apache.org/maven2/org/apache/maven/maven-parent/19/maven-parent-19.pom (0 B at 0 B/s)
Downloading from jboss-releases-plugins: https://repository.jboss.org/nexus/content/repositories/releases/org/apache/maven/scm/maven-scm-api/1.5/maven-scm-api-1.5.pom
Downloading from central-https: https://repo.maven.apache.org/maven2/org/apache/maven/scm/maven-scm-api/1.5/maven-scm-api-1.5.pom
Downloaded from central-https: https://repo.maven.apache.org/maven2/org/apache/maven/scm/maven-scm-api/1.5/maven-scm-api-1.5.pom (0 B at 0 B/s)
Downloading from jboss-releases-plugins: https://repository.jboss.org/nexus/content/repositories/releases/net/java/dev/jna/jna/3.2.2/jna-3.2.2.pom
Downloading from central-https: https://repo.maven.apache.org/maven2/net/java/dev/jna/jna/3.2.2/jna-3.2.2.pom
Downloaded from central-https: https://repo.maven.apache.org/maven2/net/java/dev/jna/jna/3.2.2/jna-3.2.2.pom (0 B at 0 B/s)
Downloading from jboss-releases-plugins: https://repository.jboss.org/nexus/content/repositories/releases/org/tmatesoft/svnkit/svnkit/1.3.5/svnkit-1.3.5.pom
Downloading from central-https: https://repo.maven.apache.org/maven2/org/tmatesoft/svnkit/svnkit/1.3.5/svnkit-1.3.5.pom
Downloaded from central-https: https://repo.maven.apache.org/maven2/org/tmatesoft/svnkit/svnkit/1.3.5/svnkit-1.3.5.pom (0 B at 0 B/s)
Downloading from jboss-releases-plugins: https://repository.jboss.org/nexus/content/repositories/releases/org/tmatesoft/svnkit/trilead-ssh2/build213-svnkit-1.3-patch/trilead-ssh2-build213-svnkit-1.3-patch.pom
Downloading from central-https: https://repo.maven.apache.org/maven2/org/tmatesoft/svnkit/trilead-ssh2/build213-svnkit-1.3-patch/trilead-ssh2-build213-svnkit-1.3-patch.pom
Downloaded from central-https: https://repo.maven.apache.org/maven2/org/tmatesoft/svnkit/trilead-ssh2/build213-svnkit-1.3-patch/trilead-ssh2-build213-svnkit-1.3-patch.pom (0 B at 0 B/s)
Downloading from jboss-releases-plugins: https://repository.jboss.org/nexus/content/repositories/releases/org/tmatesoft/sqljet/sqljet/1.0.4/sqljet-1.0.4.pom
Downloading from central-https: https://repo.maven.apache.org/maven2/org/tmatesoft/sqljet/sqljet/1.0.4/sqljet-1.0.4.pom
Downloaded from central-https: https://repo.maven.apache.org/maven2/org/tmatesoft/sqljet/sqljet/1.0.4/sqljet-1.0.4.pom (0 B at 0 B/s)
Downloading from jboss-releases-plugins: https://repository.jboss.org/nexus/content/repositories/releases/org/antlr/antlr-runtime/3.1.3/antlr-runtime-3.1.3.pom
Downloading from central-https: https://repo.maven.apache.org/maven2/org/antlr/antlr-runtime/3.1.3/antlr-runtime-3.1.3.pom
Downloaded from central-https: https://repo.maven.apache.org/maven2/org/antlr/antlr-runtime/3.1.3/antlr-runtime-3.1.3.pom (0 B at 0 B/s)
Downloading from jboss-releases-plugins: https://repository.jboss.org/nexus/content/repositories/releases/org/antlr/antlr-master/3.1.3/antlr-master-3.1.3.pom
Downloading from central-https: https://repo.maven.apache.org/maven2/org/antlr/antlr-master/3.1.3/antlr-master-3.1.3.pom
Downloaded from central-https: https://repo.maven.apache.org/maven2/org/antlr/antlr-master/3.1.3/antlr-master-3.1.3.pom (0 B at 0 B/s)
Downloading from jboss-releases-plugins: https://repository.jboss.org/nexus/content/repositories/releases/org/antlr/stringtemplate/3.2/stringtemplate-3.2.pom
Downloading from central-https: https://repo.maven.apache.org/maven2/org/antlr/stringtemplate/3.2/stringtemplate-3.2.pom
Downloaded from central-https: https://repo.maven.apache.org/maven2/org/antlr/stringtemplate/3.2/stringtemplate-3.2.pom (0 B at 0 B/s)
Downloading from jboss-releases-plugins: https://repository.jboss.org/nexus/content/repositories/releases/antlr/antlr/2.7.7/antlr-2.7.7.pom
Downloading from central-https: https://repo.maven.apache.org/maven2/antlr/antlr/2.7.7/antlr-2.7.7.pom
Downloaded from central-https: https://repo.maven.apache.org/maven2/antlr/antlr/2.7.7/antlr-2.7.7.pom (0 B at 0 B/s)
Downloading from jboss-releases-plugins: https://repository.jboss.org/nexus/content/repositories/releases/org/apache/maven/scm/maven-scm-api/1.8/maven-scm-api-1.8.jar
Downloading from jboss-releases-plugins: https://repository.jboss.org/nexus/content/repositories/releases/org/apache/maven/scm/maven-scm-manager-plexus/1.8/maven-scm-manager-plexus-1.8.jar
Downloading from jboss-releases-plugins: https://repository.jboss.org/nexus/content/repositories/releases/org/apache/maven/scm/maven-scm-provider-bazaar/1.8/maven-scm-provider-bazaar-1.8.jar
Downloading from jboss-releases-plugins: https://repository.jboss.org/nexus/content/repositories/releases/regexp/regexp/1.3/regexp-1.3.jar
Downloading from jboss-releases-plugins: https://repository.jboss.org/nexus/content/repositories/releases/org/apache/maven/scm/maven-scm-provider-svnexe/1.8/maven-scm-provider-svnexe-1.8.jar
Downloading from jboss-releases-plugins: https://repository.jboss.org/nexus/content/repositories/releases/org/apache/maven/scm/maven-scm-provider-gitexe/1.8/maven-scm-provider-gitexe-1.8.jar
Downloading from jboss-releases-plugins: https://repository.jboss.org/nexus/content/repositories/releases/org/apache/maven/scm/maven-scm-provider-git-commons/1.8/maven-scm-provider-git-commons-1.8.jar
Downloading from jboss-releases-plugins: https://repository.jboss.org/nexus/content/repositories/releases/org/apache/maven/scm/maven-scm-provider-svn-commons/1.8/maven-scm-provider-svn-commons-1.8.jar
Downloading from jboss-releases-plugins: https://repository.jboss.org/nexus/content/repositories/releases/org/apache/maven/scm/maven-scm-provider-cvsexe/1.8/maven-scm-provider-cvsexe-1.8.jar
Downloading from jboss-releases-plugins: https://repository.jboss.org/nexus/content/repositories/releases/org/apache/maven/scm/maven-scm-provider-cvs-commons/1.8/maven-scm-provider-cvs-commons-1.8.jar
Downloading from jboss-releases-plugins: https://repository.jboss.org/nexus/content/repositories/releases/org/apache/maven/scm/maven-scm-provider-starteam/1.8/maven-scm-provider-starteam-1.8.jar
Downloading from jboss-releases-plugins: https://repository.jboss.org/nexus/content/repositories/releases/org/apache/maven/scm/maven-scm-provider-clearcase/1.8/maven-scm-provider-clearcase-1.8.jar
Downloading from jboss-releases-plugins: https://repository.jboss.org/nexus/content/repositories/releases/org/apache/maven/scm/maven-scm-provider-perforce/1.8/maven-scm-provider-perforce-1.8.jar
Downloading from jboss-releases-plugins: https://repository.jboss.org/nexus/content/repositories/releases/org/apache/maven/scm/maven-scm-provider-hg/1.8/maven-scm-provider-hg-1.8.jar
Downloading from jboss-releases-plugins: https://repository.jboss.org/nexus/content/repositories/releases/com/google/code/maven-scm-provider-svnjava/maven-scm-provider-svnjava/1.13/maven-scm-provider-svnjava-1.13.jar
Downloading from jboss-releases-plugins: https://repository.jboss.org/nexus/content/repositories/releases/org/codehaus/plexus/plexus-utils/2.0.5/plexus-utils-2.0.5.jar
Downloading from jboss-releases-plugins: https://repository.jboss.org/nexus/content/repositories/releases/org/tmatesoft/svnkit/svnkit/1.3.5/svnkit-1.3.5.jar
Downloading from jboss-releases-plugins: https://repository.jboss.org/nexus/content/repositories/releases/org/tmatesoft/svnkit/trilead-ssh2/build213-svnkit-1.3-patch/trilead-ssh2-build213-svnkit-1.3-patch.jar
Downloading from jboss-releases-plugins: https://repository.jboss.org/nexus/content/repositories/releases/org/tmatesoft/sqljet/sqljet/1.0.4/sqljet-1.0.4.jar
Downloading from jboss-releases-plugins: https://repository.jboss.org/nexus/content/repositories/releases/org/antlr/antlr-runtime/3.1.3/antlr-runtime-3.1.3.jar
Downloading from jboss-releases-plugins: https://repository.jboss.org/nexus/content/repositories/releases/org/antlr/stringtemplate/3.2/stringtemplate-3.2.jar
Downloading from jboss-releases-plugins: https://repository.jboss.org/nexus/content/repositories/releases/antlr/antlr/2.7.7/antlr-2.7.7.jar
Downloading from jboss-releases-plugins: https://repository.jboss.org/nexus/content/repositories/releases/net/java/dev/jna/jna/3.2.2/jna-3.2.2.jar
Downloading from central-https: https://repo.maven.apache.org/maven2/org/apache/maven/scm/maven-scm-api/1.8/maven-scm-api-1.8.jar
Downloading from central-https: https://repo.maven.apache.org/maven2/org/apache/maven/scm/maven-scm-manager-plexus/1.8/maven-scm-manager-plexus-1.8.jar
Downloading from central-https: https://repo.maven.apache.org/maven2/org/apache/maven/scm/maven-scm-provider-bazaar/1.8/maven-scm-provider-bazaar-1.8.jar
Downloading from central-https: https://repo.maven.apache.org/maven2/regexp/regexp/1.3/regexp-1.3.jar
Downloading from central-https: https://repo.maven.apache.org/maven2/org/apache/maven/scm/maven-scm-provider-svnexe/1.8/maven-scm-provider-svnexe-1.8.jar
Downloaded from central-https: https://repo.maven.apache.org/maven2/org/apache/maven/scm/maven-scm-api/1.8/maven-scm-api-1.8.jar (0 B at 0 B/s)
Downloaded from central-https: https://repo.maven.apache.org/maven2/org/apache/maven/scm/maven-scm-manager-plexus/1.8/maven-scm-manager-plexus-1.8.jar (0 B at 0 B/s)
Downloaded from central-https: https://repo.maven.apache.org/maven2/org/apache/maven/scm/maven-scm-provider-svnexe/1.8/maven-scm-provider-svnexe-1.8.jar (0 B at 0 B/s)
Downloading from central-https: https://repo.maven.apache.org/maven2/org/apache/maven/scm/maven-scm-provider-svn-commons/1.8/maven-scm-provider-svn-commons-1.8.jar
Downloading from central-https: https://repo.maven.apache.org/maven2/org/apache/maven/scm/maven-scm-provider-gitexe/1.8/maven-scm-provider-gitexe-1.8.jar
Downloaded from central-https: https://repo.maven.apache.org/maven2/org/apache/maven/scm/maven-scm-provider-bazaar/1.8/maven-scm-provider-bazaar-1.8.jar (0 B at 0 B/s)
Downloading from central-https: https://repo.maven.apache.org/maven2/org/apache/maven/scm/maven-scm-provider-cvsexe/1.8/maven-scm-provider-cvsexe-1.8.jar
Downloaded from central-https: https://repo.maven.apache.org/maven2/regexp/regexp/1.3/regexp-1.3.jar (0 B at 0 B/s)
Downloading from central-https: https://repo.maven.apache.org/maven2/org/apache/maven/scm/maven-scm-provider-git-commons/1.8/maven-scm-provider-git-commons-1.8.jar
Downloading from central-https: https://repo.maven.apache.org/maven2/org/apache/maven/scm/maven-scm-provider-cvs-commons/1.8/maven-scm-provider-cvs-commons-1.8.jar
Downloaded from central-https: https://repo.maven.apache.org/maven2/org/apache/maven/scm/maven-scm-provider-git-commons/1.8/maven-scm-provider-git-commons-1.8.jar (0 B at 0 B/s)
Downloading from central-https: https://repo.maven.apache.org/maven2/org/apache/maven/scm/maven-scm-provider-starteam/1.8/maven-scm-provider-starteam-1.8.jar
Downloaded from central-https: https://repo.maven.apache.org/maven2/org/apache/maven/scm/maven-scm-provider-gitexe/1.8/maven-scm-provider-gitexe-1.8.jar (0 B at 0 B/s)
Downloaded from central-https: https://repo.maven.apache.org/maven2/org/apache/maven/scm/maven-scm-provider-cvs-commons/1.8/maven-scm-provider-cvs-commons-1.8.jar (0 B at 0 B/s)
Downloaded from central-https: https://repo.maven.apache.org/maven2/org/apache/maven/scm/maven-scm-provider-svn-commons/1.8/maven-scm-provider-svn-commons-1.8.jar (0 B at 0 B/s)
Downloading from central-https: https://repo.maven.apache.org/maven2/org/apache/maven/scm/maven-scm-provider-hg/1.8/maven-scm-provider-hg-1.8.jar
Downloaded from central-https: https://repo.maven.apache.org/maven2/org/apache/maven/scm/maven-scm-provider-cvsexe/1.8/maven-scm-provider-cvsexe-1.8.jar (0 B at 0 B/s)
Downloading from central-https: https://repo.maven.apache.org/maven2/com/google/code/maven-scm-provider-svnjava/maven-scm-provider-svnjava/1.13/maven-scm-provider-svnjava-1.13.jar
Downloading from central-https: https://repo.maven.apache.org/maven2/org/apache/maven/scm/maven-scm-provider-perforce/1.8/maven-scm-provider-perforce-1.8.jar
Downloading from central-https: https://repo.maven.apache.org/maven2/org/apache/maven/scm/maven-scm-provider-clearcase/1.8/maven-scm-provider-clearcase-1.8.jar
Downloaded from central-https: https://repo.maven.apache.org/maven2/org/apache/maven/scm/maven-scm-provider-perforce/1.8/maven-scm-provider-perforce-1.8.jar (0 B at 0 B/s)
Downloaded from central-https: https://repo.maven.apache.org/maven2/org/apache/maven/scm/maven-scm-provider-starteam/1.8/maven-scm-provider-starteam-1.8.jar (0 B at 0 B/s)
Downloading from central-https: https://repo.maven.apache.org/maven2/org/tmatesoft/svnkit/svnkit/1.3.5/svnkit-1.3.5.jar
Downloaded from central-https: https://repo.maven.apache.org/maven2/org/apache/maven/scm/maven-scm-provider-clearcase/1.8/maven-scm-provider-clearcase-1.8.jar (0 B at 0 B/s)
Downloading from central-https: https://repo.maven.apache.org/maven2/org/tmatesoft/svnkit/trilead-ssh2/build213-svnkit-1.3-patch/trilead-ssh2-build213-svnkit-1.3-patch.jar
Downloaded from central-https: https://repo.maven.apache.org/maven2/com/google/code/maven-scm-provider-svnjava/maven-scm-provider-svnjava/1.13/maven-scm-provider-svnjava-1.13.jar (0 B at 0 B/s)
Downloading from central-https: https://repo.maven.apache.org/maven2/org/tmatesoft/sqljet/sqljet/1.0.4/sqljet-1.0.4.jar
Downloaded from central-https: https://repo.maven.apache.org/maven2/org/apache/maven/scm/maven-scm-provider-hg/1.8/maven-scm-provider-hg-1.8.jar (0 B at 0 B/s)
Downloading from central-https: https://repo.maven.apache.org/maven2/org/antlr/antlr-runtime/3.1.3/antlr-runtime-3.1.3.jar
Downloading from central-https: https://repo.maven.apache.org/maven2/org/codehaus/plexus/plexus-utils/2.0.5/plexus-utils-2.0.5.jar
Downloaded from central-https: https://repo.maven.apache.org/maven2/org/tmatesoft/svnkit/trilead-ssh2/build213-svnkit-1.3-patch/trilead-ssh2-build213-svnkit-1.3-patch.jar (0 B at 0 B/s)
Downloaded from central-https: https://repo.maven.apache.org/maven2/org/codehaus/plexus/plexus-utils/2.0.5/plexus-utils-2.0.5.jar (0 B at 0 B/s)
Downloaded from central-https: https://repo.maven.apache.org/maven2/org/tmatesoft/sqljet/sqljet/1.0.4/sqljet-1.0.4.jar (0 B at 0 B/s)
Downloaded from central-https: https://repo.maven.apache.org/maven2/org/tmatesoft/svnkit/svnkit/1.3.5/svnkit-1.3.5.jar (0 B at 0 B/s)
Downloaded from central-https: https://repo.maven.apache.org/maven2/org/antlr/antlr-runtime/3.1.3/antlr-runtime-3.1.3.jar (0 B at 0 B/s)
Downloading from central-https: https://repo.maven.apache.org/maven2/net/java/dev/jna/jna/3.2.2/jna-3.2.2.jar
Downloading from central-https: https://repo.maven.apache.org/maven2/antlr/antlr/2.7.7/antlr-2.7.7.jar
Downloading from central-https: https://repo.maven.apache.org/maven2/org/antlr/stringtemplate/3.2/stringtemplate-3.2.jar
Downloaded from central-https: https://repo.maven.apache.org/maven2/antlr/antlr/2.7.7/antlr-2.7.7.jar (0 B at 0 B/s)
Downloaded from central-https: https://repo.maven.apache.org/maven2/net/java/dev/jna/jna/3.2.2/jna-3.2.2.jar (0 B at 0 B/s)
Downloaded from central-https: https://repo.maven.apache.org/maven2/org/antlr/stringtemplate/3.2/stringtemplate-3.2.jar (0 B at 0 B/s)
[[1;34mINFO[m] 
[[1;34mINFO[m] [1m--- [0;32mbuildnumber-maven-plugin:1.2:create[m [1m(get-scm-revision)[m @ [36mrichfaces-parent[0;1m ---[m
[[1;34mINFO[m] Checking for local modifications: skipped.
[[1;34mINFO[m] Updating project files from SCM: skipped.
[[1;34mINFO[m] Executing: /bin/sh -c cd /RicksCafe/Git.Projects/richfaces && git rev-parse --verify HEAD
[[1;34mINFO[m] Working directory: /RicksCafe/Git.Projects/richfaces
[[1;34mINFO[m] Storing buildNumber: f4099c706d0692a2ea2c483d70625fb245a2e278 at timestamp: 1787137109387
[[1;34mINFO[m] Executing: /bin/sh -c cd /RicksCafe/Git.Projects/richfaces && git rev-parse --verify HEAD
[[1;34mINFO[m] Working directory: /RicksCafe/Git.Projects/richfaces
[[1;34mINFO[m] Storing buildScmBranch: UNKNOWN
[[1;34mINFO[m] 
[[1;34mINFO[m] [1m--- [0;32mmaven-dependency-plugin:2.8:unpack[m [1m(unpack-arquillian-settings)[m @ [36mrichfaces-parent[0;1m ---[m
Downloading from jboss-releases-plugins: https://repository.jboss.org/nexus/content/repositories/releases/org/codehaus/plexus/plexus-utils/1.5.1/plexus-utils-1.5.1.pom
Downloading from central-https: https://repo.maven.apache.org/maven2/org/codehaus/plexus/plexus-utils/1.5.1/plexus-utils-1.5.1.pom
Downloaded from central-https: https://repo.maven.apache.org/maven2/org/codehaus/plexus/plexus-utils/1.5.1/plexus-utils-1.5.1.pom (0 B at 0 B/s)
Downloading from jboss-releases-plugins: https://repository.jboss.org/nexus/content/repositories/releases/org/apache/maven/doxia/doxia-sink-api/1.0/doxia-sink-api-1.0.pom
Downloading from central-https: https://repo.maven.apache.org/maven2/org/apache/maven/doxia/doxia-sink-api/1.0/doxia-sink-api-1.0.pom
Downloaded from central-https: https://repo.maven.apache.org/maven2/org/apache/maven/doxia/doxia-sink-api/1.0/doxia-sink-api-1.0.pom (0 B at 0 B/s)
Downloading from jboss-releases-plugins: https://repository.jboss.org/nexus/content/repositories/releases/org/apache/maven/doxia/doxia/1.0/doxia-1.0.pom
Downloading from central-https: https://repo.maven.apache.org/maven2/org/apache/maven/doxia/doxia/1.0/doxia-1.0.pom
Downloaded from central-https: https://repo.maven.apache.org/maven2/org/apache/maven/doxia/doxia/1.0/doxia-1.0.pom (0 B at 0 B/s)
Downloading from jboss-releases-plugins: https://repository.jboss.org/nexus/content/repositories/releases/org/apache/maven/maven-parent/10/maven-parent-10.pom
Downloading from central-https: https://repo.maven.apache.org/maven2/org/apache/maven/maven-parent/10/maven-parent-10.pom
Downloaded from central-https: https://repo.maven.apache.org/maven2/org/apache/maven/maven-parent/10/maven-parent-10.pom (0 B at 0 B/s)
Downloading from jboss-releases-plugins: https://repository.jboss.org/nexus/content/repositories/releases/org/apache/maven/reporting/maven-reporting-impl/2.0.5/maven-reporting-impl-2.0.5.pom
Downloading from central-https: https://repo.maven.apache.org/maven2/org/apache/maven/reporting/maven-reporting-impl/2.0.5/maven-reporting-impl-2.0.5.pom
Downloaded from central-https: https://repo.maven.apache.org/maven2/org/apache/maven/reporting/maven-reporting-impl/2.0.5/maven-reporting-impl-2.0.5.pom (0 B at 0 B/s)
Downloading from jboss-releases-plugins: https://repository.jboss.org/nexus/content/repositories/releases/org/apache/maven/doxia/doxia-core/1.0/doxia-core-1.0.pom
Downloading from central-https: https://repo.maven.apache.org/maven2/org/apache/maven/doxia/doxia-core/1.0/doxia-core-1.0.pom
Downloaded from central-https: https://repo.maven.apache.org/maven2/org/apache/maven/doxia/doxia-core/1.0/doxia-core-1.0.pom (0 B at 0 B/s)
Downloading from jboss-releases-plugins: https://repository.jboss.org/nexus/content/repositories/releases/org/codehaus/plexus/plexus-utils/1.5.7/plexus-utils-1.5.7.pom
Downloading from central-https: https://repo.maven.apache.org/maven2/org/codehaus/plexus/plexus-utils/1.5.7/plexus-utils-1.5.7.pom
Downloaded from central-https: https://repo.maven.apache.org/maven2/org/codehaus/plexus/plexus-utils/1.5.7/plexus-utils-1.5.7.pom (0 B at 0 B/s)
Downloading from jboss-releases-plugins: https://repository.jboss.org/nexus/content/repositories/releases/org/apache/maven/doxia/doxia-site-renderer/1.0/doxia-site-renderer-1.0.pom
Downloading from central-https: https://repo.maven.apache.org/maven2/org/apache/maven/doxia/doxia-site-renderer/1.0/doxia-site-renderer-1.0.pom
Downloaded from central-https: https://repo.maven.apache.org/maven2/org/apache/maven/doxia/doxia-site-renderer/1.0/doxia-site-renderer-1.0.pom (0 B at 0 B/s)
Downloading from jboss-releases-plugins: https://repository.jboss.org/nexus/content/repositories/releases/org/apache/maven/doxia/doxia-sitetools/1.0/doxia-sitetools-1.0.pom
Downloading from central-https: https://repo.maven.apache.org/maven2/org/apache/maven/doxia/doxia-sitetools/1.0/doxia-sitetools-1.0.pom
Downloaded from central-https: https://repo.maven.apache.org/maven2/org/apache/maven/doxia/doxia-sitetools/1.0/doxia-sitetools-1.0.pom (0 B at 0 B/s)
Downloading from jboss-releases-plugins: https://repository.jboss.org/nexus/content/repositories/releases/org/codehaus/plexus/plexus-i18n/1.0-beta-7/plexus-i18n-1.0-beta-7.pom
Downloading from central-https: https://repo.maven.apache.org/maven2/org/codehaus/plexus/plexus-i18n/1.0-beta-7/plexus-i18n-1.0-beta-7.pom
Downloaded from central-https: https://repo.maven.apache.org/maven2/org/codehaus/plexus/plexus-i18n/1.0-beta-7/plexus-i18n-1.0-beta-7.pom (0 B at 0 B/s)
Downloading from jboss-releases-plugins: https://repository.jboss.org/nexus/content/repositories/releases/org/codehaus/plexus/plexus-components/1.1.12/plexus-components-1.1.12.pom
Downloading from central-https: https://repo.maven.apache.org/maven2/org/codehaus/plexus/plexus-components/1.1.12/plexus-components-1.1.12.pom
Downloaded from central-https: https://repo.maven.apache.org/maven2/org/codehaus/plexus/plexus-components/1.1.12/plexus-components-1.1.12.pom (0 B at 0 B/s)
Downloading from jboss-releases-plugins: https://repository.jboss.org/nexus/content/repositories/releases/org/codehaus/plexus/plexus-velocity/1.1.7/plexus-velocity-1.1.7.pom
Downloading from central-https: https://repo.maven.apache.org/maven2/org/codehaus/plexus/plexus-velocity/1.1.7/plexus-velocity-1.1.7.pom
Downloaded from central-https: https://repo.maven.apache.org/maven2/org/codehaus/plexus/plexus-velocity/1.1.7/plexus-velocity-1.1.7.pom (0 B at 0 B/s)
Downloading from jboss-releases-plugins: https://repository.jboss.org/nexus/content/repositories/releases/org/codehaus/plexus/plexus-container-default/1.0-alpha-20/plexus-container-default-1.0-alpha-20.pom
Downloading from central-https: https://repo.maven.apache.org/maven2/org/codehaus/plexus/plexus-container-default/1.0-alpha-20/plexus-container-default-1.0-alpha-20.pom
Downloaded from central-https: https://repo.maven.apache.org/maven2/org/codehaus/plexus/plexus-container-default/1.0-alpha-20/plexus-container-default-1.0-alpha-20.pom (0 B at 0 B/s)
Downloading from jboss-releases-plugins: https://repository.jboss.org/nexus/content/repositories/releases/org/codehaus/plexus/plexus-containers/1.0-alpha-20/plexus-containers-1.0-alpha-20.pom
Downloading from central-https: https://repo.maven.apache.org/maven2/org/codehaus/plexus/plexus-containers/1.0-alpha-20/plexus-containers-1.0-alpha-20.pom
Downloaded from central-https: https://repo.maven.apache.org/maven2/org/codehaus/plexus/plexus-containers/1.0-alpha-20/plexus-containers-1.0-alpha-20.pom (0 B at 0 B/s)
Downloading from jboss-releases-plugins: https://repository.jboss.org/nexus/content/repositories/releases/org/codehaus/plexus/plexus-utils/1.3/plexus-utils-1.3.pom
Downloading from central-https: https://repo.maven.apache.org/maven2/org/codehaus/plexus/plexus-utils/1.3/plexus-utils-1.3.pom
Downloaded from central-https: https://repo.maven.apache.org/maven2/org/codehaus/plexus/plexus-utils/1.3/plexus-utils-1.3.pom (0 B at 0 B/s)
Downloading from jboss-releases-plugins: https://repository.jboss.org/nexus/content/repositories/releases/org/codehaus/plexus/plexus/1.0.8/plexus-1.0.8.pom
Downloading from central-https: https://repo.maven.apache.org/maven2/org/codehaus/plexus/plexus/1.0.8/plexus-1.0.8.pom
Downloaded from central-https: https://repo.maven.apache.org/maven2/org/codehaus/plexus/plexus/1.0.8/plexus-1.0.8.pom (0 B at 0 B/s)
Downloading from jboss-releases-plugins: https://repository.jboss.org/nexus/content/repositories/releases/org/codehaus/plexus/plexus-classworlds/1.2-alpha-7/plexus-classworlds-1.2-alpha-7.pom
Downloading from central-https: https://repo.maven.apache.org/maven2/org/codehaus/plexus/plexus-classworlds/1.2-alpha-7/plexus-classworlds-1.2-alpha-7.pom
Downloaded from central-https: https://repo.maven.apache.org/maven2/org/codehaus/plexus/plexus-classworlds/1.2-alpha-7/plexus-classworlds-1.2-alpha-7.pom (0 B at 0 B/s)
Downloading from jboss-releases-plugins: https://repository.jboss.org/nexus/content/repositories/releases/org/codehaus/plexus/plexus/1.0.9/plexus-1.0.9.pom
Downloading from central-https: https://repo.maven.apache.org/maven2/org/codehaus/plexus/plexus/1.0.9/plexus-1.0.9.pom
Downloaded from central-https: https://repo.maven.apache.org/maven2/org/codehaus/plexus/plexus/1.0.9/plexus-1.0.9.pom (0 B at 0 B/s)
Downloading from jboss-releases-plugins: https://repository.jboss.org/nexus/content/repositories/releases/org/apache/velocity/velocity/1.5/velocity-1.5.pom
Downloading from central-https: https://repo.maven.apache.org/maven2/org/apache/velocity/velocity/1.5/velocity-1.5.pom
Downloaded from central-https: https://repo.maven.apache.org/maven2/org/apache/velocity/velocity/1.5/velocity-1.5.pom (0 B at 0 B/s)
Downloading from jboss-releases-plugins: https://repository.jboss.org/nexus/content/repositories/releases/commons-collections/commons-collections/3.1/commons-collections-3.1.pom
Downloading from central-https: https://repo.maven.apache.org/maven2/commons-collections/commons-collections/3.1/commons-collections-3.1.pom
Downloaded from central-https: https://repo.maven.apache.org/maven2/commons-collections/commons-collections/3.1/commons-collections-3.1.pom (0 B at 0 B/s)
Downloading from jboss-releases-plugins: https://repository.jboss.org/nexus/content/repositories/releases/oro/oro/2.0.8/oro-2.0.8.pom
Downloading from central-https: https://repo.maven.apache.org/maven2/oro/oro/2.0.8/oro-2.0.8.pom
Downloaded from central-https: https://repo.maven.apache.org/maven2/oro/oro/2.0.8/oro-2.0.8.pom (0 B at 0 B/s)
Downloading from jboss-releases-plugins: https://repository.jboss.org/nexus/content/repositories/releases/org/apache/maven/doxia/doxia-decoration-model/1.0/doxia-decoration-model-1.0.pom
Downloading from central-https: https://repo.maven.apache.org/maven2/org/apache/maven/doxia/doxia-decoration-model/1.0/doxia-decoration-model-1.0.pom
Downloaded from central-https: https://repo.maven.apache.org/maven2/org/apache/maven/doxia/doxia-decoration-model/1.0/doxia-decoration-model-1.0.pom (0 B at 0 B/s)
Downloading from jboss-releases-plugins: https://repository.jboss.org/nexus/content/repositories/releases/commons-collections/commons-collections/3.2/commons-collections-3.2.pom
Downloading from central-https: https://repo.maven.apache.org/maven2/commons-collections/commons-collections/3.2/commons-collections-3.2.pom
Downloaded from central-https: https://repo.maven.apache.org/maven2/commons-collections/commons-collections/3.2/commons-collections-3.2.pom (0 B at 0 B/s)
Downloading from jboss-releases-plugins: https://repository.jboss.org/nexus/content/repositories/releases/org/apache/maven/doxia/doxia-module-apt/1.0/doxia-module-apt-1.0.pom
Downloading from central-https: https://repo.maven.apache.org/maven2/org/apache/maven/doxia/doxia-module-apt/1.0/doxia-module-apt-1.0.pom
Downloaded from central-https: https://repo.maven.apache.org/maven2/org/apache/maven/doxia/doxia-module-apt/1.0/doxia-module-apt-1.0.pom (0 B at 0 B/s)
Downloading from jboss-releases-plugins: https://repository.jboss.org/nexus/content/repositories/releases/org/apache/maven/doxia/doxia-modules/1.0/doxia-modules-1.0.pom
Downloading from central-https: https://repo.maven.apache.org/maven2/org/apache/maven/doxia/doxia-modules/1.0/doxia-modules-1.0.pom
Downloaded from central-https: https://repo.maven.apache.org/maven2/org/apache/maven/doxia/doxia-modules/1.0/doxia-modules-1.0.pom (0 B at 0 B/s)
Downloading from jboss-releases-plugins: https://repository.jboss.org/nexus/content/repositories/releases/org/apache/maven/doxia/doxia-module-fml/1.0/doxia-module-fml-1.0.pom
Downloading from central-https: https://repo.maven.apache.org/maven2/org/apache/maven/doxia/doxia-module-fml/1.0/doxia-module-fml-1.0.pom
Downloaded from central-https: https://repo.maven.apache.org/maven2/org/apache/maven/doxia/doxia-module-fml/1.0/doxia-module-fml-1.0.pom (0 B at 0 B/s)
Downloading from jboss-releases-plugins: https://repository.jboss.org/nexus/content/repositories/releases/org/apache/maven/doxia/doxia-module-xdoc/1.0/doxia-module-xdoc-1.0.pom
Downloading from central-https: https://repo.maven.apache.org/maven2/org/apache/maven/doxia/doxia-module-xdoc/1.0/doxia-module-xdoc-1.0.pom
Downloaded from central-https: https://repo.maven.apache.org/maven2/org/apache/maven/doxia/doxia-module-xdoc/1.0/doxia-module-xdoc-1.0.pom (0 B at 0 B/s)
Downloading from jboss-releases-plugins: https://repository.jboss.org/nexus/content/repositories/releases/org/apache/maven/doxia/doxia-module-xhtml/1.0/doxia-module-xhtml-1.0.pom
Downloading from central-https: https://repo.maven.apache.org/maven2/org/apache/maven/doxia/doxia-module-xhtml/1.0/doxia-module-xhtml-1.0.pom
Downloaded from central-https: https://repo.maven.apache.org/maven2/org/apache/maven/doxia/doxia-module-xhtml/1.0/doxia-module-xhtml-1.0.pom (0 B at 0 B/s)
Downloading from jboss-releases-plugins: https://repository.jboss.org/nexus/content/repositories/releases/org/apache/maven/shared/maven-doxia-tools/1.0.2/maven-doxia-tools-1.0.2.pom
Downloading from central-https: https://repo.maven.apache.org/maven2/org/apache/maven/shared/maven-doxia-tools/1.0.2/maven-doxia-tools-1.0.2.pom
Downloaded from central-https: https://repo.maven.apache.org/maven2/org/apache/maven/shared/maven-doxia-tools/1.0.2/maven-doxia-tools-1.0.2.pom (0 B at 0 B/s)
Downloading from jboss-releases-plugins: https://repository.jboss.org/nexus/content/repositories/releases/org/apache/maven/shared/maven-shared-components/11/maven-shared-components-11.pom
Downloading from central-https: https://repo.maven.apache.org/maven2/org/apache/maven/shared/maven-shared-components/11/maven-shared-components-11.pom
Downloaded from central-https: https://repo.maven.apache.org/maven2/org/apache/maven/shared/maven-shared-components/11/maven-shared-components-11.pom (0 B at 0 B/s)
Downloading from jboss-releases-plugins: https://repository.jboss.org/nexus/content/repositories/releases/commons-io/commons-io/1.4/commons-io-1.4.pom
Downloading from central-https: https://repo.maven.apache.org/maven2/commons-io/commons-io/1.4/commons-io-1.4.pom
Downloaded from central-https: https://repo.maven.apache.org/maven2/commons-io/commons-io/1.4/commons-io-1.4.pom (0 B at 0 B/s)
Downloading from jboss-releases-plugins: https://repository.jboss.org/nexus/content/repositories/releases/org/apache/commons/commons-parent/7/commons-parent-7.pom
Downloading from central-https: https://repo.maven.apache.org/maven2/org/apache/commons/commons-parent/7/commons-parent-7.pom
Downloaded from central-https: https://repo.maven.apache.org/maven2/org/apache/commons/commons-parent/7/commons-parent-7.pom (0 B at 0 B/s)
Downloading from jboss-releases-plugins: https://repository.jboss.org/nexus/content/repositories/releases/commons-validator/commons-validator/1.2.0/commons-validator-1.2.0.pom
Downloading from central-https: https://repo.maven.apache.org/maven2/commons-validator/commons-validator/1.2.0/commons-validator-1.2.0.pom
Downloaded from central-https: https://repo.maven.apache.org/maven2/commons-validator/commons-validator/1.2.0/commons-validator-1.2.0.pom (0 B at 0 B/s)
Downloading from jboss-releases-plugins: https://repository.jboss.org/nexus/content/repositories/releases/commons-beanutils/commons-beanutils/1.7.0/commons-beanutils-1.7.0.pom
Downloading from central-https: https://repo.maven.apache.org/maven2/commons-beanutils/commons-beanutils/1.7.0/commons-beanutils-1.7.0.pom
Downloaded from central-https: https://repo.maven.apache.org/maven2/commons-beanutils/commons-beanutils/1.7.0/commons-beanutils-1.7.0.pom (0 B at 0 B/s)
Downloading from jboss-releases-plugins: https://repository.jboss.org/nexus/content/repositories/releases/commons-logging/commons-logging/1.0.3/commons-logging-1.0.3.pom
Downloading from central-https: https://repo.maven.apache.org/maven2/commons-logging/commons-logging/1.0.3/commons-logging-1.0.3.pom
Downloaded from central-https: https://repo.maven.apache.org/maven2/commons-logging/commons-logging/1.0.3/commons-logging-1.0.3.pom (0 B at 0 B/s)
Downloading from jboss-releases-plugins: https://repository.jboss.org/nexus/content/repositories/releases/commons-digester/commons-digester/1.6/commons-digester-1.6.pom
Downloading from central-https: https://repo.maven.apache.org/maven2/commons-digester/commons-digester/1.6/commons-digester-1.6.pom
Downloaded from central-https: https://repo.maven.apache.org/maven2/commons-digester/commons-digester/1.6/commons-digester-1.6.pom (0 B at 0 B/s)
Downloading from jboss-releases-plugins: https://repository.jboss.org/nexus/content/repositories/releases/commons-beanutils/commons-beanutils/1.6/commons-beanutils-1.6.pom
Downloading from central-https: https://repo.maven.apache.org/maven2/commons-beanutils/commons-beanutils/1.6/commons-beanutils-1.6.pom
Downloaded from central-https: https://repo.maven.apache.org/maven2/commons-beanutils/commons-beanutils/1.6/commons-beanutils-1.6.pom (0 B at 0 B/s)
Downloading from jboss-releases-plugins: https://repository.jboss.org/nexus/content/repositories/releases/commons-logging/commons-logging/1.0/commons-logging-1.0.pom
Downloading from central-https: https://repo.maven.apache.org/maven2/commons-logging/commons-logging/1.0/commons-logging-1.0.pom
Downloaded from central-https: https://repo.maven.apache.org/maven2/commons-logging/commons-logging/1.0/commons-logging-1.0.pom (0 B at 0 B/s)
Downloading from jboss-releases-plugins: https://repository.jboss.org/nexus/content/repositories/releases/commons-collections/commons-collections/2.0/commons-collections-2.0.pom
Downloading from central-https: https://repo.maven.apache.org/maven2/commons-collections/commons-collections/2.0/commons-collections-2.0.pom
Downloaded from central-https: https://repo.maven.apache.org/maven2/commons-collections/commons-collections/2.0/commons-collections-2.0.pom (0 B at 0 B/s)
Downloading from jboss-releases-plugins: https://repository.jboss.org/nexus/content/repositories/releases/commons-collections/commons-collections/2.1/commons-collections-2.1.pom
Downloading from central-https: https://repo.maven.apache.org/maven2/commons-collections/commons-collections/2.1/commons-collections-2.1.pom
Downloaded from central-https: https://repo.maven.apache.org/maven2/commons-collections/commons-collections/2.1/commons-collections-2.1.pom (0 B at 0 B/s)
Downloading from jboss-releases-plugins: https://repository.jboss.org/nexus/content/repositories/releases/xml-apis/xml-apis/1.0.b2/xml-apis-1.0.b2.pom
Downloading from central-https: https://repo.maven.apache.org/maven2/xml-apis/xml-apis/1.0.b2/xml-apis-1.0.b2.pom
Downloaded from central-https: https://repo.maven.apache.org/maven2/xml-apis/xml-apis/1.0.b2/xml-apis-1.0.b2.pom (0 B at 0 B/s)
Downloading from jboss-releases-plugins: https://repository.jboss.org/nexus/content/repositories/releases/commons-logging/commons-logging/1.0.4/commons-logging-1.0.4.pom
Downloading from central-https: https://repo.maven.apache.org/maven2/commons-logging/commons-logging/1.0.4/commons-logging-1.0.4.pom
Downloaded from central-https: https://repo.maven.apache.org/maven2/commons-logging/commons-logging/1.0.4/commons-logging-1.0.4.pom (0 B at 0 B/s)
Downloading from jboss-releases-plugins: https://repository.jboss.org/nexus/content/repositories/releases/xml-apis/xml-apis/2.0.2/xml-apis-2.0.2.pom
Downloading from central-https: https://repo.maven.apache.org/maven2/xml-apis/xml-apis/2.0.2/xml-apis-2.0.2.pom
Downloaded from central-https: https://repo.maven.apache.org/maven2/xml-apis/xml-apis/2.0.2/xml-apis-2.0.2.pom (0 B at 0 B/s)
Downloading from jboss-releases-plugins: https://repository.jboss.org/nexus/content/repositories/releases/org/codehaus/plexus/plexus-archiver/2.3/plexus-archiver-2.3.pom
Downloading from central-https: https://repo.maven.apache.org/maven2/org/codehaus/plexus/plexus-archiver/2.3/plexus-archiver-2.3.pom
Downloaded from central-https: https://repo.maven.apache.org/maven2/org/codehaus/plexus/plexus-archiver/2.3/plexus-archiver-2.3.pom (0 B at 0 B/s)
Downloading from jboss-releases-plugins: https://repository.jboss.org/nexus/content/repositories/releases/org/codehaus/plexus/plexus-utils/3.0.10/plexus-utils-3.0.10.pom
Downloading from central-https: https://repo.maven.apache.org/maven2/org/codehaus/plexus/plexus-utils/3.0.10/plexus-utils-3.0.10.pom
Downloaded from central-https: https://repo.maven.apache.org/maven2/org/codehaus/plexus/plexus-utils/3.0.10/plexus-utils-3.0.10.pom (0 B at 0 B/s)
Downloading from jboss-releases-plugins: https://repository.jboss.org/nexus/content/repositories/releases/org/codehaus/plexus/plexus-io/2.0.6/plexus-io-2.0.6.pom
Downloading from central-https: https://repo.maven.apache.org/maven2/org/codehaus/plexus/plexus-io/2.0.6/plexus-io-2.0.6.pom
Downloaded from central-https: https://repo.maven.apache.org/maven2/org/codehaus/plexus/plexus-io/2.0.6/plexus-io-2.0.6.pom (0 B at 0 B/s)
Downloading from jboss-releases-plugins: https://repository.jboss.org/nexus/content/repositories/releases/org/codehaus/plexus/plexus-utils/3.0.9/plexus-utils-3.0.9.pom
Downloading from central-https: https://repo.maven.apache.org/maven2/org/codehaus/plexus/plexus-utils/3.0.9/plexus-utils-3.0.9.pom
Downloaded from central-https: https://repo.maven.apache.org/maven2/org/codehaus/plexus/plexus-utils/3.0.9/plexus-utils-3.0.9.pom (0 B at 0 B/s)
Downloading from jboss-releases-plugins: https://repository.jboss.org/nexus/content/repositories/releases/org/apache/maven/shared/file-management/1.2.1/file-management-1.2.1.pom
Downloading from central-https: https://repo.maven.apache.org/maven2/org/apache/maven/shared/file-management/1.2.1/file-management-1.2.1.pom
Downloaded from central-https: https://repo.maven.apache.org/maven2/org/apache/maven/shared/file-management/1.2.1/file-management-1.2.1.pom (0 B at 0 B/s)
Downloading from jboss-releases-plugins: https://repository.jboss.org/nexus/content/repositories/releases/org/apache/maven/shared/maven-shared-components/10/maven-shared-components-10.pom
Downloading from central-https: https://repo.maven.apache.org/maven2/org/apache/maven/shared/maven-shared-components/10/maven-shared-components-10.pom
Downloaded from central-https: https://repo.maven.apache.org/maven2/org/apache/maven/shared/maven-shared-components/10/maven-shared-components-10.pom (0 B at 0 B/s)
Downloading from jboss-releases-plugins: https://repository.jboss.org/nexus/content/repositories/releases/org/apache/maven/maven-parent/9/maven-parent-9.pom
Downloading from central-https: https://repo.maven.apache.org/maven2/org/apache/maven/maven-parent/9/maven-parent-9.pom
Downloaded from central-https: https://repo.maven.apache.org/maven2/org/apache/maven/maven-parent/9/maven-parent-9.pom (0 B at 0 B/s)
Downloading from jboss-releases-plugins: https://repository.jboss.org/nexus/content/repositories/releases/org/codehaus/plexus/plexus-utils/1.5.6/plexus-utils-1.5.6.pom
Downloading from central-https: https://repo.maven.apache.org/maven2/org/codehaus/plexus/plexus-utils/1.5.6/plexus-utils-1.5.6.pom
Downloaded from central-https: https://repo.maven.apache.org/maven2/org/codehaus/plexus/plexus-utils/1.5.6/plexus-utils-1.5.6.pom (0 B at 0 B/s)
Downloading from jboss-releases-plugins: https://repository.jboss.org/nexus/content/repositories/releases/org/codehaus/plexus/plexus/1.0.12/plexus-1.0.12.pom
Downloading from central-https: https://repo.maven.apache.org/maven2/org/codehaus/plexus/plexus/1.0.12/plexus-1.0.12.pom
Downloaded from central-https: https://repo.maven.apache.org/maven2/org/codehaus/plexus/plexus/1.0.12/plexus-1.0.12.pom (0 B at 0 B/s)
Downloading from jboss-releases-plugins: https://repository.jboss.org/nexus/content/repositories/releases/org/apache/maven/shared/maven-dependency-analyzer/1.4/maven-dependency-analyzer-1.4.pom
Downloading from central-https: https://repo.maven.apache.org/maven2/org/apache/maven/shared/maven-dependency-analyzer/1.4/maven-dependency-analyzer-1.4.pom
Downloaded from central-https: https://repo.maven.apache.org/maven2/org/apache/maven/shared/maven-dependency-analyzer/1.4/maven-dependency-analyzer-1.4.pom (0 B at 0 B/s)
Downloading from jboss-releases-plugins: https://repository.jboss.org/nexus/content/repositories/releases/org/apache/maven/maven-project/2.0.5/maven-project-2.0.5.pom
Downloading from central-https: https://repo.maven.apache.org/maven2/org/apache/maven/maven-project/2.0.5/maven-project-2.0.5.pom
Downloaded from central-https: https://repo.maven.apache.org/maven2/org/apache/maven/maven-project/2.0.5/maven-project-2.0.5.pom (0 B at 0 B/s)
Downloading from jboss-releases-plugins: https://repository.jboss.org/nexus/content/repositories/releases/org/apache/maven/maven/2.0.5/maven-2.0.5.pom
Downloading from central-https: https://repo.maven.apache.org/maven2/org/apache/maven/maven/2.0.5/maven-2.0.5.pom
Downloaded from central-https: https://repo.maven.apache.org/maven2/org/apache/maven/maven/2.0.5/maven-2.0.5.pom (0 B at 0 B/s)
Downloading from jboss-releases-plugins: https://repository.jboss.org/nexus/content/repositories/releases/org/apache/maven/maven-settings/2.0.5/maven-settings-2.0.5.pom
Downloading from central-https: https://repo.maven.apache.org/maven2/org/apache/maven/maven-settings/2.0.5/maven-settings-2.0.5.pom
Downloaded from central-https: https://repo.maven.apache.org/maven2/org/apache/maven/maven-settings/2.0.5/maven-settings-2.0.5.pom (0 B at 0 B/s)
Downloading from jboss-releases-plugins: https://repository.jboss.org/nexus/content/repositories/releases/org/apache/maven/maven-model/2.0.5/maven-model-2.0.5.pom
Downloading from central-https: https://repo.maven.apache.org/maven2/org/apache/maven/maven-model/2.0.5/maven-model-2.0.5.pom
Downloaded from central-https: https://repo.maven.apache.org/maven2/org/apache/maven/maven-model/2.0.5/maven-model-2.0.5.pom (0 B at 0 B/s)
Downloading from jboss-releases-plugins: https://repository.jboss.org/nexus/content/repositories/releases/org/apache/maven/maven-profile/2.0.5/maven-profile-2.0.5.pom
Downloading from central-https: https://repo.maven.apache.org/maven2/org/apache/maven/maven-profile/2.0.5/maven-profile-2.0.5.pom
Downloaded from central-https: https://repo.maven.apache.org/maven2/org/apache/maven/maven-profile/2.0.5/maven-profile-2.0.5.pom (0 B at 0 B/s)
Downloading from jboss-releases-plugins: https://repository.jboss.org/nexus/content/repositories/releases/org/apache/maven/maven-artifact-manager/2.0.5/maven-artifact-manager-2.0.5.pom
Downloading from central-https: https://repo.maven.apache.org/maven2/org/apache/maven/maven-artifact-manager/2.0.5/maven-artifact-manager-2.0.5.pom
Downloaded from central-https: https://repo.maven.apache.org/maven2/org/apache/maven/maven-artifact-manager/2.0.5/maven-artifact-manager-2.0.5.pom (0 B at 0 B/s)
Downloading from jboss-releases-plugins: https://repository.jboss.org/nexus/content/repositories/releases/org/apache/maven/maven-repository-metadata/2.0.5/maven-repository-metadata-2.0.5.pom
Downloading from central-https: https://repo.maven.apache.org/maven2/org/apache/maven/maven-repository-metadata/2.0.5/maven-repository-metadata-2.0.5.pom
Downloaded from central-https: https://repo.maven.apache.org/maven2/org/apache/maven/maven-repository-metadata/2.0.5/maven-repository-metadata-2.0.5.pom (0 B at 0 B/s)
Downloading from jboss-releases-plugins: https://repository.jboss.org/nexus/content/repositories/releases/org/apache/maven/maven-artifact/2.0.5/maven-artifact-2.0.5.pom
Downloading from central-https: https://repo.maven.apache.org/maven2/org/apache/maven/maven-artifact/2.0.5/maven-artifact-2.0.5.pom
Downloaded from central-https: https://repo.maven.apache.org/maven2/org/apache/maven/maven-artifact/2.0.5/maven-artifact-2.0.5.pom (0 B at 0 B/s)
Downloading from jboss-releases-plugins: https://repository.jboss.org/nexus/content/repositories/releases/org/apache/maven/maven-project/2.2.0/maven-project-2.2.0.pom
Downloading from central-https: https://repo.maven.apache.org/maven2/org/apache/maven/maven-project/2.2.0/maven-project-2.2.0.pom
Downloaded from central-https: https://repo.maven.apache.org/maven2/org/apache/maven/maven-project/2.2.0/maven-project-2.2.0.pom (0 B at 0 B/s)
Downloading from jboss-releases-plugins: https://repository.jboss.org/nexus/content/repositories/releases/org/apache/maven/maven/2.2.0/maven-2.2.0.pom
Downloading from central-https: https://repo.maven.apache.org/maven2/org/apache/maven/maven/2.2.0/maven-2.2.0.pom
Downloaded from central-https: https://repo.maven.apache.org/maven2/org/apache/maven/maven/2.2.0/maven-2.2.0.pom (0 B at 0 B/s)
Downloading from jboss-releases-plugins: https://repository.jboss.org/nexus/content/repositories/releases/org/apache/maven/maven-settings/2.2.0/maven-settings-2.2.0.pom
Downloading from central-https: https://repo.maven.apache.org/maven2/org/apache/maven/maven-settings/2.2.0/maven-settings-2.2.0.pom
Downloaded from central-https: https://repo.maven.apache.org/maven2/org/apache/maven/maven-settings/2.2.0/maven-settings-2.2.0.pom (0 B at 0 B/s)
Downloading from jboss-releases-plugins: https://repository.jboss.org/nexus/content/repositories/releases/org/apache/maven/maven-model/2.2.0/maven-model-2.2.0.pom
Downloading from central-https: https://repo.maven.apache.org/maven2/org/apache/maven/maven-model/2.2.0/maven-model-2.2.0.pom
Downloaded from central-https: https://repo.maven.apache.org/maven2/org/apache/maven/maven-model/2.2.0/maven-model-2.2.0.pom (0 B at 0 B/s)
Downloading from jboss-releases-plugins: https://repository.jboss.org/nexus/content/repositories/releases/org/apache/maven/maven-profile/2.2.0/maven-profile-2.2.0.pom
Downloading from central-https: https://repo.maven.apache.org/maven2/org/apache/maven/maven-profile/2.2.0/maven-profile-2.2.0.pom
Downloaded from central-https: https://repo.maven.apache.org/maven2/org/apache/maven/maven-profile/2.2.0/maven-profile-2.2.0.pom (0 B at 0 B/s)
Downloading from jboss-releases-plugins: https://repository.jboss.org/nexus/content/repositories/releases/org/apache/maven/maven-artifact-manager/2.2.0/maven-artifact-manager-2.2.0.pom
Downloading from central-https: https://repo.maven.apache.org/maven2/org/apache/maven/maven-artifact-manager/2.2.0/maven-artifact-manager-2.2.0.pom
Downloaded from central-https: https://repo.maven.apache.org/maven2/org/apache/maven/maven-artifact-manager/2.2.0/maven-artifact-manager-2.2.0.pom (0 B at 0 B/s)
Downloading from jboss-releases-plugins: https://repository.jboss.org/nexus/content/repositories/releases/org/apache/maven/maven-repository-metadata/2.2.0/maven-repository-metadata-2.2.0.pom
Downloading from central-https: https://repo.maven.apache.org/maven2/org/apache/maven/maven-repository-metadata/2.2.0/maven-repository-metadata-2.2.0.pom
Downloaded from central-https: https://repo.maven.apache.org/maven2/org/apache/maven/maven-repository-metadata/2.2.0/maven-repository-metadata-2.2.0.pom (0 B at 0 B/s)
Downloading from jboss-releases-plugins: https://repository.jboss.org/nexus/content/repositories/releases/org/apache/maven/maven-artifact/2.2.0/maven-artifact-2.2.0.pom
Downloading from central-https: https://repo.maven.apache.org/maven2/org/apache/maven/maven-artifact/2.2.0/maven-artifact-2.2.0.pom
Downloaded from central-https: https://repo.maven.apache.org/maven2/org/apache/maven/maven-artifact/2.2.0/maven-artifact-2.2.0.pom (0 B at 0 B/s)
Downloading from jboss-releases-plugins: https://repository.jboss.org/nexus/content/repositories/releases/org/apache/maven/maven-plugin-registry/2.2.0/maven-plugin-registry-2.2.0.pom
Downloading from central-https: https://repo.maven.apache.org/maven2/org/apache/maven/maven-plugin-registry/2.2.0/maven-plugin-registry-2.2.0.pom
Downloaded from central-https: https://repo.maven.apache.org/maven2/org/apache/maven/maven-plugin-registry/2.2.0/maven-plugin-registry-2.2.0.pom (0 B at 0 B/s)
Downloading from jboss-releases-plugins: https://repository.jboss.org/nexus/content/repositories/releases/org/apache/maven/shared/maven-invoker/2.0.11/maven-invoker-2.0.11.pom
Downloading from central-https: https://repo.maven.apache.org/maven2/org/apache/maven/shared/maven-invoker/2.0.11/maven-invoker-2.0.11.pom
Downloaded from central-https: https://repo.maven.apache.org/maven2/org/apache/maven/shared/maven-invoker/2.0.11/maven-invoker-2.0.11.pom (0 B at 0 B/s)
Downloading from jboss-releases-plugins: https://repository.jboss.org/nexus/content/repositories/releases/org/apache/maven/shared/maven-shared-components/12/maven-shared-components-12.pom
Downloading from central-https: https://repo.maven.apache.org/maven2/org/apache/maven/shared/maven-shared-components/12/maven-shared-components-12.pom
Downloaded from central-https: https://repo.maven.apache.org/maven2/org/apache/maven/shared/maven-shared-components/12/maven-shared-components-12.pom (0 B at 0 B/s)
Downloading from jboss-releases-plugins: https://repository.jboss.org/nexus/content/repositories/releases/org/apache/maven/maven-parent/13/maven-parent-13.pom
Downloading from central-https: https://repo.maven.apache.org/maven2/org/apache/maven/maven-parent/13/maven-parent-13.pom
Downloaded from central-https: https://repo.maven.apache.org/maven2/org/apache/maven/maven-parent/13/maven-parent-13.pom (0 B at 0 B/s)
Downloading from jboss-releases-plugins: https://repository.jboss.org/nexus/content/repositories/releases/commons-collections/commons-collections/3.2.1/commons-collections-3.2.1.pom
Downloading from central-https: https://repo.maven.apache.org/maven2/commons-collections/commons-collections/3.2.1/commons-collections-3.2.1.pom
Downloaded from central-https: https://repo.maven.apache.org/maven2/commons-collections/commons-collections/3.2.1/commons-collections-3.2.1.pom (0 B at 0 B/s)
Downloading from jboss-releases-plugins: https://repository.jboss.org/nexus/content/repositories/releases/org/apache/commons/commons-parent/9/commons-parent-9.pom
Downloading from central-https: https://repo.maven.apache.org/maven2/org/apache/commons/commons-parent/9/commons-parent-9.pom
Downloaded from central-https: https://repo.maven.apache.org/maven2/org/apache/commons/commons-parent/9/commons-parent-9.pom (0 B at 0 B/s)
Downloading from jboss-releases-plugins: https://repository.jboss.org/nexus/content/repositories/releases/org/apache/maven/reporting/maven-reporting-impl/2.0.5/maven-reporting-impl-2.0.5.jar
Downloading from jboss-releases-plugins: https://repository.jboss.org/nexus/content/repositories/releases/org/apache/maven/doxia/doxia-core/1.0/doxia-core-1.0.jar
Downloading from jboss-releases-plugins: https://repository.jboss.org/nexus/content/repositories/releases/org/apache/maven/shared/maven-doxia-tools/1.0.2/maven-doxia-tools-1.0.2.jar
Downloading from jboss-releases-plugins: https://repository.jboss.org/nexus/content/repositories/releases/commons-io/commons-io/1.4/commons-io-1.4.jar
Downloading from jboss-releases-plugins: https://repository.jboss.org/nexus/content/repositories/releases/commons-validator/commons-validator/1.2.0/commons-validator-1.2.0.jar
Downloading from jboss-releases-plugins: https://repository.jboss.org/nexus/content/repositories/releases/commons-beanutils/commons-beanutils/1.7.0/commons-beanutils-1.7.0.jar
Downloading from jboss-releases-plugins: https://repository.jboss.org/nexus/content/repositories/releases/commons-digester/commons-digester/1.6/commons-digester-1.6.jar
Downloading from jboss-releases-plugins: https://repository.jboss.org/nexus/content/repositories/releases/commons-logging/commons-logging/1.0.4/commons-logging-1.0.4.jar
Downloading from jboss-releases-plugins: https://repository.jboss.org/nexus/content/repositories/releases/oro/oro/2.0.8/oro-2.0.8.jar
Downloading from jboss-releases-plugins: https://repository.jboss.org/nexus/content/repositories/releases/xml-apis/xml-apis/1.0.b2/xml-apis-1.0.b2.jar
Downloading from jboss-releases-plugins: https://repository.jboss.org/nexus/content/repositories/releases/org/apache/maven/doxia/doxia-sink-api/1.0/doxia-sink-api-1.0.jar
Downloading from jboss-releases-plugins: https://repository.jboss.org/nexus/content/repositories/releases/org/apache/maven/doxia/doxia-site-renderer/1.0/doxia-site-renderer-1.0.jar
Downloading from jboss-releases-plugins: https://repository.jboss.org/nexus/content/repositories/releases/org/codehaus/plexus/plexus-i18n/1.0-beta-7/plexus-i18n-1.0-beta-7.jar
Downloading from jboss-releases-plugins: https://repository.jboss.org/nexus/content/repositories/releases/org/codehaus/plexus/plexus-velocity/1.1.7/plexus-velocity-1.1.7.jar
Downloading from jboss-releases-plugins: https://repository.jboss.org/nexus/content/repositories/releases/org/apache/velocity/velocity/1.5/velocity-1.5.jar
Downloading from jboss-releases-plugins: https://repository.jboss.org/nexus/content/repositories/releases/org/apache/maven/doxia/doxia-decoration-model/1.0/doxia-decoration-model-1.0.jar
Downloading from jboss-releases-plugins: https://repository.jboss.org/nexus/content/repositories/releases/org/apache/maven/doxia/doxia-module-apt/1.0/doxia-module-apt-1.0.jar
Downloading from jboss-releases-plugins: https://repository.jboss.org/nexus/content/repositories/releases/org/apache/maven/doxia/doxia-module-fml/1.0/doxia-module-fml-1.0.jar
Downloading from jboss-releases-plugins: https://repository.jboss.org/nexus/content/repositories/releases/org/apache/maven/doxia/doxia-module-xdoc/1.0/doxia-module-xdoc-1.0.jar
Downloading from jboss-releases-plugins: https://repository.jboss.org/nexus/content/repositories/releases/org/apache/maven/doxia/doxia-module-xhtml/1.0/doxia-module-xhtml-1.0.jar
Downloading from jboss-releases-plugins: https://repository.jboss.org/nexus/content/repositories/releases/org/codehaus/plexus/plexus-archiver/2.3/plexus-archiver-2.3.jar
Downloading from jboss-releases-plugins: https://repository.jboss.org/nexus/content/repositories/releases/org/codehaus/plexus/plexus-utils/3.0.9/plexus-utils-3.0.9.jar
Downloading from jboss-releases-plugins: https://repository.jboss.org/nexus/content/repositories/releases/org/apache/maven/shared/file-management/1.2.1/file-management-1.2.1.jar
Downloading from jboss-releases-plugins: https://repository.jboss.org/nexus/content/repositories/releases/org/codehaus/plexus/plexus-io/2.0.6/plexus-io-2.0.6.jar
Downloading from jboss-releases-plugins: https://repository.jboss.org/nexus/content/repositories/releases/org/apache/maven/shared/maven-dependency-analyzer/1.4/maven-dependency-analyzer-1.4.jar
Downloading from jboss-releases-plugins: https://repository.jboss.org/nexus/content/repositories/releases/org/apache/maven/shared/maven-invoker/2.0.11/maven-invoker-2.0.11.jar
Downloading from jboss-releases-plugins: https://repository.jboss.org/nexus/content/repositories/releases/commons-collections/commons-collections/3.2.1/commons-collections-3.2.1.jar
Downloading from central-https: https://repo.maven.apache.org/maven2/org/apache/maven/reporting/maven-reporting-impl/2.0.5/maven-reporting-impl-2.0.5.jar
Downloading from central-https: https://repo.maven.apache.org/maven2/org/apache/maven/doxia/doxia-core/1.0/doxia-core-1.0.jar
Downloading from central-https: https://repo.maven.apache.org/maven2/org/apache/maven/shared/maven-doxia-tools/1.0.2/maven-doxia-tools-1.0.2.jar
Downloading from central-https: https://repo.maven.apache.org/maven2/commons-io/commons-io/1.4/commons-io-1.4.jar
Downloading from central-https: https://repo.maven.apache.org/maven2/commons-validator/commons-validator/1.2.0/commons-validator-1.2.0.jar
Downloaded from central-https: https://repo.maven.apache.org/maven2/org/apache/maven/doxia/doxia-core/1.0/doxia-core-1.0.jar (0 B at 0 B/s)
Downloaded from central-https: https://repo.maven.apache.org/maven2/org/apache/maven/reporting/maven-reporting-impl/2.0.5/maven-reporting-impl-2.0.5.jar (0 B at 0 B/s)
Downloading from central-https: https://repo.maven.apache.org/maven2/commons-digester/commons-digester/1.6/commons-digester-1.6.jar
Downloaded from central-https: https://repo.maven.apache.org/maven2/commons-io/commons-io/1.4/commons-io-1.4.jar (0 B at 0 B/s)
Downloading from central-https: https://repo.maven.apache.org/maven2/commons-logging/commons-logging/1.0.4/commons-logging-1.0.4.jar
Downloaded from central-https: https://repo.maven.apache.org/maven2/org/apache/maven/shared/maven-doxia-tools/1.0.2/maven-doxia-tools-1.0.2.jar (0 B at 0 B/s)
Downloading from central-https: https://repo.maven.apache.org/maven2/commons-beanutils/commons-beanutils/1.7.0/commons-beanutils-1.7.0.jar
Downloaded from central-https: https://repo.maven.apache.org/maven2/commons-validator/commons-validator/1.2.0/commons-validator-1.2.0.jar (0 B at 0 B/s)
Downloading from central-https: https://repo.maven.apache.org/maven2/xml-apis/xml-apis/1.0.b2/xml-apis-1.0.b2.jar
Downloading from central-https: https://repo.maven.apache.org/maven2/oro/oro/2.0.8/oro-2.0.8.jar
Downloaded from central-https: https://repo.maven.apache.org/maven2/oro/oro/2.0.8/oro-2.0.8.jar (0 B at 0 B/s)
Downloading from central-https: https://repo.maven.apache.org/maven2/org/apache/maven/doxia/doxia-sink-api/1.0/doxia-sink-api-1.0.jar
Downloaded from central-https: https://repo.maven.apache.org/maven2/xml-apis/xml-apis/1.0.b2/xml-apis-1.0.b2.jar (0 B at 0 B/s)
Downloading from central-https: https://repo.maven.apache.org/maven2/org/apache/maven/doxia/doxia-site-renderer/1.0/doxia-site-renderer-1.0.jar
Downloaded from central-https: https://repo.maven.apache.org/maven2/commons-logging/commons-logging/1.0.4/commons-logging-1.0.4.jar (0 B at 0 B/s)
Downloading from central-https: https://repo.maven.apache.org/maven2/org/codehaus/plexus/plexus-i18n/1.0-beta-7/plexus-i18n-1.0-beta-7.jar
Downloaded from central-https: https://repo.maven.apache.org/maven2/commons-beanutils/commons-beanutils/1.7.0/commons-beanutils-1.7.0.jar (0 B at 0 B/s)
Downloading from central-https: https://repo.maven.apache.org/maven2/org/codehaus/plexus/plexus-velocity/1.1.7/plexus-velocity-1.1.7.jar
Downloaded from central-https: https://repo.maven.apache.org/maven2/commons-digester/commons-digester/1.6/commons-digester-1.6.jar (0 B at 0 B/s)
Downloading from central-https: https://repo.maven.apache.org/maven2/org/apache/velocity/velocity/1.5/velocity-1.5.jar
Downloaded from central-https: https://repo.maven.apache.org/maven2/org/apache/maven/doxia/doxia-sink-api/1.0/doxia-sink-api-1.0.jar (0 B at 0 B/s)
Downloading from central-https: https://repo.maven.apache.org/maven2/org/apache/maven/doxia/doxia-decoration-model/1.0/doxia-decoration-model-1.0.jar
Downloaded from central-https: https://repo.maven.apache.org/maven2/org/apache/maven/doxia/doxia-site-renderer/1.0/doxia-site-renderer-1.0.jar (0 B at 0 B/s)
Downloading from central-https: https://repo.maven.apache.org/maven2/org/apache/maven/doxia/doxia-module-apt/1.0/doxia-module-apt-1.0.jar
Downloaded from central-https: https://repo.maven.apache.org/maven2/org/codehaus/plexus/plexus-i18n/1.0-beta-7/plexus-i18n-1.0-beta-7.jar (0 B at 0 B/s)
Downloading from central-https: https://repo.maven.apache.org/maven2/org/apache/maven/doxia/doxia-module-fml/1.0/doxia-module-fml-1.0.jar
Downloaded from central-https: https://repo.maven.apache.org/maven2/org/apache/maven/doxia/doxia-module-apt/1.0/doxia-module-apt-1.0.jar (0 B at 0 B/s)
Downloading from central-https: https://repo.maven.apache.org/maven2/org/apache/maven/doxia/doxia-module-xdoc/1.0/doxia-module-xdoc-1.0.jar
Downloaded from central-https: https://repo.maven.apache.org/maven2/org/apache/maven/doxia/doxia-decoration-model/1.0/doxia-decoration-model-1.0.jar (0 B at 0 B/s)
Downloading from central-https: https://repo.maven.apache.org/maven2/org/apache/maven/doxia/doxia-module-xhtml/1.0/doxia-module-xhtml-1.0.jar
Downloaded from central-https: https://repo.maven.apache.org/maven2/org/codehaus/plexus/plexus-velocity/1.1.7/plexus-velocity-1.1.7.jar (0 B at 0 B/s)
Downloading from central-https: https://repo.maven.apache.org/maven2/org/codehaus/plexus/plexus-archiver/2.3/plexus-archiver-2.3.jar
Downloaded from central-https: https://repo.maven.apache.org/maven2/org/apache/velocity/velocity/1.5/velocity-1.5.jar (0 B at 0 B/s)
Downloading from central-https: https://repo.maven.apache.org/maven2/org/codehaus/plexus/plexus-utils/3.0.9/plexus-utils-3.0.9.jar
Downloaded from central-https: https://repo.maven.apache.org/maven2/org/apache/maven/doxia/doxia-module-fml/1.0/doxia-module-fml-1.0.jar (0 B at 0 B/s)
Downloading from central-https: https://repo.maven.apache.org/maven2/org/apache/maven/shared/file-management/1.2.1/file-management-1.2.1.jar
Downloaded from central-https: https://repo.maven.apache.org/maven2/org/apache/maven/doxia/doxia-module-xdoc/1.0/doxia-module-xdoc-1.0.jar (0 B at 0 B/s)
Downloading from central-https: https://repo.maven.apache.org/maven2/org/codehaus/plexus/plexus-io/2.0.6/plexus-io-2.0.6.jar
Downloaded from central-https: https://repo.maven.apache.org/maven2/org/apache/maven/doxia/doxia-module-xhtml/1.0/doxia-module-xhtml-1.0.jar (0 B at 0 B/s)
Downloading from central-https: https://repo.maven.apache.org/maven2/org/apache/maven/shared/maven-dependency-analyzer/1.4/maven-dependency-analyzer-1.4.jar
Downloaded from central-https: https://repo.maven.apache.org/maven2/org/apache/maven/shared/file-management/1.2.1/file-management-1.2.1.jar (0 B at 0 B/s)
Downloading from central-https: https://repo.maven.apache.org/maven2/org/apache/maven/shared/maven-invoker/2.0.11/maven-invoker-2.0.11.jar
Downloaded from central-https: https://repo.maven.apache.org/maven2/org/codehaus/plexus/plexus-archiver/2.3/plexus-archiver-2.3.jar (0 B at 0 B/s)
Downloading from central-https: https://repo.maven.apache.org/maven2/commons-collections/commons-collections/3.2.1/commons-collections-3.2.1.jar
Downloaded from central-https: https://repo.maven.apache.org/maven2/org/codehaus/plexus/plexus-utils/3.0.9/plexus-utils-3.0.9.jar (0 B at 0 B/s)
Downloaded from central-https: https://repo.maven.apache.org/maven2/org/apache/maven/shared/maven-dependency-analyzer/1.4/maven-dependency-analyzer-1.4.jar (0 B at 0 B/s)
Downloaded from central-https: https://repo.maven.apache.org/maven2/org/codehaus/plexus/plexus-io/2.0.6/plexus-io-2.0.6.jar (0 B at 0 B/s)
Downloaded from central-https: https://repo.maven.apache.org/maven2/org/apache/maven/shared/maven-invoker/2.0.11/maven-invoker-2.0.11.jar (0 B at 0 B/s)
Downloaded from central-https: https://repo.maven.apache.org/maven2/commons-collections/commons-collections/3.2.1/commons-collections-3.2.1.jar (0 B at 0 B/s)
[[1;34mINFO[m] Configured Artifact: org.richfaces:richfaces-build-resources:4.5.18-SNAPSHOT:jar
[[1;34mINFO[m] Unpacking /RicksCafe/Git.Projects/richfaces/build/build-resources/target/richfaces-build-resources-4.5.18-SNAPSHOT.jar to /RicksCafe/Git.Projects/richfaces/src/test/arquillian-settings with includes "arquillian.xml" and excludes ""
[[1;34mINFO[m] 
[[1;34mINFO[m] [1m--- [0;32mbuild-helper-maven-plugin:1.7:add-test-source[m [1m(add-integration-test-sources)[m @ [36mrichfaces-parent[0;1m ---[m
[[1;34mINFO[m] Test Source directory: /RicksCafe/Git.Projects/richfaces/src/test/integration added.
[[1;34mINFO[m] 
[[1;34mINFO[m] [1m--- [0;32mmaven-source-plugin:3.0.0:jar-no-fork[m [1m(attach-sources)[m @ [36mrichfaces-parent[0;1m ---[m
[[1;34mINFO[m] 
[[1;34mINFO[m] [1m--- [0;32mmaven-surefire-plugin:2.19.1:test[m [1m(integration-tests)[m @ [36mrichfaces-parent[0;1m ---[m
[[1;34mINFO[m] No tests to run.
[[1;34mINFO[m] 
[[1;34mINFO[m] [1m--- [0;32mmaven-install-plugin:2.5.2:install[m [1m(default-install)[m @ [36mrichfaces-parent[0;1m ---[m
[[1;34mINFO[m] Installing /RicksCafe/Git.Projects/richfaces/pom.xml to /home/thomas/.m2/repository/org/richfaces/richfaces-parent/4.5.18-SNAPSHOT/richfaces-parent-4.5.18-SNAPSHOT.pom
[[1;34mINFO[m] 
[[1;34mINFO[m] [1m---------------< [0;36morg.richfaces:richfaces-page-fragments[0;1m >---------------[m
[[1;34mINFO[m] [1mBuilding RichFaces Page Fragments 4.5.18-SNAPSHOT                 [5/20][m
[[1;34mINFO[m] [1m--------------------------------[ jar ]---------------------------------[m
Downloading from jboss-releases-plugins: https://repository.jboss.org/nexus/content/repositories/releases/org/apache/maven/plugins/maven-checkstyle-plugin/2.10/maven-checkstyle-plugin-2.10.pom
Downloading from central-https: https://repo.maven.apache.org/maven2/org/apache/maven/plugins/maven-checkstyle-plugin/2.10/maven-checkstyle-plugin-2.10.pom
Downloaded from central-https: https://repo.maven.apache.org/maven2/org/apache/maven/plugins/maven-checkstyle-plugin/2.10/maven-checkstyle-plugin-2.10.pom (0 B at 0 B/s)
Downloading from jboss-releases-plugins: https://repository.jboss.org/nexus/content/repositories/releases/org/apache/maven/plugins/maven-checkstyle-plugin/2.10/maven-checkstyle-plugin-2.10.jar
Downloading from central-https: https://repo.maven.apache.org/maven2/org/apache/maven/plugins/maven-checkstyle-plugin/2.10/maven-checkstyle-plugin-2.10.jar
Downloaded from central-https: https://repo.maven.apache.org/maven2/org/apache/maven/plugins/maven-checkstyle-plugin/2.10/maven-checkstyle-plugin-2.10.jar (0 B at 0 B/s)
Downloading from central-https: https://repo.maven.apache.org/maven2/joda-time/joda-time/2.3/joda-time-2.3.pom
Downloaded from central-https: https://repo.maven.apache.org/maven2/joda-time/joda-time/2.3/joda-time-2.3.pom (0 B at 0 B/s)
Downloading from central-https: https://repo.maven.apache.org/maven2/org/seleniumhq/selenium/selenium-api/2.46.0/selenium-api-2.46.0.pom
Downloaded from central-https: https://repo.maven.apache.org/maven2/org/seleniumhq/selenium/selenium-api/2.46.0/selenium-api-2.46.0.pom (0 B at 0 B/s)
Downloading from central-https: https://repo.maven.apache.org/maven2/org/seleniumhq/selenium/selenium-parent/2.46.0/selenium-parent-2.46.0.pom
Downloaded from central-https: https://repo.maven.apache.org/maven2/org/seleniumhq/selenium/selenium-parent/2.46.0/selenium-parent-2.46.0.pom (0 B at 0 B/s)
Downloading from central-https: https://repo.maven.apache.org/maven2/org/mockito/mockito-all/1.8.5/mockito-all-1.8.5.pom
Downloaded from central-https: https://repo.maven.apache.org/maven2/org/mockito/mockito-all/1.8.5/mockito-all-1.8.5.pom (0 B at 0 B/s)
Downloading from central-https: https://repo.maven.apache.org/maven2/joda-time/joda-time/2.3/joda-time-2.3.jar
Downloading from central-https: https://repo.maven.apache.org/maven2/org/seleniumhq/selenium/selenium-api/2.46.0/selenium-api-2.46.0.jar
Downloading from central-https: https://repo.maven.apache.org/maven2/org/mockito/mockito-all/1.8.5/mockito-all-1.8.5.jar
Downloaded from central-https: https://repo.maven.apache.org/maven2/org/mockito/mockito-all/1.8.5/mockito-all-1.8.5.jar (0 B at 0 B/s)
Downloaded from central-https: https://repo.maven.apache.org/maven2/org/seleniumhq/selenium/selenium-api/2.46.0/selenium-api-2.46.0.jar (0 B at 0 B/s)
Downloaded from central-https: https://repo.maven.apache.org/maven2/joda-time/joda-time/2.3/joda-time-2.3.jar (0 B at 0 B/s)
[[1;34mINFO[m] 
[[1;34mINFO[m] [1m--- [0;32mmaven-clean-plugin:3.0.0:clean[m [1m(default-clean)[m @ [36mrichfaces-page-fragments[0;1m ---[m
[[1;34mINFO[m] Deleting /RicksCafe/Git.Projects/richfaces/build/page-fragments/target
[[1;34mINFO[m] 
[[1;34mINFO[m] [1m--- [0;32mmaven-enforcer-plugin:1.3.1:enforce[m [1m(enforce-java-version)[m @ [36mrichfaces-page-fragments[0;1m ---[m
[[1;34mINFO[m] 
[[1;34mINFO[m] [1m--- [0;32mmaven-enforcer-plugin:1.3.1:enforce[m [1m(enforce-maven-version)[m @ [36mrichfaces-page-fragments[0;1m ---[m
[[1;34mINFO[m] 
[[1;34mINFO[m] [1m--- [0;32mbuildnumber-maven-plugin:1.2:create-timestamp[m [1m(get-build-timestamp)[m @ [36mrichfaces-page-fragments[0;1m ---[m
[[1;34mINFO[m] 
[[1;34mINFO[m] [1m--- [0;32mbuildnumber-maven-plugin:1.2:create[m [1m(get-scm-revision)[m @ [36mrichfaces-page-fragments[0;1m ---[m
[[1;34mINFO[m] 
[[1;34mINFO[m] [1m--- [0;32mmaven-dependency-plugin:2.8:unpack[m [1m(unpack-arquillian-settings)[m @ [36mrichfaces-page-fragments[0;1m ---[m
[[1;34mINFO[m] Configured Artifact: org.richfaces:richfaces-build-resources:4.5.18-SNAPSHOT:jar
[[1;34mINFO[m] Unpacking /RicksCafe/Git.Projects/richfaces/build/build-resources/target/richfaces-build-resources-4.5.18-SNAPSHOT.jar to /RicksCafe/Git.Projects/richfaces/build/page-fragments/src/test/arquillian-settings with includes "arquillian.xml" and excludes ""
[[1;34mINFO[m] 
[[1;34mINFO[m] [1m--- [0;32mmaven-resources-plugin:3.0.0:resources[m [1m(default-resources)[m @ [36mrichfaces-page-fragments[0;1m ---[m
[[1;34mINFO[m] Using 'UTF-8' encoding to copy filtered resources.
[[1;34mINFO[m] ignoreDelta true
[[1;34mINFO[m] Copying 2 resources
[[1;34mINFO[m] Copying file javascript/RichFaces.Selenium.Firefox.Keyboard.Workaround.js
[[1;34mINFO[m] Copying file META-INF/services/org.jboss.arquillian.core.spi.LoadableExtension
[[1;34mINFO[m] 
[[1;34mINFO[m] [1m--- [0;32mmaven-compiler-plugin:3.5.1:compile[m [1m(default-compile)[m @ [36mrichfaces-page-fragments[0;1m ---[m
[[1;34mINFO[m] Changes detected - recompiling the module!
[[1;34mINFO[m] Compiling 152 source files to /RicksCafe/Git.Projects/richfaces/build/page-fragments/target/classes
[[1;33mWARNING[m] bootstrap class path not set in conjunction with -source 1.6
[[1;34mINFO[m] /RicksCafe/Git.Projects/richfaces/build/page-fragments/src/main/java/org/richfaces/fragment/common/Utils.java: Some input files use unchecked or unsafe operations.
[[1;34mINFO[m] /RicksCafe/Git.Projects/richfaces/build/page-fragments/src/main/java/org/richfaces/fragment/common/Utils.java: Recompile with -Xlint:unchecked for details.
[[1;34mINFO[m] 
[[1;34mINFO[m] [1m--- [0;32mbuild-helper-maven-plugin:1.7:add-test-source[m [1m(add-integration-test-sources)[m @ [36mrichfaces-page-fragments[0;1m ---[m
[[1;34mINFO[m] Test Source directory: /RicksCafe/Git.Projects/richfaces/build/page-fragments/src/test/integration added.
[[1;34mINFO[m] 
[[1;34mINFO[m] [1m--- [0;32mmaven-resources-plugin:3.0.0:testResources[m [1m(default-testResources)[m @ [36mrichfaces-page-fragments[0;1m ---[m
[[1;34mINFO[m] Using 'UTF-8' encoding to copy filtered resources.
[[1;34mINFO[m] skip non existing resourceDirectory /RicksCafe/Git.Projects/richfaces/build/page-fragments/src/test/resources
[[1;34mINFO[m] skip non existing resourceDirectory /RicksCafe/Git.Projects/richfaces/build/page-fragments/src/test/integration
[[1;34mINFO[m] ignoreDelta true
[[1;34mINFO[m] Copying 1 resource
[[1;34mINFO[m] Copying file arquillian.xml
[[1;34mINFO[m] 
[[1;34mINFO[m] [1m--- [0;32mmaven-compiler-plugin:3.5.1:testCompile[m [1m(default-testCompile)[m @ [36mrichfaces-page-fragments[0;1m ---[m
[[1;34mINFO[m] Changes detected - recompiling the module!
[[1;34mINFO[m] Compiling 31 source files to /RicksCafe/Git.Projects/richfaces/build/page-fragments/target/test-classes
[[1;33mWARNING[m] bootstrap class path not set in conjunction with -source 1.6
[[1;34mINFO[m] /RicksCafe/Git.Projects/richfaces/build/page-fragments/src/test/java/org/richfaces/fragment/notify/NotifyShowcase.java: /RicksCafe/Git.Projects/richfaces/build/page-fragments/src/test/java/org/richfaces/fragment/notify/NotifyShowcase.java uses unchecked or unsafe operations.
[[1;34mINFO[m] /RicksCafe/Git.Projects/richfaces/build/page-fragments/src/test/java/org/richfaces/fragment/notify/NotifyShowcase.java: Recompile with -Xlint:unchecked for details.
[[1;34mINFO[m] 
[[1;34mINFO[m] [1m--- [0;32mmaven-surefire-plugin:2.19.1:test[m [1m(default-test)[m @ [36mrichfaces-page-fragments[0;1m ---[m
Downloading from jboss-releases-plugins: https://repository.jboss.org/nexus/content/repositories/releases/org/apache/maven/surefire/surefire-junit4/2.19.1/surefire-junit4-2.19.1.pom
Downloading from central-https: https://repo.maven.apache.org/maven2/org/apache/maven/surefire/surefire-junit4/2.19.1/surefire-junit4-2.19.1.pom
Downloaded from central-https: https://repo.maven.apache.org/maven2/org/apache/maven/surefire/surefire-junit4/2.19.1/surefire-junit4-2.19.1.pom (0 B at 0 B/s)
Downloading from jboss-releases-plugins: https://repository.jboss.org/nexus/content/repositories/releases/org/apache/maven/surefire/surefire-providers/2.19.1/surefire-providers-2.19.1.pom
Downloading from central-https: https://repo.maven.apache.org/maven2/org/apache/maven/surefire/surefire-providers/2.19.1/surefire-providers-2.19.1.pom
Downloaded from central-https: https://repo.maven.apache.org/maven2/org/apache/maven/surefire/surefire-providers/2.19.1/surefire-providers-2.19.1.pom (0 B at 0 B/s)
Downloading from jboss-releases-plugins: https://repository.jboss.org/nexus/content/repositories/releases/org/apache/maven/surefire/surefire-junit4/2.19.1/surefire-junit4-2.19.1.jar
Downloading from central-https: https://repo.maven.apache.org/maven2/org/apache/maven/surefire/surefire-junit4/2.19.1/surefire-junit4-2.19.1.jar
Downloaded from central-https: https://repo.maven.apache.org/maven2/org/apache/maven/surefire/surefire-junit4/2.19.1/surefire-junit4-2.19.1.jar (0 B at 0 B/s)

-------------------------------------------------------
 T E S T S
-------------------------------------------------------
Running org.richfaces.fragment.test.choicePicker.TestChoicePickerByVisibleText
Tests run: 3, Failures: 0, Errors: 0, Skipped: 0, Time elapsed: 0.102 sec - in org.richfaces.fragment.test.choicePicker.TestChoicePickerByVisibleText
Running org.richfaces.fragment.test.choicePicker.TestChoicePickerByWebElement
Tests run: 8, Failures: 0, Errors: 0, Skipped: 0, Time elapsed: 0.021 sec - in org.richfaces.fragment.test.choicePicker.TestChoicePickerByWebElement
Running org.richfaces.fragment.test.choicePicker.TestChoicePickerByIndex
Tests run: 9, Failures: 0, Errors: 0, Skipped: 0, Time elapsed: 0.015 sec - in org.richfaces.fragment.test.choicePicker.TestChoicePickerByIndex

Results :

Tests run: 20, Failures: 0, Errors: 0, Skipped: 0

[[1;34mINFO[m] 
[[1;34mINFO[m] [1m--- [0;32mmaven-jar-plugin:2.4:jar[m [1m(default-jar)[m @ [36mrichfaces-page-fragments[0;1m ---[m
[[1;34mINFO[m] Building jar: /RicksCafe/Git.Projects/richfaces/build/page-fragments/target/richfaces-page-fragments-4.5.18-SNAPSHOT.jar
[[1;34mINFO[m] 
[[1;34mINFO[m] [1m--- [0;32mmaven-source-plugin:3.0.0:jar-no-fork[m [1m(attach-sources)[m @ [36mrichfaces-page-fragments[0;1m ---[m
[[1;34mINFO[m] Building jar: /RicksCafe/Git.Projects/richfaces/build/page-fragments/target/richfaces-page-fragments-4.5.18-SNAPSHOT-sources.jar
[[1;34mINFO[m] 
[[1;34mINFO[m] [1m--- [0;32mmaven-surefire-plugin:2.19.1:test[m [1m(integration-tests)[m @ [36mrichfaces-page-fragments[0;1m ---[m
[[1;34mINFO[m] 
[[1;34mINFO[m] [1m--- [0;32mmaven-checkstyle-plugin:2.10:check[m [1m(richfaces-checkstyle-report)[m @ [36mrichfaces-page-fragments[0;1m ---[m
Downloading from jboss-releases-plugins: https://repository.jboss.org/nexus/content/repositories/releases/org/apache/maven/reporting/maven-reporting-impl/2.2/maven-reporting-impl-2.2.pom
Downloading from central-https: https://repo.maven.apache.org/maven2/org/apache/maven/reporting/maven-reporting-impl/2.2/maven-reporting-impl-2.2.pom
Downloaded from central-https: https://repo.maven.apache.org/maven2/org/apache/maven/reporting/maven-reporting-impl/2.2/maven-reporting-impl-2.2.pom (0 B at 0 B/s)
Downloading from jboss-releases-plugins: https://repository.jboss.org/nexus/content/repositories/releases/org/apache/maven/doxia/doxia-sink-api/1.2/doxia-sink-api-1.2.pom
Downloading from central-https: https://repo.maven.apache.org/maven2/org/apache/maven/doxia/doxia-sink-api/1.2/doxia-sink-api-1.2.pom
Downloaded from central-https: https://repo.maven.apache.org/maven2/org/apache/maven/doxia/doxia-sink-api/1.2/doxia-sink-api-1.2.pom (0 B at 0 B/s)
Downloading from jboss-releases-plugins: https://repository.jboss.org/nexus/content/repositories/releases/org/apache/maven/doxia/doxia/1.2/doxia-1.2.pom
Downloading from central-https: https://repo.maven.apache.org/maven2/org/apache/maven/doxia/doxia/1.2/doxia-1.2.pom
Downloaded from central-https: https://repo.maven.apache.org/maven2/org/apache/maven/doxia/doxia/1.2/doxia-1.2.pom (0 B at 0 B/s)
Downloading from jboss-releases-plugins: https://repository.jboss.org/nexus/content/repositories/releases/org/apache/maven/doxia/doxia-logging-api/1.2/doxia-logging-api-1.2.pom
Downloading from central-https: https://repo.maven.apache.org/maven2/org/apache/maven/doxia/doxia-logging-api/1.2/doxia-logging-api-1.2.pom
Downloaded from central-https: https://repo.maven.apache.org/maven2/org/apache/maven/doxia/doxia-logging-api/1.2/doxia-logging-api-1.2.pom (0 B at 0 B/s)
Downloading from jboss-releases-plugins: https://repository.jboss.org/nexus/content/repositories/releases/org/apache/maven/doxia/doxia-core/1.2/doxia-core-1.2.pom
Downloading from central-https: https://repo.maven.apache.org/maven2/org/apache/maven/doxia/doxia-core/1.2/doxia-core-1.2.pom
Downloaded from central-https: https://repo.maven.apache.org/maven2/org/apache/maven/doxia/doxia-core/1.2/doxia-core-1.2.pom (0 B at 0 B/s)
Downloading from jboss-releases-plugins: https://repository.jboss.org/nexus/content/repositories/releases/xml-apis/xml-apis/1.3.04/xml-apis-1.3.04.pom
Downloading from central-https: https://repo.maven.apache.org/maven2/xml-apis/xml-apis/1.3.04/xml-apis-1.3.04.pom
Downloaded from central-https: https://repo.maven.apache.org/maven2/xml-apis/xml-apis/1.3.04/xml-apis-1.3.04.pom (0 B at 0 B/s)
Downloading from jboss-releases-plugins: https://repository.jboss.org/nexus/content/repositories/releases/commons-lang/commons-lang/2.4/commons-lang-2.4.pom
Downloading from central-https: https://repo.maven.apache.org/maven2/commons-lang/commons-lang/2.4/commons-lang-2.4.pom
Downloaded from central-https: https://repo.maven.apache.org/maven2/commons-lang/commons-lang/2.4/commons-lang-2.4.pom (0 B at 0 B/s)
Downloading from jboss-releases-plugins: https://repository.jboss.org/nexus/content/repositories/releases/org/apache/httpcomponents/httpclient/4.0.2/httpclient-4.0.2.pom
Downloading from central-https: https://repo.maven.apache.org/maven2/org/apache/httpcomponents/httpclient/4.0.2/httpclient-4.0.2.pom
Downloaded from central-https: https://repo.maven.apache.org/maven2/org/apache/httpcomponents/httpclient/4.0.2/httpclient-4.0.2.pom (0 B at 0 B/s)
Downloading from jboss-releases-plugins: https://repository.jboss.org/nexus/content/repositories/releases/org/apache/httpcomponents/httpcomponents-client/4.0.2/httpcomponents-client-4.0.2.pom
Downloading from central-https: https://repo.maven.apache.org/maven2/org/apache/httpcomponents/httpcomponents-client/4.0.2/httpcomponents-client-4.0.2.pom
Downloaded from central-https: https://repo.maven.apache.org/maven2/org/apache/httpcomponents/httpcomponents-client/4.0.2/httpcomponents-client-4.0.2.pom (0 B at 0 B/s)
Downloading from jboss-releases-plugins: https://repository.jboss.org/nexus/content/repositories/releases/org/apache/httpcomponents/project/4.1/project-4.1.pom
Downloading from central-https: https://repo.maven.apache.org/maven2/org/apache/httpcomponents/project/4.1/project-4.1.pom
Downloaded from central-https: https://repo.maven.apache.org/maven2/org/apache/httpcomponents/project/4.1/project-4.1.pom (0 B at 0 B/s)
Downloading from jboss-releases-plugins: https://repository.jboss.org/nexus/content/repositories/releases/org/apache/httpcomponents/httpcore/4.0.1/httpcore-4.0.1.pom
Downloading from central-https: https://repo.maven.apache.org/maven2/org/apache/httpcomponents/httpcore/4.0.1/httpcore-4.0.1.pom
Downloaded from central-https: https://repo.maven.apache.org/maven2/org/apache/httpcomponents/httpcore/4.0.1/httpcore-4.0.1.pom (0 B at 0 B/s)
Downloading from jboss-releases-plugins: https://repository.jboss.org/nexus/content/repositories/releases/org/apache/httpcomponents/httpcomponents-core/4.0.1/httpcomponents-core-4.0.1.pom
Downloading from central-https: https://repo.maven.apache.org/maven2/org/apache/httpcomponents/httpcomponents-core/4.0.1/httpcomponents-core-4.0.1.pom
Downloaded from central-https: https://repo.maven.apache.org/maven2/org/apache/httpcomponents/httpcomponents-core/4.0.1/httpcomponents-core-4.0.1.pom (0 B at 0 B/s)
Downloading from jboss-releases-plugins: https://repository.jboss.org/nexus/content/repositories/releases/org/apache/httpcomponents/project/4.0/project-4.0.pom
Downloading from central-https: https://repo.maven.apache.org/maven2/org/apache/httpcomponents/project/4.0/project-4.0.pom
Downloaded from central-https: https://repo.maven.apache.org/maven2/org/apache/httpcomponents/project/4.0/project-4.0.pom (0 B at 0 B/s)
Downloading from jboss-releases-plugins: https://repository.jboss.org/nexus/content/repositories/releases/commons-logging/commons-logging/1.1.1/commons-logging-1.1.1.pom
Downloading from central-https: https://repo.maven.apache.org/maven2/commons-logging/commons-logging/1.1.1/commons-logging-1.1.1.pom
Downloaded from central-https: https://repo.maven.apache.org/maven2/commons-logging/commons-logging/1.1.1/commons-logging-1.1.1.pom (0 B at 0 B/s)
Downloading from jboss-releases-plugins: https://repository.jboss.org/nexus/content/repositories/releases/org/apache/commons/commons-parent/5/commons-parent-5.pom
Downloading from central-https: https://repo.maven.apache.org/maven2/org/apache/commons/commons-parent/5/commons-parent-5.pom
Downloaded from central-https: https://repo.maven.apache.org/maven2/org/apache/commons/commons-parent/5/commons-parent-5.pom (0 B at 0 B/s)
Downloading from jboss-releases-plugins: https://repository.jboss.org/nexus/content/repositories/releases/commons-codec/commons-codec/1.3/commons-codec-1.3.pom
Downloading from central-https: https://repo.maven.apache.org/maven2/commons-codec/commons-codec/1.3/commons-codec-1.3.pom
Downloaded from central-https: https://repo.maven.apache.org/maven2/commons-codec/commons-codec/1.3/commons-codec-1.3.pom (0 B at 0 B/s)
Downloading from jboss-releases-plugins: https://repository.jboss.org/nexus/content/repositories/releases/org/apache/maven/doxia/doxia-site-renderer/1.2/doxia-site-renderer-1.2.pom
Downloading from central-https: https://repo.maven.apache.org/maven2/org/apache/maven/doxia/doxia-site-renderer/1.2/doxia-site-renderer-1.2.pom
Downloaded from central-https: https://repo.maven.apache.org/maven2/org/apache/maven/doxia/doxia-site-renderer/1.2/doxia-site-renderer-1.2.pom (0 B at 0 B/s)
Downloading from jboss-releases-plugins: https://repository.jboss.org/nexus/content/repositories/releases/org/apache/maven/doxia/doxia-sitetools/1.2/doxia-sitetools-1.2.pom
Downloading from central-https: https://repo.maven.apache.org/maven2/org/apache/maven/doxia/doxia-sitetools/1.2/doxia-sitetools-1.2.pom
Downloaded from central-https: https://repo.maven.apache.org/maven2/org/apache/maven/doxia/doxia-sitetools/1.2/doxia-sitetools-1.2.pom (0 B at 0 B/s)
Downloading from jboss-releases-plugins: https://repository.jboss.org/nexus/content/repositories/releases/org/apache/maven/doxia/doxia-decoration-model/1.2/doxia-decoration-model-1.2.pom
Downloading from central-https: https://repo.maven.apache.org/maven2/org/apache/maven/doxia/doxia-decoration-model/1.2/doxia-decoration-model-1.2.pom
Downloaded from central-https: https://repo.maven.apache.org/maven2/org/apache/maven/doxia/doxia-decoration-model/1.2/doxia-decoration-model-1.2.pom (0 B at 0 B/s)
Downloading from jboss-releases-plugins: https://repository.jboss.org/nexus/content/repositories/releases/org/apache/maven/doxia/doxia-module-xhtml/1.2/doxia-module-xhtml-1.2.pom
Downloading from central-https: https://repo.maven.apache.org/maven2/org/apache/maven/doxia/doxia-module-xhtml/1.2/doxia-module-xhtml-1.2.pom
Downloaded from central-https: https://repo.maven.apache.org/maven2/org/apache/maven/doxia/doxia-module-xhtml/1.2/doxia-module-xhtml-1.2.pom (0 B at 0 B/s)
Downloading from jboss-releases-plugins: https://repository.jboss.org/nexus/content/repositories/releases/org/apache/maven/doxia/doxia-modules/1.2/doxia-modules-1.2.pom
Downloading from central-https: https://repo.maven.apache.org/maven2/org/apache/maven/doxia/doxia-modules/1.2/doxia-modules-1.2.pom
Downloaded from central-https: https://repo.maven.apache.org/maven2/org/apache/maven/doxia/doxia-modules/1.2/doxia-modules-1.2.pom (0 B at 0 B/s)
Downloading from jboss-releases-plugins: https://repository.jboss.org/nexus/content/repositories/releases/org/apache/maven/doxia/doxia-module-fml/1.2/doxia-module-fml-1.2.pom
Downloading from central-https: https://repo.maven.apache.org/maven2/org/apache/maven/doxia/doxia-module-fml/1.2/doxia-module-fml-1.2.pom
Downloaded from central-https: https://repo.maven.apache.org/maven2/org/apache/maven/doxia/doxia-module-fml/1.2/doxia-module-fml-1.2.pom (0 B at 0 B/s)
Downloading from jboss-releases-plugins: https://repository.jboss.org/nexus/content/repositories/releases/commons-validator/commons-validator/1.3.1/commons-validator-1.3.1.pom
Downloading from central-https: https://repo.maven.apache.org/maven2/commons-validator/commons-validator/1.3.1/commons-validator-1.3.1.pom
Downloaded from central-https: https://repo.maven.apache.org/maven2/commons-validator/commons-validator/1.3.1/commons-validator-1.3.1.pom (0 B at 0 B/s)
Downloading from jboss-releases-plugins: https://repository.jboss.org/nexus/content/repositories/releases/org/apache/maven/doxia/doxia-sink-api/1.1.3/doxia-sink-api-1.1.3.pom
Downloading from central-https: https://repo.maven.apache.org/maven2/org/apache/maven/doxia/doxia-sink-api/1.1.3/doxia-sink-api-1.1.3.pom
Downloaded from central-https: https://repo.maven.apache.org/maven2/org/apache/maven/doxia/doxia-sink-api/1.1.3/doxia-sink-api-1.1.3.pom (0 B at 0 B/s)
Downloading from jboss-releases-plugins: https://repository.jboss.org/nexus/content/repositories/releases/org/apache/maven/doxia/doxia/1.1.3/doxia-1.1.3.pom
Downloading from central-https: https://repo.maven.apache.org/maven2/org/apache/maven/doxia/doxia/1.1.3/doxia-1.1.3.pom
Downloaded from central-https: https://repo.maven.apache.org/maven2/org/apache/maven/doxia/doxia/1.1.3/doxia-1.1.3.pom (0 B at 0 B/s)
Downloading from jboss-releases-plugins: https://repository.jboss.org/nexus/content/repositories/releases/org/apache/maven/doxia/doxia-logging-api/1.1.3/doxia-logging-api-1.1.3.pom
Downloading from central-https: https://repo.maven.apache.org/maven2/org/apache/maven/doxia/doxia-logging-api/1.1.3/doxia-logging-api-1.1.3.pom
Downloaded from central-https: https://repo.maven.apache.org/maven2/org/apache/maven/doxia/doxia-logging-api/1.1.3/doxia-logging-api-1.1.3.pom (0 B at 0 B/s)
Downloading from jboss-releases-plugins: https://repository.jboss.org/nexus/content/repositories/releases/org/apache/maven/doxia/doxia-decoration-model/1.1.3/doxia-decoration-model-1.1.3.pom
Downloading from central-https: https://repo.maven.apache.org/maven2/org/apache/maven/doxia/doxia-decoration-model/1.1.3/doxia-decoration-model-1.1.3.pom
Downloaded from central-https: https://repo.maven.apache.org/maven2/org/apache/maven/doxia/doxia-decoration-model/1.1.3/doxia-decoration-model-1.1.3.pom (0 B at 0 B/s)
Downloading from jboss-releases-plugins: https://repository.jboss.org/nexus/content/repositories/releases/org/apache/maven/doxia/doxia-sitetools/1.1.3/doxia-sitetools-1.1.3.pom
Downloading from central-https: https://repo.maven.apache.org/maven2/org/apache/maven/doxia/doxia-sitetools/1.1.3/doxia-sitetools-1.1.3.pom
Downloaded from central-https: https://repo.maven.apache.org/maven2/org/apache/maven/doxia/doxia-sitetools/1.1.3/doxia-sitetools-1.1.3.pom (0 B at 0 B/s)
Downloading from jboss-releases-plugins: https://repository.jboss.org/nexus/content/repositories/releases/org/codehaus/plexus/plexus-utils/1.5.12/plexus-utils-1.5.12.pom
Downloading from central-https: https://repo.maven.apache.org/maven2/org/codehaus/plexus/plexus-utils/1.5.12/plexus-utils-1.5.12.pom
Downloaded from central-https: https://repo.maven.apache.org/maven2/org/codehaus/plexus/plexus-utils/1.5.12/plexus-utils-1.5.12.pom (0 B at 0 B/s)
Downloading from jboss-releases-plugins: https://repository.jboss.org/nexus/content/repositories/releases/org/apache/maven/doxia/doxia-site-renderer/1.1.3/doxia-site-renderer-1.1.3.pom
Downloading from central-https: https://repo.maven.apache.org/maven2/org/apache/maven/doxia/doxia-site-renderer/1.1.3/doxia-site-renderer-1.1.3.pom
Downloaded from central-https: https://repo.maven.apache.org/maven2/org/apache/maven/doxia/doxia-site-renderer/1.1.3/doxia-site-renderer-1.1.3.pom (0 B at 0 B/s)
Downloading from jboss-releases-plugins: https://repository.jboss.org/nexus/content/repositories/releases/org/apache/maven/doxia/doxia-core/1.1.3/doxia-core-1.1.3.pom
Downloading from central-https: https://repo.maven.apache.org/maven2/org/apache/maven/doxia/doxia-core/1.1.3/doxia-core-1.1.3.pom
Downloaded from central-https: https://repo.maven.apache.org/maven2/org/apache/maven/doxia/doxia-core/1.1.3/doxia-core-1.1.3.pom (0 B at 0 B/s)
Downloading from jboss-releases-plugins: https://repository.jboss.org/nexus/content/repositories/releases/commons-httpclient/commons-httpclient/3.1/commons-httpclient-3.1.pom
Downloading from central-https: https://repo.maven.apache.org/maven2/commons-httpclient/commons-httpclient/3.1/commons-httpclient-3.1.pom
Downloaded from central-https: https://repo.maven.apache.org/maven2/commons-httpclient/commons-httpclient/3.1/commons-httpclient-3.1.pom (0 B at 0 B/s)
Downloading from jboss-releases-plugins: https://repository.jboss.org/nexus/content/repositories/releases/commons-codec/commons-codec/1.2/commons-codec-1.2.pom
Downloading from central-https: https://repo.maven.apache.org/maven2/commons-codec/commons-codec/1.2/commons-codec-1.2.pom
Downloaded from central-https: https://repo.maven.apache.org/maven2/commons-codec/commons-codec/1.2/commons-codec-1.2.pom (0 B at 0 B/s)
Downloading from jboss-releases-plugins: https://repository.jboss.org/nexus/content/repositories/releases/org/apache/maven/doxia/doxia-module-xhtml/1.1.3/doxia-module-xhtml-1.1.3.pom
Downloading from central-https: https://repo.maven.apache.org/maven2/org/apache/maven/doxia/doxia-module-xhtml/1.1.3/doxia-module-xhtml-1.1.3.pom
Downloaded from central-https: https://repo.maven.apache.org/maven2/org/apache/maven/doxia/doxia-module-xhtml/1.1.3/doxia-module-xhtml-1.1.3.pom (0 B at 0 B/s)
Downloading from jboss-releases-plugins: https://repository.jboss.org/nexus/content/repositories/releases/org/apache/maven/doxia/doxia-modules/1.1.3/doxia-modules-1.1.3.pom
Downloading from central-https: https://repo.maven.apache.org/maven2/org/apache/maven/doxia/doxia-modules/1.1.3/doxia-modules-1.1.3.pom
Downloaded from central-https: https://repo.maven.apache.org/maven2/org/apache/maven/doxia/doxia-modules/1.1.3/doxia-modules-1.1.3.pom (0 B at 0 B/s)
Downloading from jboss-releases-plugins: https://repository.jboss.org/nexus/content/repositories/releases/org/apache/maven/doxia/doxia-module-fml/1.1.3/doxia-module-fml-1.1.3.pom
Downloading from central-https: https://repo.maven.apache.org/maven2/org/apache/maven/doxia/doxia-module-fml/1.1.3/doxia-module-fml-1.1.3.pom
Downloaded from central-https: https://repo.maven.apache.org/maven2/org/apache/maven/doxia/doxia-module-fml/1.1.3/doxia-module-fml-1.1.3.pom (0 B at 0 B/s)
Downloading from jboss-releases-plugins: https://repository.jboss.org/nexus/content/repositories/releases/org/apache/maven/shared/maven-doxia-tools/1.2.1/maven-doxia-tools-1.2.1.pom
Downloading from central-https: https://repo.maven.apache.org/maven2/org/apache/maven/shared/maven-doxia-tools/1.2.1/maven-doxia-tools-1.2.1.pom
Downloaded from central-https: https://repo.maven.apache.org/maven2/org/apache/maven/shared/maven-doxia-tools/1.2.1/maven-doxia-tools-1.2.1.pom (0 B at 0 B/s)
Downloading from jboss-releases-plugins: https://repository.jboss.org/nexus/content/repositories/releases/org/codehaus/plexus/plexus-resources/1.0-alpha-7/plexus-resources-1.0-alpha-7.pom
Downloading from central-https: https://repo.maven.apache.org/maven2/org/codehaus/plexus/plexus-resources/1.0-alpha-7/plexus-resources-1.0-alpha-7.pom
Downloaded from central-https: https://repo.maven.apache.org/maven2/org/codehaus/plexus/plexus-resources/1.0-alpha-7/plexus-resources-1.0-alpha-7.pom (0 B at 0 B/s)
Downloading from jboss-releases-plugins: https://repository.jboss.org/nexus/content/repositories/releases/org/codehaus/plexus/plexus-components/1.1.17/plexus-components-1.1.17.pom
Downloading from central-https: https://repo.maven.apache.org/maven2/org/codehaus/plexus/plexus-components/1.1.17/plexus-components-1.1.17.pom
Downloaded from central-https: https://repo.maven.apache.org/maven2/org/codehaus/plexus/plexus-components/1.1.17/plexus-components-1.1.17.pom (0 B at 0 B/s)
Downloading from jboss-releases-plugins: https://repository.jboss.org/nexus/content/repositories/releases/org/codehaus/plexus/plexus/2.0.5/plexus-2.0.5.pom
Downloading from central-https: https://repo.maven.apache.org/maven2/org/codehaus/plexus/plexus/2.0.5/plexus-2.0.5.pom
Downloaded from central-https: https://repo.maven.apache.org/maven2/org/codehaus/plexus/plexus/2.0.5/plexus-2.0.5.pom (0 B at 0 B/s)
Downloading from jboss-releases-plugins: https://repository.jboss.org/nexus/content/repositories/releases/org/codehaus/plexus/plexus-interpolation/1.13/plexus-interpolation-1.13.pom
Downloading from central-https: https://repo.maven.apache.org/maven2/org/codehaus/plexus/plexus-interpolation/1.13/plexus-interpolation-1.13.pom
Downloaded from central-https: https://repo.maven.apache.org/maven2/org/codehaus/plexus/plexus-interpolation/1.13/plexus-interpolation-1.13.pom (0 B at 0 B/s)
Downloading from jboss-releases-plugins: https://repository.jboss.org/nexus/content/repositories/releases/org/codehaus/plexus/plexus-components/1.1.15/plexus-components-1.1.15.pom
Downloading from central-https: https://repo.maven.apache.org/maven2/org/codehaus/plexus/plexus-components/1.1.15/plexus-components-1.1.15.pom
Downloaded from central-https: https://repo.maven.apache.org/maven2/org/codehaus/plexus/plexus-components/1.1.15/plexus-components-1.1.15.pom (0 B at 0 B/s)
Downloading from jboss-releases-plugins: https://repository.jboss.org/nexus/content/repositories/releases/org/codehaus/plexus/plexus-velocity/1.1.8/plexus-velocity-1.1.8.pom
Downloading from central-https: https://repo.maven.apache.org/maven2/org/codehaus/plexus/plexus-velocity/1.1.8/plexus-velocity-1.1.8.pom
Downloaded from central-https: https://repo.maven.apache.org/maven2/org/codehaus/plexus/plexus-velocity/1.1.8/plexus-velocity-1.1.8.pom (0 B at 0 B/s)
Downloading from jboss-releases-plugins: https://repository.jboss.org/nexus/content/repositories/releases/com/puppycrawl/tools/checkstyle/5.6/checkstyle-5.6.pom
Downloading from central-https: https://repo.maven.apache.org/maven2/com/puppycrawl/tools/checkstyle/5.6/checkstyle-5.6.pom
Downloaded from central-https: https://repo.maven.apache.org/maven2/com/puppycrawl/tools/checkstyle/5.6/checkstyle-5.6.pom (0 B at 0 B/s)
Downloading from jboss-releases-plugins: https://repository.jboss.org/nexus/content/repositories/releases/commons-beanutils/commons-beanutils-core/1.8.3/commons-beanutils-core-1.8.3.pom
Downloading from central-https: https://repo.maven.apache.org/maven2/commons-beanutils/commons-beanutils-core/1.8.3/commons-beanutils-core-1.8.3.pom
Downloaded from central-https: https://repo.maven.apache.org/maven2/commons-beanutils/commons-beanutils-core/1.8.3/commons-beanutils-core-1.8.3.pom (0 B at 0 B/s)
Downloading from jboss-releases-plugins: https://repository.jboss.org/nexus/content/repositories/releases/org/apache/maven/reporting/maven-reporting-impl/2.2/maven-reporting-impl-2.2.jar
Downloading from jboss-releases-plugins: https://repository.jboss.org/nexus/content/repositories/releases/org/apache/maven/doxia/doxia-core/1.2/doxia-core-1.2.jar
Downloading from jboss-releases-plugins: https://repository.jboss.org/nexus/content/repositories/releases/xml-apis/xml-apis/1.3.04/xml-apis-1.3.04.jar
Downloading from jboss-releases-plugins: https://repository.jboss.org/nexus/content/repositories/releases/org/apache/httpcomponents/httpclient/4.0.2/httpclient-4.0.2.jar
Downloading from jboss-releases-plugins: https://repository.jboss.org/nexus/content/repositories/releases/org/apache/httpcomponents/httpcore/4.0.1/httpcore-4.0.1.jar
Downloading from jboss-releases-plugins: https://repository.jboss.org/nexus/content/repositories/releases/commons-codec/commons-codec/1.3/commons-codec-1.3.jar
Downloading from jboss-releases-plugins: https://repository.jboss.org/nexus/content/repositories/releases/commons-validator/commons-validator/1.3.1/commons-validator-1.3.1.jar
Downloading from jboss-releases-plugins: https://repository.jboss.org/nexus/content/repositories/releases/org/apache/maven/doxia/doxia-sink-api/1.1.3/doxia-sink-api-1.1.3.jar
Downloading from jboss-releases-plugins: https://repository.jboss.org/nexus/content/repositories/releases/org/apache/maven/doxia/doxia-logging-api/1.1.3/doxia-logging-api-1.1.3.jar
Downloading from jboss-releases-plugins: https://repository.jboss.org/nexus/content/repositories/releases/org/apache/maven/doxia/doxia-decoration-model/1.1.3/doxia-decoration-model-1.1.3.jar
Downloading from jboss-releases-plugins: https://repository.jboss.org/nexus/content/repositories/releases/org/apache/maven/doxia/doxia-module-xhtml/1.1.3/doxia-module-xhtml-1.1.3.jar
Downloading from jboss-releases-plugins: https://repository.jboss.org/nexus/content/repositories/releases/org/apache/maven/doxia/doxia-site-renderer/1.1.3/doxia-site-renderer-1.1.3.jar
Downloading from jboss-releases-plugins: https://repository.jboss.org/nexus/content/repositories/releases/org/apache/maven/doxia/doxia-module-fml/1.1.3/doxia-module-fml-1.1.3.jar
Downloading from jboss-releases-plugins: https://repository.jboss.org/nexus/content/repositories/releases/org/apache/maven/shared/maven-doxia-tools/1.2.1/maven-doxia-tools-1.2.1.jar
Downloading from jboss-releases-plugins: https://repository.jboss.org/nexus/content/repositories/releases/org/codehaus/plexus/plexus-container-default/1.0-alpha-9/plexus-container-default-1.0-alpha-9.jar
Downloading from jboss-releases-plugins: https://repository.jboss.org/nexus/content/repositories/releases/org/codehaus/plexus/plexus-resources/1.0-alpha-7/plexus-resources-1.0-alpha-7.jar
Downloading from jboss-releases-plugins: https://repository.jboss.org/nexus/content/repositories/releases/org/codehaus/plexus/plexus-interpolation/1.13/plexus-interpolation-1.13.jar
Downloading from jboss-releases-plugins: https://repository.jboss.org/nexus/content/repositories/releases/org/codehaus/plexus/plexus-velocity/1.1.8/plexus-velocity-1.1.8.jar
Downloading from jboss-releases-plugins: https://repository.jboss.org/nexus/content/repositories/releases/com/puppycrawl/tools/checkstyle/5.6/checkstyle-5.6.jar
Downloading from jboss-releases-plugins: https://repository.jboss.org/nexus/content/repositories/releases/commons-beanutils/commons-beanutils-core/1.8.3/commons-beanutils-core-1.8.3.jar
Downloading from jboss-releases-plugins: https://repository.jboss.org/nexus/content/repositories/releases/com/google/collections/google-collections/1.0/google-collections-1.0.jar
Downloading from central-https: https://repo.maven.apache.org/maven2/org/apache/maven/reporting/maven-reporting-impl/2.2/maven-reporting-impl-2.2.jar
Downloading from central-https: https://repo.maven.apache.org/maven2/org/apache/maven/doxia/doxia-core/1.2/doxia-core-1.2.jar
Downloading from central-https: https://repo.maven.apache.org/maven2/xml-apis/xml-apis/1.3.04/xml-apis-1.3.04.jar
Downloading from central-https: https://repo.maven.apache.org/maven2/org/apache/httpcomponents/httpclient/4.0.2/httpclient-4.0.2.jar
Downloading from central-https: https://repo.maven.apache.org/maven2/org/apache/httpcomponents/httpcore/4.0.1/httpcore-4.0.1.jar
Downloaded from central-https: https://repo.maven.apache.org/maven2/org/apache/maven/doxia/doxia-core/1.2/doxia-core-1.2.jar (0 B at 0 B/s)
Downloaded from central-https: https://repo.maven.apache.org/maven2/xml-apis/xml-apis/1.3.04/xml-apis-1.3.04.jar (0 B at 0 B/s)
Downloading from central-https: https://repo.maven.apache.org/maven2/commons-codec/commons-codec/1.3/commons-codec-1.3.jar
Downloading from central-https: https://repo.maven.apache.org/maven2/commons-validator/commons-validator/1.3.1/commons-validator-1.3.1.jar
Downloaded from central-https: https://repo.maven.apache.org/maven2/org/apache/httpcomponents/httpclient/4.0.2/httpclient-4.0.2.jar (0 B at 0 B/s)
Downloading from central-https: https://repo.maven.apache.org/maven2/org/apache/maven/doxia/doxia-sink-api/1.1.3/doxia-sink-api-1.1.3.jar
Downloaded from central-https: https://repo.maven.apache.org/maven2/org/apache/maven/reporting/maven-reporting-impl/2.2/maven-reporting-impl-2.2.jar (0 B at 0 B/s)
Downloading from central-https: https://repo.maven.apache.org/maven2/org/apache/maven/doxia/doxia-logging-api/1.1.3/doxia-logging-api-1.1.3.jar
Downloaded from central-https: https://repo.maven.apache.org/maven2/commons-validator/commons-validator/1.3.1/commons-validator-1.3.1.jar (0 B at 0 B/s)
Downloaded from central-https: https://repo.maven.apache.org/maven2/org/apache/maven/doxia/doxia-sink-api/1.1.3/doxia-sink-api-1.1.3.jar (0 B at 0 B/s)
Downloaded from central-https: https://repo.maven.apache.org/maven2/commons-codec/commons-codec/1.3/commons-codec-1.3.jar (0 B at 0 B/s)
Downloading from central-https: https://repo.maven.apache.org/maven2/org/apache/maven/doxia/doxia-module-xhtml/1.1.3/doxia-module-xhtml-1.1.3.jar
Downloading from central-https: https://repo.maven.apache.org/maven2/org/apache/maven/doxia/doxia-site-renderer/1.1.3/doxia-site-renderer-1.1.3.jar
Downloading from central-https: https://repo.maven.apache.org/maven2/org/apache/maven/doxia/doxia-decoration-model/1.1.3/doxia-decoration-model-1.1.3.jar
Downloaded from central-https: https://repo.maven.apache.org/maven2/org/apache/httpcomponents/httpcore/4.0.1/httpcore-4.0.1.jar (0 B at 0 B/s)
Downloading from central-https: https://repo.maven.apache.org/maven2/org/apache/maven/doxia/doxia-module-fml/1.1.3/doxia-module-fml-1.1.3.jar
Downloaded from central-https: https://repo.maven.apache.org/maven2/org/apache/maven/doxia/doxia-logging-api/1.1.3/doxia-logging-api-1.1.3.jar (0 B at 0 B/s)
Downloading from central-https: https://repo.maven.apache.org/maven2/org/apache/maven/shared/maven-doxia-tools/1.2.1/maven-doxia-tools-1.2.1.jar
Downloaded from central-https: https://repo.maven.apache.org/maven2/org/apache/maven/doxia/doxia-module-xhtml/1.1.3/doxia-module-xhtml-1.1.3.jar (0 B at 0 B/s)
Downloaded from central-https: https://repo.maven.apache.org/maven2/org/apache/maven/doxia/doxia-decoration-model/1.1.3/doxia-decoration-model-1.1.3.jar (0 B at 0 B/s)
Downloading from central-https: https://repo.maven.apache.org/maven2/org/codehaus/plexus/plexus-resources/1.0-alpha-7/plexus-resources-1.0-alpha-7.jar
Downloading from central-https: https://repo.maven.apache.org/maven2/org/codehaus/plexus/plexus-container-default/1.0-alpha-9/plexus-container-default-1.0-alpha-9.jar
Downloaded from central-https: https://repo.maven.apache.org/maven2/org/apache/maven/doxia/doxia-site-renderer/1.1.3/doxia-site-renderer-1.1.3.jar (0 B at 0 B/s)
Downloading from central-https: https://repo.maven.apache.org/maven2/org/codehaus/plexus/plexus-interpolation/1.13/plexus-interpolation-1.13.jar
Downloaded from central-https: https://repo.maven.apache.org/maven2/org/apache/maven/shared/maven-doxia-tools/1.2.1/maven-doxia-tools-1.2.1.jar (0 B at 0 B/s)
Downloading from central-https: https://repo.maven.apache.org/maven2/org/codehaus/plexus/plexus-velocity/1.1.8/plexus-velocity-1.1.8.jar
Downloaded from central-https: https://repo.maven.apache.org/maven2/org/apache/maven/doxia/doxia-module-fml/1.1.3/doxia-module-fml-1.1.3.jar (0 B at 0 B/s)
Downloading from central-https: https://repo.maven.apache.org/maven2/com/puppycrawl/tools/checkstyle/5.6/checkstyle-5.6.jar
Downloaded from central-https: https://repo.maven.apache.org/maven2/org/codehaus/plexus/plexus-resources/1.0-alpha-7/plexus-resources-1.0-alpha-7.jar (0 B at 0 B/s)
Downloading from central-https: https://repo.maven.apache.org/maven2/commons-beanutils/commons-beanutils-core/1.8.3/commons-beanutils-core-1.8.3.jar
Downloaded from central-https: https://repo.maven.apache.org/maven2/org/codehaus/plexus/plexus-container-default/1.0-alpha-9/plexus-container-default-1.0-alpha-9.jar (0 B at 0 B/s)
Downloading from central-https: https://repo.maven.apache.org/maven2/com/google/collections/google-collections/1.0/google-collections-1.0.jar
Downloaded from central-https: https://repo.maven.apache.org/maven2/org/codehaus/plexus/plexus-interpolation/1.13/plexus-interpolation-1.13.jar (0 B at 0 B/s)
Downloaded from central-https: https://repo.maven.apache.org/maven2/org/codehaus/plexus/plexus-velocity/1.1.8/plexus-velocity-1.1.8.jar (0 B at 0 B/s)
Downloaded from central-https: https://repo.maven.apache.org/maven2/commons-beanutils/commons-beanutils-core/1.8.3/commons-beanutils-core-1.8.3.jar (0 B at 0 B/s)
Downloaded from central-https: https://repo.maven.apache.org/maven2/com/google/collections/google-collections/1.0/google-collections-1.0.jar (0 B at 0 B/s)
Downloaded from central-https: https://repo.maven.apache.org/maven2/com/puppycrawl/tools/checkstyle/5.6/checkstyle-5.6.jar (0 B at 0 B/s)
[[1;34mINFO[m] 
[[1;34mINFO[m] 
[[1;34mINFO[m] [1m--- [0;32mmaven-install-plugin:2.5.2:install[m [1m(default-install)[m @ [36mrichfaces-page-fragments[0;1m ---[m
[[1;34mINFO[m] Installing /RicksCafe/Git.Projects/richfaces/build/page-fragments/target/richfaces-page-fragments-4.5.18-SNAPSHOT.jar to /home/thomas/.m2/repository/org/richfaces/richfaces-page-fragments/4.5.18-SNAPSHOT/richfaces-page-fragments-4.5.18-SNAPSHOT.jar
[[1;34mINFO[m] Installing /RicksCafe/Git.Projects/richfaces/build/page-fragments/pom.xml to /home/thomas/.m2/repository/org/richfaces/richfaces-page-fragments/4.5.18-SNAPSHOT/richfaces-page-fragments-4.5.18-SNAPSHOT.pom
[[1;34mINFO[m] Installing /RicksCafe/Git.Projects/richfaces/build/page-fragments/target/richfaces-page-fragments-4.5.18-SNAPSHOT-sources.jar to /home/thomas/.m2/repository/org/richfaces/richfaces-page-fragments/4.5.18-SNAPSHOT/richfaces-page-fragments-4.5.18-SNAPSHOT-sources.jar
[[1;34mINFO[m] 
[[1;34mINFO[m] [1m--------------------< [0;36morg.richfaces:richfaces-core[0;1m >--------------------[m
[[1;34mINFO[m] [1mBuilding RichFaces Core 4.5.18-SNAPSHOT                           [6/20][m
[[1;34mINFO[m] [1m--------------------------------[ jar ]---------------------------------[m
Downloading from central-https: https://repo.maven.apache.org/maven2/javax/activation/activation/1.1.1/activation-1.1.1.pom
Downloaded from central-https: https://repo.maven.apache.org/maven2/javax/activation/activation/1.1.1/activation-1.1.1.pom (0 B at 0 B/s)
Downloading from central-https: https://repo.maven.apache.org/maven2/javax/jws/jsr181-api/1.0-MR1/jsr181-api-1.0-MR1.pom
Downloaded from central-https: https://repo.maven.apache.org/maven2/javax/jws/jsr181-api/1.0-MR1/jsr181-api-1.0-MR1.pom (0 B at 0 B/s)
Downloading from central-https: https://repo.maven.apache.org/maven2/javax/mail/mail/1.4.4/mail-1.4.4.pom
Downloaded from central-https: https://repo.maven.apache.org/maven2/javax/mail/mail/1.4.4/mail-1.4.4.pom (0 B at 0 B/s)
Downloading from central-https: https://repo.maven.apache.org/maven2/com/sun/mail/all/1.4.4/all-1.4.4.pom
Downloaded from central-https: https://repo.maven.apache.org/maven2/com/sun/mail/all/1.4.4/all-1.4.4.pom (0 B at 0 B/s)
Downloading from central-https: https://repo.maven.apache.org/maven2/org/atmosphere/atmosphere-runtime/2.4.3/atmosphere-runtime-2.4.3.pom
Downloaded from central-https: https://repo.maven.apache.org/maven2/org/atmosphere/atmosphere-runtime/2.4.3/atmosphere-runtime-2.4.3.pom (0 B at 0 B/s)
Downloading from central-https: https://repo.maven.apache.org/maven2/org/atmosphere/atmosphere-project/2.4.3/atmosphere-project-2.4.3.pom
Downloaded from central-https: https://repo.maven.apache.org/maven2/org/atmosphere/atmosphere-project/2.4.3/atmosphere-project-2.4.3.pom (0 B at 0 B/s)
Downloading from central-https: https://repo.maven.apache.org/maven2/org/slf4j/slf4j-api/1.6.1/slf4j-api-1.6.1.pom
Downloaded from central-https: https://repo.maven.apache.org/maven2/org/slf4j/slf4j-api/1.6.1/slf4j-api-1.6.1.pom (0 B at 0 B/s)
Downloading from central-https: https://repo.maven.apache.org/maven2/org/slf4j/slf4j-parent/1.6.1/slf4j-parent-1.6.1.pom
Downloaded from central-https: https://repo.maven.apache.org/maven2/org/slf4j/slf4j-parent/1.6.1/slf4j-parent-1.6.1.pom (0 B at 0 B/s)
Downloading from central-https: https://repo.maven.apache.org/maven2/net/sf/ehcache/ehcache/2.8.3/ehcache-2.8.3.pom
Downloaded from central-https: https://repo.maven.apache.org/maven2/net/sf/ehcache/ehcache/2.8.3/ehcache-2.8.3.pom (0 B at 0 B/s)
Downloading from central-https: https://repo.maven.apache.org/maven2/net/sf/ehcache/ehcache-root/2.8.3/ehcache-root-2.8.3.pom
Downloaded from central-https: https://repo.maven.apache.org/maven2/net/sf/ehcache/ehcache-root/2.8.3/ehcache-root-2.8.3.pom (0 B at 0 B/s)
Downloading from central-https: https://repo.maven.apache.org/maven2/net/sf/ehcache/ehcache-parent/2.12/ehcache-parent-2.12.pom
Downloaded from central-https: https://repo.maven.apache.org/maven2/net/sf/ehcache/ehcache-parent/2.12/ehcache-parent-2.12.pom (0 B at 0 B/s)
Downloading from central-https: https://repo.maven.apache.org/maven2/opensymphony/oscache/2.3/oscache-2.3.pom
Downloaded from central-https: https://repo.maven.apache.org/maven2/opensymphony/oscache/2.3/oscache-2.3.pom (0 B at 0 B/s)
Downloading from central-https: https://repo.maven.apache.org/maven2/javax/el/el-api/2.2/el-api-2.2.pom
Downloaded from central-https: https://repo.maven.apache.org/maven2/javax/el/el-api/2.2/el-api-2.2.pom (0 B at 0 B/s)
Downloading from central-https: https://repo.maven.apache.org/maven2/org/glassfish/web/el/2.2/el-2.2.pom
Downloaded from central-https: https://repo.maven.apache.org/maven2/org/glassfish/web/el/2.2/el-2.2.pom (0 B at 0 B/s)
Downloading from central-https: https://repo.maven.apache.org/maven2/org/glassfish/javax.servlet/3.0/javax.servlet-3.0.pom
Downloaded from central-https: https://repo.maven.apache.org/maven2/org/glassfish/javax.servlet/3.0/javax.servlet-3.0.pom (0 B at 0 B/s)
Downloading from central-https: https://repo.maven.apache.org/maven2/org/glassfish/api-pom/3.0/api-pom-3.0.pom
Downloaded from central-https: https://repo.maven.apache.org/maven2/org/glassfish/api-pom/3.0/api-pom-3.0.pom (0 B at 0 B/s)
Downloading from central-https: https://repo.maven.apache.org/maven2/org/glassfish/glassfish-parent/3.0/glassfish-parent-3.0.pom
Downloaded from central-https: https://repo.maven.apache.org/maven2/org/glassfish/glassfish-parent/3.0/glassfish-parent-3.0.pom (0 B at 0 B/s)
Downloading from central-https: https://repo.maven.apache.org/maven2/org/glassfish/pom/8/pom-8.pom
Downloaded from central-https: https://repo.maven.apache.org/maven2/org/glassfish/pom/8/pom-8.pom (0 B at 0 B/s)
Downloading from central-https: https://repo.maven.apache.org/maven2/javax/servlet/jsp/jsp-api/2.1/jsp-api-2.1.pom
Downloaded from central-https: https://repo.maven.apache.org/maven2/javax/servlet/jsp/jsp-api/2.1/jsp-api-2.1.pom (0 B at 0 B/s)
Downloading from central-https: https://repo.maven.apache.org/maven2/javax/servlet/servlet-api/2.5/servlet-api-2.5.pom
Downloaded from central-https: https://repo.maven.apache.org/maven2/javax/servlet/servlet-api/2.5/servlet-api-2.5.pom (0 B at 0 B/s)
Downloading from central-https: https://repo.maven.apache.org/maven2/net/sourceforge/nekohtml/nekohtml/1.9.19/nekohtml-1.9.19.pom
Downloaded from central-https: https://repo.maven.apache.org/maven2/net/sourceforge/nekohtml/nekohtml/1.9.19/nekohtml-1.9.19.pom (0 B at 0 B/s)
Downloading from central-https: https://repo.maven.apache.org/maven2/xerces/xercesImpl/2.10.0/xercesImpl-2.10.0.pom
Downloaded from central-https: https://repo.maven.apache.org/maven2/xerces/xercesImpl/2.10.0/xercesImpl-2.10.0.pom (0 B at 0 B/s)
Downloading from central-https: https://repo.maven.apache.org/maven2/org/easymock/easymockclassextension/2.5.2/easymockclassextension-2.5.2.pom
Downloaded from central-https: https://repo.maven.apache.org/maven2/org/easymock/easymockclassextension/2.5.2/easymockclassextension-2.5.2.pom (0 B at 0 B/s)
Downloading from central-https: https://repo.maven.apache.org/maven2/cglib/cglib-nodep/2.2/cglib-nodep-2.2.pom
Downloaded from central-https: https://repo.maven.apache.org/maven2/cglib/cglib-nodep/2.2/cglib-nodep-2.2.pom (0 B at 0 B/s)
Downloading from central-https: https://repo.maven.apache.org/maven2/org/hamcrest/hamcrest-all/1.3/hamcrest-all-1.3.pom
Downloaded from central-https: https://repo.maven.apache.org/maven2/org/hamcrest/hamcrest-all/1.3/hamcrest-all-1.3.pom (0 B at 0 B/s)
Downloading from central-https: https://repo.maven.apache.org/maven2/org/reflections/reflections/0.9.8/reflections-0.9.8.pom
Downloaded from central-https: https://repo.maven.apache.org/maven2/org/reflections/reflections/0.9.8/reflections-0.9.8.pom (0 B at 0 B/s)
Downloading from central-https: https://repo.maven.apache.org/maven2/org/reflections/reflections-parent/0.9.8/reflections-parent-0.9.8.pom
Downloaded from central-https: https://repo.maven.apache.org/maven2/org/reflections/reflections-parent/0.9.8/reflections-parent-0.9.8.pom (0 B at 0 B/s)
Downloading from central-https: https://repo.maven.apache.org/maven2/com/yahoo/platform/yui/yuicompressor/2.3.6/yuicompressor-2.3.6.pom
Downloaded from central-https: https://repo.maven.apache.org/maven2/com/yahoo/platform/yui/yuicompressor/2.3.6/yuicompressor-2.3.6.pom (0 B at 0 B/s)
Downloading from central-https: https://repo.maven.apache.org/maven2/com/beust/jcommander/1.20/jcommander-1.20.pom
Downloaded from central-https: https://repo.maven.apache.org/maven2/com/beust/jcommander/1.20/jcommander-1.20.pom (0 B at 0 B/s)
Downloading from central-https: https://repo.maven.apache.org/maven2/org/sonatype/oss/oss-parent/3/oss-parent-3.pom
Downloaded from central-https: https://repo.maven.apache.org/maven2/org/sonatype/oss/oss-parent/3/oss-parent-3.pom (0 B at 0 B/s)
Downloading from central-https: https://repo.maven.apache.org/maven2/org/glassfish/javax.faces/2.2.11/javax.faces-2.2.11.pom
Downloaded from central-https: https://repo.maven.apache.org/maven2/org/glassfish/javax.faces/2.2.11/javax.faces-2.2.11.pom (0 B at 0 B/s)
Downloading from central-https: https://repo.maven.apache.org/maven2/javax/activation/activation/1.1.1/activation-1.1.1.jar
Downloading from central-https: https://repo.maven.apache.org/maven2/javax/jws/jsr181-api/1.0-MR1/jsr181-api-1.0-MR1.jar
Downloading from central-https: https://repo.maven.apache.org/maven2/javax/mail/mail/1.4.4/mail-1.4.4.jar
Downloading from central-https: https://repo.maven.apache.org/maven2/org/atmosphere/atmosphere-runtime/2.4.3/atmosphere-runtime-2.4.3.jar
Downloading from central-https: https://repo.maven.apache.org/maven2/org/slf4j/slf4j-api/1.6.1/slf4j-api-1.6.1.jar
Downloaded from central-https: https://repo.maven.apache.org/maven2/org/slf4j/slf4j-api/1.6.1/slf4j-api-1.6.1.jar (0 B at 0 B/s)
Downloading from central-https: https://repo.maven.apache.org/maven2/commons-logging/commons-logging/1.1.1/commons-logging-1.1.1.jar
Downloaded from central-https: https://repo.maven.apache.org/maven2/org/atmosphere/atmosphere-runtime/2.4.3/atmosphere-runtime-2.4.3.jar (0 B at 0 B/s)
Downloading from central-https: https://repo.maven.apache.org/maven2/net/sf/ehcache/ehcache/2.8.3/ehcache-2.8.3.jar
Downloaded from central-https: https://repo.maven.apache.org/maven2/javax/mail/mail/1.4.4/mail-1.4.4.jar (0 B at 0 B/s)
Downloaded from central-https: https://repo.maven.apache.org/maven2/javax/jws/jsr181-api/1.0-MR1/jsr181-api-1.0-MR1.jar (0 B at 0 B/s)
Downloading from central-https: https://repo.maven.apache.org/maven2/org/glassfish/javax.servlet/3.0/javax.servlet-3.0.jar
Downloading from central-https: https://repo.maven.apache.org/maven2/opensymphony/oscache/2.3/oscache-2.3.jar
Downloaded from central-https: https://repo.maven.apache.org/maven2/javax/activation/activation/1.1.1/activation-1.1.1.jar (0 B at 0 B/s)
Downloaded from central-https: https://repo.maven.apache.org/maven2/commons-logging/commons-logging/1.1.1/commons-logging-1.1.1.jar (0 B at 0 B/s)
Downloading from central-https: https://repo.maven.apache.org/maven2/javax/servlet/servlet-api/2.5/servlet-api-2.5.jar
Downloading from central-https: https://repo.maven.apache.org/maven2/javax/servlet/jsp/jsp-api/2.1/jsp-api-2.1.jar
Downloaded from central-https: https://repo.maven.apache.org/maven2/net/sf/ehcache/ehcache/2.8.3/ehcache-2.8.3.jar (0 B at 0 B/s)
Downloading from central-https: https://repo.maven.apache.org/maven2/javax/el/el-api/2.2/el-api-2.2.jar
Downloaded from central-https: https://repo.maven.apache.org/maven2/opensymphony/oscache/2.3/oscache-2.3.jar (0 B at 0 B/s)
Downloading from central-https: https://repo.maven.apache.org/maven2/net/sourceforge/nekohtml/nekohtml/1.9.19/nekohtml-1.9.19.jar
Downloaded from central-https: https://repo.maven.apache.org/maven2/org/glassfish/javax.servlet/3.0/javax.servlet-3.0.jar (0 B at 0 B/s)
Downloading from central-https: https://repo.maven.apache.org/maven2/org/easymock/easymockclassextension/2.5.2/easymockclassextension-2.5.2.jar
Downloaded from central-https: https://repo.maven.apache.org/maven2/javax/servlet/servlet-api/2.5/servlet-api-2.5.jar (0 B at 0 B/s)
Downloading from central-https: https://repo.maven.apache.org/maven2/cglib/cglib-nodep/2.2/cglib-nodep-2.2.jar
Downloaded from central-https: https://repo.maven.apache.org/maven2/javax/el/el-api/2.2/el-api-2.2.jar (0 B at 0 B/s)
Downloading from central-https: https://repo.maven.apache.org/maven2/org/hamcrest/hamcrest-all/1.3/hamcrest-all-1.3.jar
Downloaded from central-https: https://repo.maven.apache.org/maven2/net/sourceforge/nekohtml/nekohtml/1.9.19/nekohtml-1.9.19.jar (0 B at 0 B/s)
Downloading from central-https: https://repo.maven.apache.org/maven2/org/reflections/reflections/0.9.8/reflections-0.9.8.jar
Downloaded from central-https: https://repo.maven.apache.org/maven2/javax/servlet/jsp/jsp-api/2.1/jsp-api-2.1.jar (0 B at 0 B/s)
Downloading from central-https: https://repo.maven.apache.org/maven2/com/yahoo/platform/yui/yuicompressor/2.3.6/yuicompressor-2.3.6.jar
Downloaded from central-https: https://repo.maven.apache.org/maven2/org/easymock/easymockclassextension/2.5.2/easymockclassextension-2.5.2.jar (0 B at 0 B/s)
Downloading from central-https: https://repo.maven.apache.org/maven2/com/beust/jcommander/1.20/jcommander-1.20.jar
Downloaded from central-https: https://repo.maven.apache.org/maven2/cglib/cglib-nodep/2.2/cglib-nodep-2.2.jar (0 B at 0 B/s)
Downloading from central-https: https://repo.maven.apache.org/maven2/org/glassfish/javax.faces/2.2.11/javax.faces-2.2.11.jar
Downloaded from central-https: https://repo.maven.apache.org/maven2/org/hamcrest/hamcrest-all/1.3/hamcrest-all-1.3.jar (0 B at 0 B/s)
Downloaded from central-https: https://repo.maven.apache.org/maven2/com/beust/jcommander/1.20/jcommander-1.20.jar (0 B at 0 B/s)
Downloaded from central-https: https://repo.maven.apache.org/maven2/org/reflections/reflections/0.9.8/reflections-0.9.8.jar (0 B at 0 B/s)
Downloaded from central-https: https://repo.maven.apache.org/maven2/org/glassfish/javax.faces/2.2.11/javax.faces-2.2.11.jar (0 B at 0 B/s)
Downloaded from central-https: https://repo.maven.apache.org/maven2/com/yahoo/platform/yui/yuicompressor/2.3.6/yuicompressor-2.3.6.jar (0 B at 0 B/s)
[[1;34mINFO[m] 
[[1;34mINFO[m] [1m--- [0;32mmaven-clean-plugin:3.0.0:clean[m [1m(default-clean)[m @ [36mrichfaces-core[0;1m ---[m
[[1;34mINFO[m] Deleting /RicksCafe/Git.Projects/richfaces/core/target
[[1;34mINFO[m] 
[[1;34mINFO[m] [1m--- [0;32mmaven-enforcer-plugin:1.3.1:enforce[m [1m(enforce-java-version)[m @ [36mrichfaces-core[0;1m ---[m
[[1;34mINFO[m] 
[[1;34mINFO[m] [1m--- [0;32mmaven-enforcer-plugin:1.3.1:enforce[m [1m(enforce-maven-version)[m @ [36mrichfaces-core[0;1m ---[m
[[1;34mINFO[m] 
[[1;34mINFO[m] [1m--- [0;32mbuildnumber-maven-plugin:1.2:create[m [1m(default)[m @ [36mrichfaces-core[0;1m ---[m
[[1;34mINFO[m] Checking for local modifications: skipped.
[[1;34mINFO[m] Updating project files from SCM: skipped.
[[1;34mINFO[m] Executing: /bin/sh -c cd /RicksCafe/Git.Projects/richfaces/core && git rev-parse --verify HEAD
[[1;34mINFO[m] Working directory: /RicksCafe/Git.Projects/richfaces/core
[[1;34mINFO[m] Storing buildNumber: f4099c706d0692a2ea2c483d70625fb245a2e278 at timestamp: 08/19/2026 12:59:04 PM
[[1;34mINFO[m] Executing: /bin/sh -c cd /RicksCafe/Git.Projects/richfaces/core && git rev-parse --verify HEAD
[[1;34mINFO[m] Working directory: /RicksCafe/Git.Projects/richfaces/core
[[1;34mINFO[m] Storing buildScmBranch: UNKNOWN
[[1;34mINFO[m] 
[[1;34mINFO[m] [1m--- [0;32mbuildnumber-maven-plugin:1.2:create-timestamp[m [1m(get-build-timestamp)[m @ [36mrichfaces-core[0;1m ---[m
[[1;34mINFO[m] 
[[1;34mINFO[m] [1m--- [0;32mbuildnumber-maven-plugin:1.2:create[m [1m(get-scm-revision)[m @ [36mrichfaces-core[0;1m ---[m
[[1;34mINFO[m] 
[[1;34mINFO[m] [1m--- [0;32mmaven-dependency-plugin:2.8:unpack[m [1m(unpack-arquillian-settings)[m @ [36mrichfaces-core[0;1m ---[m
[[1;34mINFO[m] Configured Artifact: org.richfaces:richfaces-build-resources:4.5.18-SNAPSHOT:jar
[[1;34mINFO[m] Unpacking /RicksCafe/Git.Projects/richfaces/build/build-resources/target/richfaces-build-resources-4.5.18-SNAPSHOT.jar to /RicksCafe/Git.Projects/richfaces/core/src/test/arquillian-settings with includes "arquillian.xml" and excludes ""
[[1;34mINFO[m] 
[[1;34mINFO[m] [1m--- [0;32mmaven-compiler-plugin:3.5.1:compile[m [1m(precompile-sources-for-cdk)[m @ [36mrichfaces-core[0;1m ---[m
[[1;34mINFO[m] Changes detected - recompiling the module!
[[1;34mINFO[m] Compiling 336 source files to /RicksCafe/Git.Projects/richfaces/core/target/classes
[[1;33mWARNING[m] bootstrap class path not set in conjunction with -source 1.6
[[1;34mINFO[m] /RicksCafe/Git.Projects/richfaces/core/src/main/java/org/richfaces/model/CollectionDataModel.java: Some input files use unchecked or unsafe operations.
[[1;34mINFO[m] /RicksCafe/Git.Projects/richfaces/core/src/main/java/org/richfaces/model/CollectionDataModel.java: Recompile with -Xlint:unchecked for details.
[[1;34mINFO[m] 
[[1;34mINFO[m] [1m--- [0;32mrichfaces-cdk-maven-plugin:4.5.1-SNAPSHOT:generate[m [1m(cdk-generate-sources)[m @ [36mrichfaces-core[0;1m ---[m
Downloading from central-https: https://repo.maven.apache.org/maven2/org/apache/maven/maven-artifact/3.0.4/maven-artifact-3.0.4.pom
Downloaded from central-https: https://repo.maven.apache.org/maven2/org/apache/maven/maven-artifact/3.0.4/maven-artifact-3.0.4.pom (0 B at 0 B/s)
Downloading from central-https: https://repo.maven.apache.org/maven2/org/apache/maven/maven/3.0.4/maven-3.0.4.pom
Downloaded from central-https: https://repo.maven.apache.org/maven2/org/apache/maven/maven/3.0.4/maven-3.0.4.pom (0 B at 0 B/s)
Downloading from central-https: https://repo.maven.apache.org/maven2/org/apache/maven/maven-plugin-api/3.0.4/maven-plugin-api-3.0.4.pom
Downloaded from central-https: https://repo.maven.apache.org/maven2/org/apache/maven/maven-plugin-api/3.0.4/maven-plugin-api-3.0.4.pom (0 B at 0 B/s)
Downloading from central-https: https://repo.maven.apache.org/maven2/org/apache/maven/maven-model/3.0.4/maven-model-3.0.4.pom
Downloaded from central-https: https://repo.maven.apache.org/maven2/org/apache/maven/maven-model/3.0.4/maven-model-3.0.4.pom (0 B at 0 B/s)
Downloading from central-https: https://repo.maven.apache.org/maven2/org/sonatype/sisu/sisu-inject-plexus/2.3.0/sisu-inject-plexus-2.3.0.pom
Downloaded from central-https: https://repo.maven.apache.org/maven2/org/sonatype/sisu/sisu-inject-plexus/2.3.0/sisu-inject-plexus-2.3.0.pom (0 B at 0 B/s)
Downloading from central-https: https://repo.maven.apache.org/maven2/org/sonatype/sisu/inject/guice-plexus/2.3.0/guice-plexus-2.3.0.pom
Downloaded from central-https: https://repo.maven.apache.org/maven2/org/sonatype/sisu/inject/guice-plexus/2.3.0/guice-plexus-2.3.0.pom (0 B at 0 B/s)
Downloading from central-https: https://repo.maven.apache.org/maven2/org/sonatype/sisu/inject/guice-bean/2.3.0/guice-bean-2.3.0.pom
Downloaded from central-https: https://repo.maven.apache.org/maven2/org/sonatype/sisu/inject/guice-bean/2.3.0/guice-bean-2.3.0.pom (0 B at 0 B/s)
Downloading from central-https: https://repo.maven.apache.org/maven2/org/sonatype/sisu/inject/containers/2.3.0/containers-2.3.0.pom
Downloaded from central-https: https://repo.maven.apache.org/maven2/org/sonatype/sisu/inject/containers/2.3.0/containers-2.3.0.pom (0 B at 0 B/s)
Downloading from central-https: https://repo.maven.apache.org/maven2/org/sonatype/sisu/sisu-inject/2.3.0/sisu-inject-2.3.0.pom
Downloaded from central-https: https://repo.maven.apache.org/maven2/org/sonatype/sisu/sisu-inject/2.3.0/sisu-inject-2.3.0.pom (0 B at 0 B/s)
Downloading from central-https: https://repo.maven.apache.org/maven2/org/sonatype/sisu/sisu-parent/2.3.0/sisu-parent-2.3.0.pom
Downloaded from central-https: https://repo.maven.apache.org/maven2/org/sonatype/sisu/sisu-parent/2.3.0/sisu-parent-2.3.0.pom (0 B at 0 B/s)
Downloading from central-https: https://repo.maven.apache.org/maven2/org/codehaus/plexus/plexus-classworlds/2.4/plexus-classworlds-2.4.pom
Downloaded from central-https: https://repo.maven.apache.org/maven2/org/codehaus/plexus/plexus-classworlds/2.4/plexus-classworlds-2.4.pom (0 B at 0 B/s)
Downloading from central-https: https://repo.maven.apache.org/maven2/org/sonatype/sisu/sisu-inject-bean/2.3.0/sisu-inject-bean-2.3.0.pom
Downloaded from central-https: https://repo.maven.apache.org/maven2/org/sonatype/sisu/sisu-inject-bean/2.3.0/sisu-inject-bean-2.3.0.pom (0 B at 0 B/s)
Downloading from central-https: https://repo.maven.apache.org/maven2/org/apache/maven/maven-core/3.0.4/maven-core-3.0.4.pom
Downloaded from central-https: https://repo.maven.apache.org/maven2/org/apache/maven/maven-core/3.0.4/maven-core-3.0.4.pom (0 B at 0 B/s)
Downloading from central-https: https://repo.maven.apache.org/maven2/org/apache/maven/maven-settings/3.0.4/maven-settings-3.0.4.pom
Downloaded from central-https: https://repo.maven.apache.org/maven2/org/apache/maven/maven-settings/3.0.4/maven-settings-3.0.4.pom (0 B at 0 B/s)
Downloading from central-https: https://repo.maven.apache.org/maven2/org/apache/maven/maven-settings-builder/3.0.4/maven-settings-builder-3.0.4.pom
Downloaded from central-https: https://repo.maven.apache.org/maven2/org/apache/maven/maven-settings-builder/3.0.4/maven-settings-builder-3.0.4.pom (0 B at 0 B/s)
Downloading from central-https: https://repo.maven.apache.org/maven2/org/apache/maven/maven-repository-metadata/3.0.4/maven-repository-metadata-3.0.4.pom
Downloaded from central-https: https://repo.maven.apache.org/maven2/org/apache/maven/maven-repository-metadata/3.0.4/maven-repository-metadata-3.0.4.pom (0 B at 0 B/s)
Downloading from central-https: https://repo.maven.apache.org/maven2/org/apache/maven/maven-model-builder/3.0.4/maven-model-builder-3.0.4.pom
Downloaded from central-https: https://repo.maven.apache.org/maven2/org/apache/maven/maven-model-builder/3.0.4/maven-model-builder-3.0.4.pom (0 B at 0 B/s)
Downloading from central-https: https://repo.maven.apache.org/maven2/org/apache/maven/maven-aether-provider/3.0.4/maven-aether-provider-3.0.4.pom
Downloaded from central-https: https://repo.maven.apache.org/maven2/org/apache/maven/maven-aether-provider/3.0.4/maven-aether-provider-3.0.4.pom (0 B at 0 B/s)
Downloading from central-https: https://repo.maven.apache.org/maven2/org/sonatype/aether/aether-api/1.13.1/aether-api-1.13.1.pom
Downloaded from central-https: https://repo.maven.apache.org/maven2/org/sonatype/aether/aether-api/1.13.1/aether-api-1.13.1.pom (0 B at 0 B/s)
Downloading from central-https: https://repo.maven.apache.org/maven2/org/sonatype/aether/aether/1.13.1/aether-1.13.1.pom
Downloaded from central-https: https://repo.maven.apache.org/maven2/org/sonatype/aether/aether/1.13.1/aether-1.13.1.pom (0 B at 0 B/s)
Downloading from central-https: https://repo.maven.apache.org/maven2/org/sonatype/aether/aether-spi/1.13.1/aether-spi-1.13.1.pom
Downloaded from central-https: https://repo.maven.apache.org/maven2/org/sonatype/aether/aether-spi/1.13.1/aether-spi-1.13.1.pom (0 B at 0 B/s)
Downloading from central-https: https://repo.maven.apache.org/maven2/org/sonatype/aether/aether-util/1.13.1/aether-util-1.13.1.pom
Downloaded from central-https: https://repo.maven.apache.org/maven2/org/sonatype/aether/aether-util/1.13.1/aether-util-1.13.1.pom (0 B at 0 B/s)
Downloading from central-https: https://repo.maven.apache.org/maven2/org/sonatype/aether/aether-impl/1.13.1/aether-impl-1.13.1.pom
Downloaded from central-https: https://repo.maven.apache.org/maven2/org/sonatype/aether/aether-impl/1.13.1/aether-impl-1.13.1.pom (0 B at 0 B/s)
Downloading from central-https: https://repo.maven.apache.org/maven2/org/apache/maven/maven-archiver/2.4/maven-archiver-2.4.pom
Downloaded from central-https: https://repo.maven.apache.org/maven2/org/apache/maven/maven-archiver/2.4/maven-archiver-2.4.pom (0 B at 0 B/s)
Downloading from central-https: https://repo.maven.apache.org/maven2/org/apache/maven/maven-project/2.0/maven-project-2.0.pom
Downloaded from central-https: https://repo.maven.apache.org/maven2/org/apache/maven/maven-project/2.0/maven-project-2.0.pom (0 B at 0 B/s)
Downloading from central-https: https://repo.maven.apache.org/maven2/org/apache/maven/maven-profile/2.0/maven-profile-2.0.pom
Downloaded from central-https: https://repo.maven.apache.org/maven2/org/apache/maven/maven-profile/2.0/maven-profile-2.0.pom (0 B at 0 B/s)
Downloading from jboss-releases-plugins: https://repository.jboss.org/nexus/content/repositories/releases/junit/junit/4.8.2/junit-4.8.2.pom
Downloading from central-https: https://repo.maven.apache.org/maven2/junit/junit/4.8.2/junit-4.8.2.pom
Downloaded from central-https: https://repo.maven.apache.org/maven2/junit/junit/4.8.2/junit-4.8.2.pom (0 B at 0 B/s)
Downloading from central-https: https://repo.maven.apache.org/maven2/org/apache/maven/maven-artifact-manager/2.0/maven-artifact-manager-2.0.pom
Downloaded from central-https: https://repo.maven.apache.org/maven2/org/apache/maven/maven-artifact-manager/2.0/maven-artifact-manager-2.0.pom (0 B at 0 B/s)
Downloading from central-https: https://repo.maven.apache.org/maven2/org/apache/maven/maven-repository-metadata/2.0/maven-repository-metadata-2.0.pom
Downloaded from central-https: https://repo.maven.apache.org/maven2/org/apache/maven/maven-repository-metadata/2.0/maven-repository-metadata-2.0.pom (0 B at 0 B/s)
Downloading from central-https: https://repo.maven.apache.org/maven2/org/codehaus/plexus/plexus-archiver/1.0-alpha-11/plexus-archiver-1.0-alpha-11.pom
Downloaded from central-https: https://repo.maven.apache.org/maven2/org/codehaus/plexus/plexus-archiver/1.0-alpha-11/plexus-archiver-1.0-alpha-11.pom (0 B at 0 B/s)
Downloading from central-https: https://repo.maven.apache.org/maven2/org/codehaus/plexus/plexus-components/1.1.9/plexus-components-1.1.9.pom
Downloaded from central-https: https://repo.maven.apache.org/maven2/org/codehaus/plexus/plexus-components/1.1.9/plexus-components-1.1.9.pom (0 B at 0 B/s)
Downloading from central-https: https://repo.maven.apache.org/maven2/org/codehaus/plexus/plexus-container-default/1.0-alpha-15/plexus-container-default-1.0-alpha-15.pom
Downloaded from central-https: https://repo.maven.apache.org/maven2/org/codehaus/plexus/plexus-container-default/1.0-alpha-15/plexus-container-default-1.0-alpha-15.pom (0 B at 0 B/s)
Downloading from central-https: https://repo.maven.apache.org/maven2/org/codehaus/plexus/plexus-containers/1.0-alpha-15/plexus-containers-1.0-alpha-15.pom
Downloaded from central-https: https://repo.maven.apache.org/maven2/org/codehaus/plexus/plexus-containers/1.0-alpha-15/plexus-containers-1.0-alpha-15.pom (0 B at 0 B/s)
Downloading from central-https: https://repo.maven.apache.org/maven2/org/codehaus/plexus/plexus-component-api/1.0-alpha-15/plexus-component-api-1.0-alpha-15.pom
Downloaded from central-https: https://repo.maven.apache.org/maven2/org/codehaus/plexus/plexus-component-api/1.0-alpha-15/plexus-component-api-1.0-alpha-15.pom (0 B at 0 B/s)
Downloading from central-https: https://repo.maven.apache.org/maven2/org/codehaus/plexus/plexus-classworlds/1.2-alpha-6/plexus-classworlds-1.2-alpha-6.pom
Downloaded from central-https: https://repo.maven.apache.org/maven2/org/codehaus/plexus/plexus-classworlds/1.2-alpha-6/plexus-classworlds-1.2-alpha-6.pom (0 B at 0 B/s)
Downloading from central-https: https://repo.maven.apache.org/maven2/org/codehaus/plexus/plexus-io/1.0-alpha-3/plexus-io-1.0-alpha-3.pom
Downloaded from central-https: https://repo.maven.apache.org/maven2/org/codehaus/plexus/plexus-io/1.0-alpha-3/plexus-io-1.0-alpha-3.pom (0 B at 0 B/s)
Downloading from central-https: https://repo.maven.apache.org/maven2/org/codehaus/plexus/plexus-component-api/1.0-alpha-16/plexus-component-api-1.0-alpha-16.pom
Downloaded from central-https: https://repo.maven.apache.org/maven2/org/codehaus/plexus/plexus-component-api/1.0-alpha-16/plexus-component-api-1.0-alpha-16.pom (0 B at 0 B/s)
Downloading from central-https: https://repo.maven.apache.org/maven2/org/codehaus/plexus/plexus-containers/1.0-alpha-16/plexus-containers-1.0-alpha-16.pom
Downloaded from central-https: https://repo.maven.apache.org/maven2/org/codehaus/plexus/plexus-containers/1.0-alpha-16/plexus-containers-1.0-alpha-16.pom (0 B at 0 B/s)
Downloading from central-https: https://repo.maven.apache.org/maven2/org/codehaus/plexus/plexus-interpolation/1.6/plexus-interpolation-1.6.pom
Downloaded from central-https: https://repo.maven.apache.org/maven2/org/codehaus/plexus/plexus-interpolation/1.6/plexus-interpolation-1.6.pom (0 B at 0 B/s)
Downloading from central-https: https://repo.maven.apache.org/maven2/org/codehaus/plexus/plexus-velocity/1.1.2/plexus-velocity-1.1.2.pom
Downloaded from central-https: https://repo.maven.apache.org/maven2/org/codehaus/plexus/plexus-velocity/1.1.2/plexus-velocity-1.1.2.pom (0 B at 0 B/s)
Downloading from central-https: https://repo.maven.apache.org/maven2/org/codehaus/plexus/plexus-container-default/1.0-alpha-7/plexus-container-default-1.0-alpha-7.pom
Downloaded from central-https: https://repo.maven.apache.org/maven2/org/codehaus/plexus/plexus-container-default/1.0-alpha-7/plexus-container-default-1.0-alpha-7.pom (0 B at 0 B/s)
Downloading from central-https: https://repo.maven.apache.org/maven2/plexus/plexus-containers/1.0.2/plexus-containers-1.0.2.pom
Downloaded from central-https: https://repo.maven.apache.org/maven2/plexus/plexus-containers/1.0.2/plexus-containers-1.0.2.pom (0 B at 0 B/s)
Downloading from central-https: https://repo.maven.apache.org/maven2/plexus/plexus-root/1.0.3/plexus-root-1.0.3.pom
Downloaded from central-https: https://repo.maven.apache.org/maven2/plexus/plexus-root/1.0.3/plexus-root-1.0.3.pom (0 B at 0 B/s)
Downloading from central-https: https://repo.maven.apache.org/maven2/plexus/plexus-utils/1.0.2/plexus-utils-1.0.2.pom
Downloaded from central-https: https://repo.maven.apache.org/maven2/plexus/plexus-utils/1.0.2/plexus-utils-1.0.2.pom (0 B at 0 B/s)
Downloading from central-https: https://repo.maven.apache.org/maven2/commons-logging/commons-logging-api/1.0.4/commons-logging-api-1.0.4.pom
Downloaded from central-https: https://repo.maven.apache.org/maven2/commons-logging/commons-logging-api/1.0.4/commons-logging-api-1.0.4.pom (0 B at 0 B/s)
Downloading from central-https: https://repo.maven.apache.org/maven2/velocity/velocity/1.4/velocity-1.4.pom
Downloaded from central-https: https://repo.maven.apache.org/maven2/velocity/velocity/1.4/velocity-1.4.pom (0 B at 0 B/s)
Downloading from central-https: https://repo.maven.apache.org/maven2/velocity/velocity-dep/1.4/velocity-dep-1.4.pom
Downloaded from central-https: https://repo.maven.apache.org/maven2/velocity/velocity-dep/1.4/velocity-dep-1.4.pom (0 B at 0 B/s)
Downloading from jboss-releases-plugins: https://repository.jboss.org/nexus/content/repositories/releases/xmlunit/xmlunit/1.2/xmlunit-1.2.pom
Downloading from central-https: https://repo.maven.apache.org/maven2/xmlunit/xmlunit/1.2/xmlunit-1.2.pom
Downloaded from central-https: https://repo.maven.apache.org/maven2/xmlunit/xmlunit/1.2/xmlunit-1.2.pom (0 B at 0 B/s)
Downloading from jboss-releases-plugins: https://repository.jboss.org/nexus/content/repositories/releases/com/google/guava/guava/11.0.2/guava-11.0.2.pom
Downloading from central-https: https://repo.maven.apache.org/maven2/com/google/guava/guava/11.0.2/guava-11.0.2.pom
Downloaded from central-https: https://repo.maven.apache.org/maven2/com/google/guava/guava/11.0.2/guava-11.0.2.pom (0 B at 0 B/s)
Downloading from jboss-releases-plugins: https://repository.jboss.org/nexus/content/repositories/releases/com/google/guava/guava-parent/11.0.2/guava-parent-11.0.2.pom
Downloading from central-https: https://repo.maven.apache.org/maven2/com/google/guava/guava-parent/11.0.2/guava-parent-11.0.2.pom
Downloaded from central-https: https://repo.maven.apache.org/maven2/com/google/guava/guava-parent/11.0.2/guava-parent-11.0.2.pom (0 B at 0 B/s)
Downloading from jboss-releases-plugins: https://repository.jboss.org/nexus/content/repositories/releases/com/google/code/findbugs/jsr305/1.3.9/jsr305-1.3.9.pom
Downloading from central-https: https://repo.maven.apache.org/maven2/com/google/code/findbugs/jsr305/1.3.9/jsr305-1.3.9.pom
Downloaded from central-https: https://repo.maven.apache.org/maven2/com/google/code/findbugs/jsr305/1.3.9/jsr305-1.3.9.pom (0 B at 0 B/s)
Downloading from jboss-releases-plugins: https://repository.jboss.org/nexus/content/repositories/releases/org/jboss/spec/jboss-javaee-6.0/3.0.2.Final/jboss-javaee-6.0-3.0.2.Final.pom
Downloading from jboss-releases-plugins: https://repository.jboss.org/nexus/content/repositories/releases/junit/junit/4.8.2/junit-4.8.2.jar
Downloading from jboss-releases-plugins: https://repository.jboss.org/nexus/content/repositories/releases/org/jboss/spec/javax/faces/jboss-jsf-api_2.1_spec/2.0.9.Final/jboss-jsf-api_2.1_spec-2.0.9.Final.jar
Downloading from jboss-releases-plugins: https://repository.jboss.org/nexus/content/repositories/releases/com/google/guava/guava/11.0.2/guava-11.0.2.jar
Downloading from jboss-releases-plugins: https://repository.jboss.org/nexus/content/repositories/releases/com/google/code/findbugs/jsr305/1.3.9/jsr305-1.3.9.jar
Downloaded from jboss-releases-plugins: https://repository.jboss.org/nexus/content/repositories/releases/org/jboss/spec/javax/faces/jboss-jsf-api_2.1_spec/2.0.9.Final/jboss-jsf-api_2.1_spec-2.0.9.Final.jar (0 B at 0 B/s)
Downloading from jboss-releases-plugins: https://repository.jboss.org/nexus/content/repositories/releases/xmlunit/xmlunit/1.2/xmlunit-1.2.jar
Downloaded from jboss-releases-plugins: https://repository.jboss.org/nexus/content/repositories/releases/org/jboss/spec/jboss-javaee-6.0/3.0.2.Final/jboss-javaee-6.0-3.0.2.Final.pom (0 B at 0 B/s)
Downloading from central-https: https://repo.maven.apache.org/maven2/org/apache/maven/maven-artifact/3.0.4/maven-artifact-3.0.4.jar
Downloading from central-https: https://repo.maven.apache.org/maven2/org/apache/maven/maven-plugin-api/3.0.4/maven-plugin-api-3.0.4.jar
Downloading from central-https: https://repo.maven.apache.org/maven2/org/apache/maven/maven-model/3.0.4/maven-model-3.0.4.jar
Downloading from central-https: https://repo.maven.apache.org/maven2/org/sonatype/sisu/sisu-inject-plexus/2.3.0/sisu-inject-plexus-2.3.0.jar
Downloading from central-https: https://repo.maven.apache.org/maven2/org/sonatype/sisu/sisu-inject-bean/2.3.0/sisu-inject-bean-2.3.0.jar
Downloaded from central-https: https://repo.maven.apache.org/maven2/org/sonatype/sisu/sisu-inject-bean/2.3.0/sisu-inject-bean-2.3.0.jar (0 B at 0 B/s)
Downloaded from central-https: https://repo.maven.apache.org/maven2/org/apache/maven/maven-model/3.0.4/maven-model-3.0.4.jar (0 B at 0 B/s)
Downloaded from central-https: https://repo.maven.apache.org/maven2/org/apache/maven/maven-artifact/3.0.4/maven-artifact-3.0.4.jar (0 B at 0 B/s)
Downloading from central-https: https://repo.maven.apache.org/maven2/org/apache/maven/maven-settings-builder/3.0.4/maven-settings-builder-3.0.4.jar
Downloaded from central-https: https://repo.maven.apache.org/maven2/org/apache/maven/maven-plugin-api/3.0.4/maven-plugin-api-3.0.4.jar (0 B at 0 B/s)
Downloading from central-https: https://repo.maven.apache.org/maven2/org/apache/maven/maven-settings/3.0.4/maven-settings-3.0.4.jar
Downloaded from central-https: https://repo.maven.apache.org/maven2/org/sonatype/sisu/sisu-inject-plexus/2.3.0/sisu-inject-plexus-2.3.0.jar (0 B at 0 B/s)
Downloading from central-https: https://repo.maven.apache.org/maven2/org/apache/maven/maven-model-builder/3.0.4/maven-model-builder-3.0.4.jar
Downloading from central-https: https://repo.maven.apache.org/maven2/org/apache/maven/maven-core/3.0.4/maven-core-3.0.4.jar
Downloading from central-https: https://repo.maven.apache.org/maven2/org/apache/maven/maven-repository-metadata/3.0.4/maven-repository-metadata-3.0.4.jar
Downloaded from central-https: https://repo.maven.apache.org/maven2/org/apache/maven/maven-core/3.0.4/maven-core-3.0.4.jar (0 B at 0 B/s)
Downloaded from central-https: https://repo.maven.apache.org/maven2/org/apache/maven/maven-model-builder/3.0.4/maven-model-builder-3.0.4.jar (0 B at 0 B/s)
Downloading from central-https: https://repo.maven.apache.org/maven2/org/sonatype/aether/aether-spi/1.13.1/aether-spi-1.13.1.jar
Downloaded from central-https: https://repo.maven.apache.org/maven2/org/apache/maven/maven-repository-metadata/3.0.4/maven-repository-metadata-3.0.4.jar (0 B at 0 B/s)
Downloaded from central-https: https://repo.maven.apache.org/maven2/org/apache/maven/maven-settings-builder/3.0.4/maven-settings-builder-3.0.4.jar (0 B at 0 B/s)
Downloading from central-https: https://repo.maven.apache.org/maven2/org/sonatype/aether/aether-impl/1.13.1/aether-impl-1.13.1.jar
Downloaded from central-https: https://repo.maven.apache.org/maven2/org/apache/maven/maven-settings/3.0.4/maven-settings-3.0.4.jar (0 B at 0 B/s)
Downloading from central-https: https://repo.maven.apache.org/maven2/org/sonatype/aether/aether-util/1.13.1/aether-util-1.13.1.jar
Downloading from central-https: https://repo.maven.apache.org/maven2/org/sonatype/aether/aether-api/1.13.1/aether-api-1.13.1.jar
Downloading from central-https: https://repo.maven.apache.org/maven2/org/apache/maven/maven-aether-provider/3.0.4/maven-aether-provider-3.0.4.jar
Downloaded from central-https: https://repo.maven.apache.org/maven2/org/sonatype/aether/aether-spi/1.13.1/aether-spi-1.13.1.jar (0 B at 0 B/s)
Downloaded from central-https: https://repo.maven.apache.org/maven2/org/sonatype/aether/aether-api/1.13.1/aether-api-1.13.1.jar (0 B at 0 B/s)
Downloading from central-https: https://repo.maven.apache.org/maven2/org/codehaus/plexus/plexus-classworlds/2.4/plexus-classworlds-2.4.jar
Downloaded from central-https: https://repo.maven.apache.org/maven2/org/sonatype/aether/aether-util/1.13.1/aether-util-1.13.1.jar (0 B at 0 B/s)
Downloading from central-https: https://repo.maven.apache.org/maven2/org/apache/maven/maven-project/2.0/maven-project-2.0.jar
Downloaded from central-https: https://repo.maven.apache.org/maven2/org/apache/maven/maven-aether-provider/3.0.4/maven-aether-provider-3.0.4.jar (0 B at 0 B/s)
Downloading from central-https: https://repo.maven.apache.org/maven2/org/apache/maven/maven-profile/2.0/maven-profile-2.0.jar
Downloaded from central-https: https://repo.maven.apache.org/maven2/org/sonatype/aether/aether-impl/1.13.1/aether-impl-1.13.1.jar (0 B at 0 B/s)
Downloading from central-https: https://repo.maven.apache.org/maven2/org/apache/maven/maven-artifact-manager/2.0/maven-artifact-manager-2.0.jar
Downloading from central-https: https://repo.maven.apache.org/maven2/org/apache/maven/maven-archiver/2.4/maven-archiver-2.4.jar
Downloaded from central-https: https://repo.maven.apache.org/maven2/org/apache/maven/maven-archiver/2.4/maven-archiver-2.4.jar (0 B at 0 B/s)
Downloaded from central-https: https://repo.maven.apache.org/maven2/org/apache/maven/maven-project/2.0/maven-project-2.0.jar (0 B at 0 B/s)
Downloading from central-https: https://repo.maven.apache.org/maven2/org/codehaus/plexus/plexus-component-api/1.0-alpha-15/plexus-component-api-1.0-alpha-15.jar
Downloaded from central-https: https://repo.maven.apache.org/maven2/org/apache/maven/maven-artifact-manager/2.0/maven-artifact-manager-2.0.jar (0 B at 0 B/s)
Downloading from central-https: https://repo.maven.apache.org/maven2/org/codehaus/plexus/plexus-io/1.0-alpha-3/plexus-io-1.0-alpha-3.jar
Downloaded from central-https: https://repo.maven.apache.org/maven2/org/apache/maven/maven-profile/2.0/maven-profile-2.0.jar (0 B at 0 B/s)
Downloading from central-https: https://repo.maven.apache.org/maven2/junit/junit/4.8.2/junit-4.8.2.jar
Downloaded from central-https: https://repo.maven.apache.org/maven2/org/codehaus/plexus/plexus-classworlds/2.4/plexus-classworlds-2.4.jar (0 B at 0 B/s)
Downloading from central-https: https://repo.maven.apache.org/maven2/org/codehaus/plexus/plexus-velocity/1.1.2/plexus-velocity-1.1.2.jar
Downloading from central-https: https://repo.maven.apache.org/maven2/org/codehaus/plexus/plexus-archiver/1.0-alpha-11/plexus-archiver-1.0-alpha-11.jar
Downloaded from central-https: https://repo.maven.apache.org/maven2/org/codehaus/plexus/plexus-velocity/1.1.2/plexus-velocity-1.1.2.jar (0 B at 0 B/s)
Downloaded from central-https: https://repo.maven.apache.org/maven2/org/codehaus/plexus/plexus-archiver/1.0-alpha-11/plexus-archiver-1.0-alpha-11.jar (0 B at 0 B/s)
Downloaded from central-https: https://repo.maven.apache.org/maven2/org/codehaus/plexus/plexus-component-api/1.0-alpha-15/plexus-component-api-1.0-alpha-15.jar (0 B at 0 B/s)
Downloaded from central-https: https://repo.maven.apache.org/maven2/org/codehaus/plexus/plexus-io/1.0-alpha-3/plexus-io-1.0-alpha-3.jar (0 B at 0 B/s)
Downloading from central-https: https://repo.maven.apache.org/maven2/velocity/velocity/1.4/velocity-1.4.jar
Downloading from central-https: https://repo.maven.apache.org/maven2/commons-logging/commons-logging-api/1.0.4/commons-logging-api-1.0.4.jar
Downloading from central-https: https://repo.maven.apache.org/maven2/commons-collections/commons-collections/2.0/commons-collections-2.0.jar
Downloading from central-https: https://repo.maven.apache.org/maven2/plexus/plexus-utils/1.0.2/plexus-utils-1.0.2.jar
Downloaded from central-https: https://repo.maven.apache.org/maven2/junit/junit/4.8.2/junit-4.8.2.jar (0 B at 0 B/s)
Downloading from central-https: https://repo.maven.apache.org/maven2/velocity/velocity-dep/1.4/velocity-dep-1.4.jar
Downloaded from central-https: https://repo.maven.apache.org/maven2/commons-collections/commons-collections/2.0/commons-collections-2.0.jar (0 B at 0 B/s)
Downloaded from central-https: https://repo.maven.apache.org/maven2/plexus/plexus-utils/1.0.2/plexus-utils-1.0.2.jar (0 B at 0 B/s)
Downloading from central-https: https://repo.maven.apache.org/maven2/com/google/guava/guava/11.0.2/guava-11.0.2.jar
Downloading from central-https: https://repo.maven.apache.org/maven2/com/google/code/findbugs/jsr305/1.3.9/jsr305-1.3.9.jar
Downloaded from central-https: https://repo.maven.apache.org/maven2/commons-logging/commons-logging-api/1.0.4/commons-logging-api-1.0.4.jar (0 B at 0 B/s)
Downloading from central-https: https://repo.maven.apache.org/maven2/xmlunit/xmlunit/1.2/xmlunit-1.2.jar
Downloaded from central-https: https://repo.maven.apache.org/maven2/velocity/velocity-dep/1.4/velocity-dep-1.4.jar (0 B at 0 B/s)
Downloaded from central-https: https://repo.maven.apache.org/maven2/velocity/velocity/1.4/velocity-1.4.jar (0 B at 0 B/s)
Downloaded from central-https: https://repo.maven.apache.org/maven2/xmlunit/xmlunit/1.2/xmlunit-1.2.jar (0 B at 0 B/s)
Downloaded from central-https: https://repo.maven.apache.org/maven2/com/google/guava/guava/11.0.2/guava-11.0.2.jar (0 B at 0 B/s)
Downloaded from central-https: https://repo.maven.apache.org/maven2/com/google/code/findbugs/jsr305/1.3.9/jsr305-1.3.9.jar (0 B at 0 B/s)
[[1;34mINFO[m] [module instantiation started]
[[1;34mINFO[m] [module instantiation completed: 238 ms]
[[1;34mINFO[m] [loading cache started: java]
[[1;34mINFO[m] [loading cache completed: 2 ms]
[[1;34mINFO[m] [java source processing started]
[[1;33mWARNING[m] Supported source version 'RELEASE_6' from annotation processor 'org.richfaces.cdk.apt.CdkProcessorImpl' less than -source '1.8'
[[1;34mINFO[m] [java source processing completed: 108 ms]
[[1;34mINFO[m] [non-java source processing started]
[[1;34mINFO[m] [builder started: RendererTemplateParser]
[[1;34mINFO[m] [builder completed: 0 ms]
[[1;34mINFO[m] [builder started: FacesConfigParser]
[[1;34mINFO[m] [builder completed: 0 ms]
[[1;34mINFO[m] [non-java source processing completed: 1 ms]
[[1;34mINFO[m] [library completion started]
[[1;34mINFO[m] [library completion completed: 0 ms]
[[1;34mINFO[m] [library verification started]
[[1;34mINFO[m] [library verification completed: 0 ms]
[[1;34mINFO[m] [library generation started]
[[1;34mINFO[m] [generator started: ComponentClassGenerator]
[[1;34mINFO[m] [generator completed: 0 ms]
[[1;34mINFO[m] [generator started: ConverterClassGenerator]
[[1;34mINFO[m] [generator completed: 0 ms]
[[1;34mINFO[m] [generator started: ValidatorClassGenerator]
[[1;34mINFO[m] [generator completed: 0 ms]
[[1;34mINFO[m] [generator started: BehaviorClassGenerator]
[[1;34mINFO[m] [generator completed: 0 ms]
[[1;34mINFO[m] [generator started: EventSourceInterfaceGenerator]
[[1;34mINFO[m] [generator completed: 0 ms]
[[1;34mINFO[m] [generator started: TagHandlerWriter]
[[1;34mINFO[m] [generator completed: 0 ms]
[[1;34mINFO[m] [generator started: ListenerTagHandlerGenerator]
[[1;34mINFO[m] [generator completed: 0 ms]
[[1;34mINFO[m] [generator started: RendererClassGenerator]
[[1;34mINFO[m] [generator completed: 0 ms]
[[1;34mINFO[m] [generator started: FacesConfigGenerator]
[[1;34mINFO[m] [generator completed: 0 ms]
[[1;34mINFO[m] [generator started: TaglibWriter]
[[1;34mINFO[m] [generator completed: 11 ms]
[[1;34mINFO[m] [library generation completed: 12 ms]
[[1;34mINFO[m] 
[[1;34mINFO[m] [1m--- [0;32mmaven-resources-plugin:3.0.0:resources[m [1m(default-resources)[m @ [36mrichfaces-core[0;1m ---[m
[[1;34mINFO[m] Using 'UTF-8' encoding to copy filtered resources.
[[1;34mINFO[m] ignoreDelta true
[[1;34mINFO[m] Copying 144 resources
[[1;34mINFO[m] Copying file org/richfaces/cache/oscache.properties
[[1;34mINFO[m] Copying file org/richfaces/cache/ehcache-failsafe-richfaces.xml
[[1;34mINFO[m] Copying file org/richfaces/messages.properties
[[1;34mINFO[m] Copying file org/richfaces/resource/resource-serialization.properties
[[1;34mINFO[m] Copying file META-INF/services/javax.servlet.ServletContainerInitializer
[[1;34mINFO[m] Copying file META-INF/services/javax.enterprise.inject.spi.Extension
[[1;34mINFO[m] Copying file META-INF/skins/wine.skin.properties
[[1;34mINFO[m] Copying file META-INF/skins/classic.skin.properties
[[1;34mINFO[m] Copying file META-INF/skins/emeraldTown.skin.properties
[[1;34mINFO[m] Copying file META-INF/skins/deepMarine.skin.properties
[[1;34mINFO[m] Copying file META-INF/skins/japanCherry.skin.properties
[[1;34mINFO[m] Copying file META-INF/skins/NULL.skin.properties
[[1;34mINFO[m] Copying file META-INF/skins/ruby.skin.properties
[[1;34mINFO[m] Copying file META-INF/skins/blueSky.skin.properties
[[1;34mINFO[m] Copying file META-INF/skins/DEFAULT.skin.properties
[[1;34mINFO[m] Copying file META-INF/skins/plain.skin.properties
[[1;34mINFO[m] Copying file META-INF/resources/net.java.dev.atmosphere/atmosphere.js
[[1;34mINFO[m] Copying file META-INF/resources/com.jqueryui/effect-shake.js
[[1;34mINFO[m] Copying file META-INF/resources/com.jqueryui/tooltip.js
[[1;34mINFO[m] Copying file META-INF/resources/com.jqueryui/effect-pulsate.js
[[1;34mINFO[m] Copying file META-INF/resources/com.jqueryui/effect.js
[[1;34mINFO[m] Copying file META-INF/resources/com.jqueryui/selectmenu.js
[[1;34mINFO[m] Copying file META-INF/resources/com.jqueryui/effect-scale.js
[[1;34mINFO[m] Copying file META-INF/resources/com.jqueryui/effect-slide.js
[[1;34mINFO[m] Copying file META-INF/resources/com.jqueryui/position.js
[[1;34mINFO[m] Copying file META-INF/resources/com.jqueryui/dialog.js
[[1;34mINFO[m] Copying file META-INF/resources/com.jqueryui/effect-drop.js
[[1;34mINFO[m] Copying file META-INF/resources/com.jqueryui/slider.js
[[1;34mINFO[m] Copying file META-INF/resources/com.jqueryui/widget.js
[[1;34mINFO[m] Copying file META-INF/resources/com.jqueryui/effect-size.js
[[1;34mINFO[m] Copying file META-INF/resources/com.jqueryui/button.js
[[1;34mINFO[m] Copying file META-INF/resources/com.jqueryui/autocomplete.js
[[1;34mINFO[m] Copying file META-INF/resources/com.jqueryui/effect-transfer.js
[[1;34mINFO[m] Copying file META-INF/resources/com.jqueryui/effect-puff.js
[[1;34mINFO[m] Copying file META-INF/resources/com.jqueryui/sortable.js
[[1;34mINFO[m] Copying file META-INF/resources/com.jqueryui/menu.js
[[1;34mINFO[m] Copying file META-INF/resources/com.jqueryui/spinner.js
[[1;34mINFO[m] Copying file META-INF/resources/com.jqueryui/effect-clip.js
[[1;34mINFO[m] Copying file META-INF/resources/com.jqueryui/effect-highlight.js
[[1;34mINFO[m] Copying file META-INF/resources/com.jqueryui/tabs.js
[[1;34mINFO[m] Copying file META-INF/resources/com.jqueryui/i18n/datepicker-hu.js
[[1;34mINFO[m] Copying file META-INF/resources/com.jqueryui/i18n/datepicker-cy-GB.js
[[1;34mINFO[m] Copying file META-INF/resources/com.jqueryui/i18n/datepicker-el.js
[[1;34mINFO[m] Copying file META-INF/resources/com.jqueryui/i18n/datepicker-en-GB.js
[[1;34mINFO[m] Copying file META-INF/resources/com.jqueryui/i18n/datepicker-is.js
[[1;34mINFO[m] Copying file META-INF/resources/com.jqueryui/i18n/datepicker-sr-SR.js
[[1;34mINFO[m] Copying file META-INF/resources/com.jqueryui/i18n/datepicker-eu.js
[[1;34mINFO[m] Copying file META-INF/resources/com.jqueryui/i18n/datepicker-fr-CH.js
[[1;34mINFO[m] Copying file META-INF/resources/com.jqueryui/i18n/datepicker-sv.js
[[1;34mINFO[m] Copying file META-INF/resources/com.jqueryui/i18n/datepicker-da.js
[[1;34mINFO[m] Copying file META-INF/resources/com.jqueryui/i18n/datepicker-bs.js
[[1;34mINFO[m] Copying file META-INF/resources/com.jqueryui/i18n/datepicker-km.js
[[1;34mINFO[m] Copying file META-INF/resources/com.jqueryui/i18n/datepicker-tj.js
[[1;34mINFO[m] Copying file META-INF/resources/com.jqueryui/i18n/datepicker-zh-TW.js
[[1;34mINFO[m] Copying file META-INF/resources/com.jqueryui/i18n/datepicker-uk.js
[[1;34mINFO[m] Copying file META-INF/resources/com.jqueryui/i18n/datepicker-lb.js
[[1;34mINFO[m] Copying file META-INF/resources/com.jqueryui/i18n/datepicker-ml.js
[[1;34mINFO[m] Copying file META-INF/resources/com.jqueryui/i18n/datepicker-sq.js
[[1;34mINFO[m] Copying file META-INF/resources/com.jqueryui/i18n/datepicker-ka.js
[[1;34mINFO[m] Copying file META-INF/resources/com.jqueryui/i18n/datepicker-et.js
[[1;34mINFO[m] Copying file META-INF/resources/com.jqueryui/i18n/datepicker-no.js
[[1;34mINFO[m] Copying file META-INF/resources/com.jqueryui/i18n/datepicker-ko.js
[[1;34mINFO[m] Copying file META-INF/resources/com.jqueryui/i18n/datepicker-af.js
[[1;34mINFO[m] Copying file META-INF/resources/com.jqueryui/i18n/datepicker-ta.js
[[1;34mINFO[m] Copying file META-INF/resources/com.jqueryui/i18n/datepicker-be.js
[[1;34mINFO[m] Copying file META-INF/resources/com.jqueryui/i18n/datepicker-sr.js
[[1;34mINFO[m] Copying file META-INF/resources/com.jqueryui/i18n/datepicker-fr.js
[[1;34mINFO[m] Copying file META-INF/resources/com.jqueryui/i18n/datepicker-hr.js
[[1;34mINFO[m] Copying file META-INF/resources/com.jqueryui/i18n/datepicker-en-AU.js
[[1;34mINFO[m] Copying file META-INF/resources/com.jqueryui/i18n/datepicker-pl.js
[[1;34mINFO[m] Copying file META-INF/resources/com.jqueryui/i18n/datepicker-id.js
[[1;34mINFO[m] Copying file META-INF/resources/com.jqueryui/i18n/datepicker-ro.js
[[1;34mINFO[m] Copying file META-INF/resources/com.jqueryui/i18n/datepicker-zh-HK.js
[[1;34mINFO[m] Copying file META-INF/resources/com.jqueryui/i18n/datepicker-lt.js
[[1;34mINFO[m] Copying file META-INF/resources/com.jqueryui/i18n/datepicker-sl.js
[[1;34mINFO[m] Copying file META-INF/resources/com.jqueryui/i18n/datepicker-he.js
[[1;34mINFO[m] Copying file META-INF/resources/com.jqueryui/i18n/datepicker-de.js
[[1;34mINFO[m] Copying file META-INF/resources/com.jqueryui/i18n/datepicker-hy.js
[[1;34mINFO[m] Copying file META-INF/resources/com.jqueryui/i18n/datepicker-ky.js
[[1;34mINFO[m] Copying file META-INF/resources/com.jqueryui/i18n/datepicker-tr.js
[[1;34mINFO[m] Copying file META-INF/resources/com.jqueryui/i18n/datepicker-ru.js
[[1;34mINFO[m] Copying file META-INF/resources/com.jqueryui/i18n/datepicker-en-NZ.js
[[1;34mINFO[m] Copying file META-INF/resources/com.jqueryui/i18n/datepicker-ja.js
[[1;34mINFO[m] Copying file META-INF/resources/com.jqueryui/i18n/datepicker-nl-BE.js
[[1;34mINFO[m] Copying file META-INF/resources/com.jqueryui/i18n/datepicker-nn.js
[[1;34mINFO[m] Copying file META-INF/resources/com.jqueryui/i18n/datepicker-nb.js
[[1;34mINFO[m] Copying file META-INF/resources/com.jqueryui/i18n/datepicker-it-CH.js
[[1;34mINFO[m] Copying file META-INF/resources/com.jqueryui/i18n/datepicker-th.js
[[1;34mINFO[m] Copying file META-INF/resources/com.jqueryui/i18n/datepicker-ms.js
[[1;34mINFO[m] Copying file META-INF/resources/com.jqueryui/i18n/datepicker-fa.js
[[1;34mINFO[m] Copying file META-INF/resources/com.jqueryui/i18n/datepicker-gl.js
[[1;34mINFO[m] Copying file META-INF/resources/com.jqueryui/i18n/datepicker-cs.js
[[1;34mINFO[m] Copying file META-INF/resources/com.jqueryui/i18n/datepicker-pt.js
[[1;34mINFO[m] Copying file META-INF/resources/com.jqueryui/i18n/datepicker-az.js
[[1;34mINFO[m] Copying file META-INF/resources/com.jqueryui/i18n/datepicker-fo.js
[[1;34mINFO[m] Copying file META-INF/resources/com.jqueryui/i18n/datepicker-es.js
[[1;34mINFO[m] Copying file META-INF/resources/com.jqueryui/i18n/datepicker-fr-CA.js
[[1;34mINFO[m] Copying file META-INF/resources/com.jqueryui/i18n/datepicker-sk.js
[[1;34mINFO[m] Copying file META-INF/resources/com.jqueryui/i18n/datepicker-ar-DZ.js
[[1;34mINFO[m] Copying file META-INF/resources/com.jqueryui/i18n/datepicker-hi.js
[[1;34mINFO[m] Copying file META-INF/resources/com.jqueryui/i18n/datepicker-pt-BR.js
[[1;34mINFO[m] Copying file META-INF/resources/com.jqueryui/i18n/datepicker-ar.js
[[1;34mINFO[m] Copying file META-INF/resources/com.jqueryui/i18n/datepicker-eo.js
[[1;34mINFO[m] Copying file META-INF/resources/com.jqueryui/i18n/datepicker-vi.js
[[1;34mINFO[m] Copying file META-INF/resources/com.jqueryui/i18n/datepicker-lv.js
[[1;34mINFO[m] Copying file META-INF/resources/com.jqueryui/i18n/datepicker-nl.js
[[1;34mINFO[m] Copying file META-INF/resources/com.jqueryui/i18n/datepicker-it.js
[[1;34mINFO[m] Copying file META-INF/resources/com.jqueryui/i18n/datepicker-fi.js
[[1;34mINFO[m] Copying file META-INF/resources/com.jqueryui/i18n/datepicker-mk.js
[[1;34mINFO[m] Copying file META-INF/resources/com.jqueryui/i18n/datepicker-zh-CN.js
[[1;34mINFO[m] Copying file META-INF/resources/com.jqueryui/i18n/datepicker-kk.js
[[1;34mINFO[m] Copying file META-INF/resources/com.jqueryui/i18n/datepicker-rm.js
[[1;34mINFO[m] Copying file META-INF/resources/com.jqueryui/i18n/datepicker-bg.js
[[1;34mINFO[m] Copying file META-INF/resources/com.jqueryui/i18n/datepicker-ca.js
[[1;34mINFO[m] Copying file META-INF/resources/com.jqueryui/effect-bounce.js
[[1;34mINFO[m] Copying file META-INF/resources/com.jqueryui/selectable.js
[[1;34mINFO[m] Copying file META-INF/resources/com.jqueryui/draggable.js
[[1;34mINFO[m] Copying file META-INF/resources/com.jqueryui/resizable.js
[[1;34mINFO[m] Copying file META-INF/resources/com.jqueryui/accordion.js
[[1;34mINFO[m] Copying file META-INF/resources/com.jqueryui/effect-blind.js
[[1;34mINFO[m] Copying file META-INF/resources/com.jqueryui/progressbar.js
[[1;34mINFO[m] Copying file META-INF/resources/com.jqueryui/mouse.js
[[1;34mINFO[m] Copying file META-INF/resources/com.jqueryui/core.js
[[1;34mINFO[m] Copying file META-INF/resources/com.jqueryui/effect-explode.js
[[1;34mINFO[m] Copying file META-INF/resources/com.jqueryui/datepicker.js
[[1;34mINFO[m] Copying file META-INF/resources/com.jqueryui/effect-fade.js
[[1;34mINFO[m] Copying file META-INF/resources/com.jqueryui/effect-fold.js
[[1;34mINFO[m] Copying file META-INF/resources/com.jqueryui/droppable.js
[[1;34mINFO[m] Copying file META-INF/resources/org.richfaces/jquery.focus.js
[[1;34mINFO[m] Copying file META-INF/resources/org.richfaces/richfaces-jsf-log.js
[[1;34mINFO[m] Copying file META-INF/resources/org.richfaces/skinning_both.ecss
[[1;34mINFO[m] Copying file META-INF/resources/org.richfaces/richfaces-utils.js
[[1;34mINFO[m] Copying file META-INF/resources/org.richfaces/push.js
[[1;34mINFO[m] Copying file META-INF/resources/org.richfaces/richfaces-event.js
[[1;34mINFO[m] Copying file META-INF/resources/org.richfaces/jquery.position.js
[[1;34mINFO[m] Copying file META-INF/resources/org.richfaces/richfaces-selection.js
[[1;34mINFO[m] Copying file META-INF/resources/org.richfaces/richfaces-base-component.js
[[1;34mINFO[m] Copying file META-INF/resources/org.richfaces/richfaces-csv.js
[[1;34mINFO[m] Copying file META-INF/resources/org.richfaces/skinning_classes.ecss
[[1;34mINFO[m] Copying file META-INF/resources/org.richfaces/richfaces.js
[[1;34mINFO[m] Copying file META-INF/resources/org.richfaces/jquery.js
[[1;34mINFO[m] Copying file META-INF/resources/org.richfaces/skinning.ecss
[[1;34mINFO[m] Copying file META-INF/resources/org.richfaces/richfaces-queue.js
[[1;34mINFO[m] Copying file META-INF/core.faces-config.xml
[[1;34mINFO[m] 
[[1;34mINFO[m] [1m--- [0;32mbuild-helper-maven-plugin:1.7:add-source[m [1m(add-source)[m @ [36mrichfaces-core[0;1m ---[m
[[1;34mINFO[m] Source directory: /RicksCafe/Git.Projects/richfaces/core/src/main/config added.
[[1;34mINFO[m] Source directory: /RicksCafe/Git.Projects/richfaces/core/src/main/resource-optimizer added.
[[1;34mINFO[m] Source directory: /RicksCafe/Git.Projects/richfaces/core/target/generated-sources/main/java added.
[[1;34mINFO[m] Source directory: /RicksCafe/Git.Projects/richfaces/core/target/generated-sources/main/resources added.
[[1;34mINFO[m] 
[[1;34mINFO[m] [1m--- [0;32mmaven-compiler-plugin:3.5.1:compile[m [1m(default-compile)[m @ [36mrichfaces-core[0;1m ---[m
[[1;34mINFO[m] Changes detected - recompiling the module!
[[1;34mINFO[m] Compiling 394 source files to /RicksCafe/Git.Projects/richfaces/core/target/classes
[[1;33mWARNING[m] bootstrap class path not set in conjunction with -source 1.6
[[1;34mINFO[m] /RicksCafe/Git.Projects/richfaces/core/src/main/java/org/richfaces/model/CollectionDataModel.java: Some input files use unchecked or unsafe operations.
[[1;34mINFO[m] /RicksCafe/Git.Projects/richfaces/core/src/main/java/org/richfaces/model/CollectionDataModel.java: Recompile with -Xlint:unchecked for details.
[[1;34mINFO[m] 
[[1;34mINFO[m] [1m--- [0;32mbuild-helper-maven-plugin:1.7:add-test-source[m [1m(add-integration-test-sources)[m @ [36mrichfaces-core[0;1m ---[m
[[1;34mINFO[m] Test Source directory: /RicksCafe/Git.Projects/richfaces/core/src/test/integration added.
[[1;34mINFO[m] 
[[1;34mINFO[m] [1m--- [0;32mmaven-resources-plugin:3.0.0:testResources[m [1m(default-testResources)[m @ [36mrichfaces-core[0;1m ---[m
[[1;34mINFO[m] Using 'UTF-8' encoding to copy filtered resources.
[[1;34mINFO[m] ignoreDelta true
[[1;34mINFO[m] Copying 94 resources
[[1;34mINFO[m] Copying file placeholder.txt
[[1;34mINFO[m] Copying file log4j.properties
[[1;34mINFO[m] Copying file WEB-INF/a-faces-config.xml
[[1;34mINFO[m] Copying file WEB-INF/faces-config.xml
[[1;34mINFO[m] Copying file WEB-INF/b-faces-config.xml
[[1;34mINFO[m] Copying file WEB-INF/web.xml
[[1;34mINFO[m] Copying file images/dnd/default.gif
[[1;34mINFO[m] Copying file images/dnd/reject.gif
[[1;34mINFO[m] Copying file images/dnd/accept.gif
[[1;34mINFO[m] Copying file images/square.jpg
[[1;34mINFO[m] Copying file org/richfaces/l10n/BundleLoaderMessages_en_US.properties
[[1;34mINFO[m] Copying file org/richfaces/l10n/AppMessages_by_BY.properties
[[1;34mINFO[m] Copying file org/richfaces/l10n/AppMessages_en_US.properties
[[1;34mINFO[m] Copying file org/richfaces/l10n/BundleLoaderMessages_ru_RU.properties
[[1;34mINFO[m] Copying file org/richfaces/faces-config.xml
[[1;34mINFO[m] Copying file org/richfaces/convert/testConverter.xhtml
[[1;34mINFO[m] Copying file org/richfaces/convert/testValidator.xhtml
[[1;34mINFO[m] Copying file org/richfaces/convert/test.xhtml
[[1;34mINFO[m] Copying file org/richfaces/convert/testConverter.js
[[1;34mINFO[m] Copying file org/richfaces/context/ComponentIdResolver.xhtml
[[1;34mINFO[m] Copying file org/richfaces/context/ComponentIdResolver.config.xml
[[1;34mINFO[m] Copying file org/richfaces/application/Messages.properties
[[1;34mINFO[m] Copying file org/richfaces/application/MessageFactoryImplTest_ru_RU.properties
[[1;34mINFO[m] Copying file org/richfaces/log/Resources.properties
[[1;34mINFO[m] Copying file org/richfaces/resource/simple.xhtml
[[1;34mINFO[m] Copying file org/richfaces/resource/mapping/mapping-test1.properties
[[1;34mINFO[m] Copying file org/richfaces/resource/mapping/mapping-test2.properties
[[1;34mINFO[m] Copying file resources/selector.css
[[1;34mINFO[m] Copying file resources/import.ecss
[[1;34mINFO[m] Copying file resources/fake.ecss
[[1;34mINFO[m] Copying file resources/selector.ecss
[[1;34mINFO[m] Copying file resources/import.css
[[1;34mINFO[m] Copying file resources/resource.css
[[1;34mINFO[m] Copying file resources/importedEL.css
[[1;34mINFO[m] Copying file resources/fake.css
[[1;34mINFO[m] Copying file resources/page.ecss
[[1;34mINFO[m] Copying file resources/skin.ecss
[[1;34mINFO[m] Copying file resources/fake2.ecss
[[1;34mINFO[m] Copying file resources/charset.ecss
[[1;34mINFO[m] Copying file resources/media.ecss
[[1;34mINFO[m] Copying file resources/fontface.ecss
[[1;34mINFO[m] Copying file resources/media.css
[[1;34mINFO[m] Copying file resources/importedEL.ecss
[[1;34mINFO[m] Copying file resources/defaultResourceHandlerResource.js
[[1;34mINFO[m] Copying file resources/skin.css
[[1;34mINFO[m] Copying file resources/fake2.css
[[1;34mINFO[m] Copying file resources/page.css
[[1;34mINFO[m] Copying file resources/full.ecss
[[1;34mINFO[m] Copying file resources/resource.ecss
[[1;34mINFO[m] Copying file resources/full.css
[[1;34mINFO[m] Copying file resources/charset.css
[[1;34mINFO[m] Copying file resources/fontface.css
[[1;34mINFO[m] Copying file bindedtest.skin.properties
[[1;34mINFO[m] Copying file test.web.root
[[1;34mINFO[m] Copying file javascript/richfaces-queue-qunit-getSize.js
[[1;34mINFO[m] Copying file javascript/richfaces-client-api.html
[[1;34mINFO[m] Copying file javascript/richfaces-queue-qunit-request.js
[[1;34mINFO[m] Copying file javascript/qunit/qunit.css
[[1;34mINFO[m] Copying file javascript/qunit/qunit.js
[[1;34mINFO[m] Copying file javascript/richfaces-event-qunit.js
[[1;34mINFO[m] Copying file javascript/timer-simulation.js
[[1;34mINFO[m] Copying file javascript/richfaces-queue-qunit-remove-stale-entries.js
[[1;34mINFO[m] Copying file javascript/jquery-position-qunit.js
[[1;34mINFO[m] Copying file javascript/richfaces-base-component-qunit.js
[[1;34mINFO[m] Copying file javascript/richfaces-qunit.js
[[1;34mINFO[m] Copying file javascript/richfaces-queue-qunit-clear.js
[[1;34mINFO[m] Copying file javascript/4_0_0.html
[[1;34mINFO[m] Copying file javascript/SourceRetriever.js
[[1;34mINFO[m] Copying file javascript/richfaces-queue-qunit-isEmpty.js
[[1;34mINFO[m] Copying file javascript/richfaces-jsf-ajax-qunit.js
[[1;34mINFO[m] Copying file javascript/richfaces-queue-qunit-submitFirst.js
[[1;34mINFO[m] Copying file META-INF/test.taglib.xml
[[1;34mINFO[m] Copying file META-INF/services/java.util.List
[[1;34mINFO[m] Copying file META-INF/skins/noref.skin.properties
[[1;34mINFO[m] Copying file META-INF/skins/dynatest.skin.properties
[[1;34mINFO[m] Copying file META-INF/skins/dynabase2.skin.properties
[[1;34mINFO[m] Copying file META-INF/skins/style_base.skin.properties
[[1;34mINFO[m] Copying file META-INF/skins/cyclic.skin.properties
[[1;34mINFO[m] Copying file META-INF/skins/dynabase1.skin.properties
[[1;34mINFO[m] Copying file META-INF/skins/DEFAULT.skin.properties
[[1;34mINFO[m] Copying file META-INF/skins/dynatest_base.skin.properties
[[1;34mINFO[m] Copying file META-INF/skins/test.skin.properties
[[1;34mINFO[m] Copying file META-INF/skins/style.skin.properties
[[1;34mINFO[m] Copying file META-INF/org.richfaces.resource.MarkerFileResourceImpl.resource.properties
[[1;34mINFO[m] Copying file META-INF/richfaces/org.richfaces/dynamic.library.properties
[[1;34mINFO[m] Copying file META-INF/richfaces/org.richfaces/static.library.properties
[[1;34mINFO[m] Copying file META-INF/richfaces/static-resource-mappings.properties
[[1;34mINFO[m] Copying file META-INF/richfaces/optimizedResourcesMapping/Static.properties
[[1;34mINFO[m] Copying file META-INF/resources/foo.bar/test_script.js
[[1;34mINFO[m] Copying file META-INF/resources/org.richfaces.resource.test/libraryResource.js
[[1;34mINFO[m] Copying file csv.xml
[[1;34mINFO[m] Copying file debug-logging.properties
[[1;34mINFO[m] Copying file beans.xml
[[1;34mINFO[m] Copying file test.skin.properties
[[1;34mINFO[m] ignoreDelta true
[[1;34mINFO[m] Copying 0 resource
[[1;34mINFO[m] ignoreDelta true
[[1;34mINFO[m] Copying 2 resources
[[1;34mINFO[m] Copying file arquillian.xml
[[1;34mINFO[m] Copying file readme.md
[[1;34mINFO[m] 
[[1;34mINFO[m] [1m--- [0;32mmaven-compiler-plugin:3.5.1:testCompile[m [1m(default-testCompile)[m @ [36mrichfaces-core[0;1m ---[m
[[1;34mINFO[m] Changes detected - recompiling the module!
[[1;34mINFO[m] Compiling 94 source files to /RicksCafe/Git.Projects/richfaces/core/target/test-classes
[[1;33mWARNING[m] bootstrap class path not set in conjunction with -source 1.6
[[1;34mINFO[m] /RicksCafe/Git.Projects/richfaces/core/src/test/java/org/richfaces/util/LRUMapTest.java: Some input files use unchecked or unsafe operations.
[[1;34mINFO[m] /RicksCafe/Git.Projects/richfaces/core/src/test/java/org/richfaces/util/LRUMapTest.java: Recompile with -Xlint:unchecked for details.
[[1;34mINFO[m] 
[[1;34mINFO[m] [1m--- [0;32mmaven-surefire-plugin:2.19.1:test[m [1m(default-test)[m @ [36mrichfaces-core[0;1m ---[m

-------------------------------------------------------
 T E S T S
-------------------------------------------------------
Running org.ajax4jsf.javascript.ResponseWriterWrapperTest
Tests run: 8, Failures: 0, Errors: 0, Skipped: 0, Time elapsed: 0.106 sec - in org.ajax4jsf.javascript.ResponseWriterWrapperTest
Running org.ajax4jsf.javascript.ScriptUtilsTest
Tests run: 25, Failures: 0, Errors: 0, Skipped: 0, Time elapsed: 0.058 sec - in org.ajax4jsf.javascript.ScriptUtilsTest
Running org.richfaces.renderkit.util.HtmlDimensionsTest
Tests run: 1, Failures: 0, Errors: 0, Skipped: 0, Time elapsed: 0.015 sec - in org.richfaces.renderkit.util.HtmlDimensionsTest
Running org.richfaces.codec.CodecTest
Tests run: 1, Failures: 0, Errors: 0, Skipped: 0, Time elapsed: 0.29 sec - in org.richfaces.codec.CodecTest
Running org.richfaces.io.io.FastBufferWriterTest
Tests run: 3, Failures: 0, Errors: 0, Skipped: 0, Time elapsed: 0.007 sec - in org.richfaces.io.io.FastBufferWriterTest
Running org.richfaces.io.io.FastBufferOutputStreamTest
Tests run: 2, Failures: 0, Errors: 0, Skipped: 0, Time elapsed: 0.001 sec - in org.richfaces.io.io.FastBufferOutputStreamTest
Running org.richfaces.cache.lru.CacheMapTest
Tests run: 2, Failures: 0, Errors: 0, Skipped: 0, Time elapsed: 0.002 sec - in org.richfaces.cache.lru.CacheMapTest
Running org.richfaces.cache.LRUMapCacheTest
Aug 19, 2026 12:59:15 PM org.jboss.test.faces.staging.StagingServer init
INFO: Init staging server
Aug 19, 2026 12:59:15 PM com.sun.faces.config.ConfigureListener contextInitialized
INFO: Initializing Mojarra 2.2.11 ( 20150505-0732 https://svn.java.net/svn/mojarra~svn/tags/2.2.11@14688) for context ''
Aug 19, 2026 12:59:15 PM com.sun.faces.config.ConfigureListener contextInitialized
WARNING: JSF1059: WARNING!  The com.sun.faces.verifyObjects feature is to aid developers not using tools.  It shouldn''t be enabled if using an IDE, or if this application is being deployed for production as it will impact application start times.
Aug 19, 2026 12:59:15 PM com.sun.faces.spi.InjectionProviderFactory createInstance
INFO: JSF1048: PostConstruct/PreDestroy annotations present.  ManagedBeans methods marked with these annotations will have said annotations processed.
Aug 19, 2026 12:59:16 PM org.richfaces.application.DefaultModule configure
WARNING: There was no service org.richfaces.focus.FocusManager found
Aug 19, 2026 12:59:16 PM org.richfaces.cache.CacheManager getCacheFactory
INFO: Configured to use [org.richfaces.cache.lru.LRUMapCacheFactory] cache factory
Aug 19, 2026 12:59:16 PM org.richfaces.cache.CacheManager getCacheFactory
INFO: Selected [org.richfaces.cache.lru.LRUMapCacheFactory]
Aug 19, 2026 12:59:16 PM org.richfaces.cache.lru.LRUMapCacheFactory createCache
INFO: Creating LRUMap cache instance using parameters: {com.sun.faces.verifyObjects=true, javax.faces.DEFAULT_SUFFIX=.xhtml, com.sun.faces.validateXml=true, javax.faces.PROJECT_STAGE=UnitTest, org.richfaces.cache.CACHE_MANAGER_FACTORY_CLASS=org.richfaces.cache.lru.LRUMapCacheFactory, javax.faces.STATE_SAVING_METHOD=server, org.richfaces.resourceCacheSize=64}
Aug 19, 2026 12:59:16 PM org.richfaces.cache.lru.LRUMapCacheFactory createCache
INFO: Creating LRUMap cache instance of 64 items capacity
Aug 19, 2026 12:59:16 PM org.richfaces.application.InitializationListener logWarningWhenConnectionFactoryPresent
WARNING: JMS API was found on the classpath; if you want to enable RichFaces Push JMS integration, set context-param 'org.richfaces.push.jms.enabled' in web.xml
Aug 19, 2026 12:59:16 PM org.richfaces.cache.CacheManager getCacheFactory
INFO: Configured to use [org.richfaces.cache.lru.LRUMapCacheFactory] cache factory
Aug 19, 2026 12:59:16 PM org.richfaces.cache.CacheManager getCacheFactory
INFO: Selected [org.richfaces.cache.lru.LRUMapCacheFactory]
Aug 19, 2026 12:59:16 PM org.richfaces.cache.lru.LRUMapCacheFactory createCache
INFO: Creating LRUMap cache instance using parameters: {com.sun.faces.verifyObjects=true, javax.faces.DEFAULT_SUFFIX=.xhtml, com.sun.faces.validateXml=true, javax.faces.PROJECT_STAGE=UnitTest, org.richfaces.cache.CACHE_MANAGER_FACTORY_CLASS=org.richfaces.cache.lru.LRUMapCacheFactory, javax.faces.STATE_SAVING_METHOD=server, org.richfaces.resourceCacheSize=64}
Aug 19, 2026 12:59:16 PM org.richfaces.cache.lru.LRUMapCacheFactory createCache
INFO: Creating LRUMap cache instance of 64 items capacity
Aug 19, 2026 12:59:16 PM org.jboss.test.faces.staging.StagingServer destroy
INFO: Staging server have been destroyed
Aug 19, 2026 12:59:16 PM org.jboss.test.faces.staging.StagingServer init
INFO: Init staging server
Aug 19, 2026 12:59:16 PM com.sun.faces.config.ConfigureListener contextInitialized
INFO: Initializing Mojarra 2.2.11 ( 20150505-0732 https://svn.java.net/svn/mojarra~svn/tags/2.2.11@14688) for context ''
Aug 19, 2026 12:59:16 PM com.sun.faces.config.ConfigureListener contextInitialized
WARNING: JSF1059: WARNING!  The com.sun.faces.verifyObjects feature is to aid developers not using tools.  It shouldn''t be enabled if using an IDE, or if this application is being deployed for production as it will impact application start times.
Aug 19, 2026 12:59:16 PM com.sun.faces.spi.InjectionProviderFactory createInstance
INFO: JSF1048: PostConstruct/PreDestroy annotations present.  ManagedBeans methods marked with these annotations will have said annotations processed.
Aug 19, 2026 12:59:16 PM org.richfaces.application.DefaultModule configure
WARNING: There was no service org.richfaces.focus.FocusManager found
Aug 19, 2026 12:59:16 PM org.richfaces.cache.CacheManager getCacheFactory
INFO: Configured to use [org.richfaces.cache.lru.LRUMapCacheFactory] cache factory
Aug 19, 2026 12:59:16 PM org.richfaces.cache.CacheManager getCacheFactory
INFO: Selected [org.richfaces.cache.lru.LRUMapCacheFactory]
Aug 19, 2026 12:59:16 PM org.richfaces.cache.lru.LRUMapCacheFactory createCache
INFO: Creating LRUMap cache instance using parameters: {com.sun.faces.verifyObjects=true, javax.faces.DEFAULT_SUFFIX=.xhtml, com.sun.faces.validateXml=true, javax.faces.PROJECT_STAGE=UnitTest, org.richfaces.cache.CACHE_MANAGER_FACTORY_CLASS=org.richfaces.cache.lru.LRUMapCacheFactory, javax.faces.STATE_SAVING_METHOD=server, org.richfaces.resourceCacheSize=64}
Aug 19, 2026 12:59:16 PM org.richfaces.cache.lru.LRUMapCacheFactory createCache
INFO: Creating LRUMap cache instance of 64 items capacity
Aug 19, 2026 12:59:16 PM org.richfaces.application.InitializationListener logWarningWhenConnectionFactoryPresent
WARNING: JMS API was found on the classpath; if you want to enable RichFaces Push JMS integration, set context-param 'org.richfaces.push.jms.enabled' in web.xml
Aug 19, 2026 12:59:16 PM org.jboss.test.faces.staging.StagingServer init
WARNING: Initial context factory builder already set.
Aug 19, 2026 12:59:16 PM org.richfaces.cache.CacheManager getCacheFactory
INFO: Configured to use [org.richfaces.cache.lru.LRUMapCacheFactory] cache factory
Aug 19, 2026 12:59:16 PM org.richfaces.cache.CacheManager getCacheFactory
INFO: Selected [org.richfaces.cache.lru.LRUMapCacheFactory]
Aug 19, 2026 12:59:16 PM org.richfaces.cache.lru.LRUMapCacheFactory createCache
INFO: Creating LRUMap cache instance using parameters: {com.sun.faces.verifyObjects=true, javax.faces.DEFAULT_SUFFIX=.xhtml, com.sun.faces.validateXml=true, javax.faces.PROJECT_STAGE=UnitTest, org.richfaces.cache.CACHE_MANAGER_FACTORY_CLASS=org.richfaces.cache.lru.LRUMapCacheFactory, javax.faces.STATE_SAVING_METHOD=server, org.richfaces.resourceCacheSize=64}
Aug 19, 2026 12:59:16 PM org.richfaces.cache.lru.LRUMapCacheFactory createCache
INFO: Creating LRUMap cache instance of 64 items capacity
Aug 19, 2026 12:59:20 PM org.jboss.test.faces.staging.StagingServer destroy
INFO: Staging server have been destroyed
Aug 19, 2026 12:59:20 PM org.jboss.test.faces.staging.StagingServer init
INFO: Init staging server
Aug 19, 2026 12:59:20 PM com.sun.faces.config.ConfigureListener contextInitialized
INFO: Initializing Mojarra 2.2.11 ( 20150505-0732 https://svn.java.net/svn/mojarra~svn/tags/2.2.11@14688) for context ''
Aug 19, 2026 12:59:20 PM com.sun.faces.config.ConfigureListener contextInitialized
WARNING: JSF1059: WARNING!  The com.sun.faces.verifyObjects feature is to aid developers not using tools.  It shouldn''t be enabled if using an IDE, or if this application is being deployed for production as it will impact application start times.
Aug 19, 2026 12:59:20 PM com.sun.faces.spi.InjectionProviderFactory createInstance
INFO: JSF1048: PostConstruct/PreDestroy annotations present.  ManagedBeans methods marked with these annotations will have said annotations processed.
Aug 19, 2026 12:59:20 PM org.richfaces.application.DefaultModule configure
WARNING: There was no service org.richfaces.focus.FocusManager found
Aug 19, 2026 12:59:20 PM org.richfaces.cache.CacheManager getCacheFactory
INFO: Configured to use [org.richfaces.cache.lru.LRUMapCacheFactory] cache factory
Aug 19, 2026 12:59:20 PM org.richfaces.cache.CacheManager getCacheFactory
INFO: Selected [org.richfaces.cache.lru.LRUMapCacheFactory]
Aug 19, 2026 12:59:20 PM org.richfaces.cache.lru.LRUMapCacheFactory createCache
INFO: Creating LRUMap cache instance using parameters: {com.sun.faces.verifyObjects=true, javax.faces.DEFAULT_SUFFIX=.xhtml, com.sun.faces.validateXml=true, javax.faces.PROJECT_STAGE=UnitTest, org.richfaces.cache.CACHE_MANAGER_FACTORY_CLASS=org.richfaces.cache.lru.LRUMapCacheFactory, javax.faces.STATE_SAVING_METHOD=server, org.richfaces.resourceCacheSize=64}
Aug 19, 2026 12:59:20 PM org.richfaces.cache.lru.LRUMapCacheFactory createCache
INFO: Creating LRUMap cache instance of 64 items capacity
Aug 19, 2026 12:59:20 PM org.richfaces.application.InitializationListener logWarningWhenConnectionFactoryPresent
WARNING: JMS API was found on the classpath; if you want to enable RichFaces Push JMS integration, set context-param 'org.richfaces.push.jms.enabled' in web.xml
Aug 19, 2026 12:59:20 PM org.jboss.test.faces.staging.StagingServer init
WARNING: Initial context factory builder already set.
Aug 19, 2026 12:59:20 PM org.richfaces.cache.CacheManager getCacheFactory
INFO: Configured to use [org.richfaces.cache.lru.LRUMapCacheFactory] cache factory
Aug 19, 2026 12:59:20 PM org.richfaces.cache.CacheManager getCacheFactory
INFO: Selected [org.richfaces.cache.lru.LRUMapCacheFactory]
Aug 19, 2026 12:59:20 PM org.richfaces.cache.lru.LRUMapCacheFactory createCache
INFO: Creating LRUMap cache instance using parameters: {com.sun.faces.verifyObjects=true, javax.faces.DEFAULT_SUFFIX=.xhtml, com.sun.faces.validateXml=true, javax.faces.PROJECT_STAGE=UnitTest, org.richfaces.cache.CACHE_MANAGER_FACTORY_CLASS=org.richfaces.cache.lru.LRUMapCacheFactory, javax.faces.STATE_SAVING_METHOD=server, org.richfaces.resourceCacheSize=64}
Aug 19, 2026 12:59:20 PM org.richfaces.cache.lru.LRUMapCacheFactory createCache
INFO: Creating LRUMap cache instance of 64 items capacity
Aug 19, 2026 12:59:20 PM org.jboss.test.faces.staging.StagingServer destroy
INFO: Staging server have been destroyed
Aug 19, 2026 12:59:20 PM org.jboss.test.faces.staging.StagingServer init
INFO: Init staging server
Aug 19, 2026 12:59:20 PM com.sun.faces.config.ConfigureListener contextInitialized
INFO: Initializing Mojarra 2.2.11 ( 20150505-0732 https://svn.java.net/svn/mojarra~svn/tags/2.2.11@14688) for context ''
Aug 19, 2026 12:59:20 PM com.sun.faces.config.ConfigureListener contextInitialized
WARNING: JSF1059: WARNING!  The com.sun.faces.verifyObjects feature is to aid developers not using tools.  It shouldn''t be enabled if using an IDE, or if this application is being deployed for production as it will impact application start times.
Aug 19, 2026 12:59:20 PM com.sun.faces.spi.InjectionProviderFactory createInstance
INFO: JSF1048: PostConstruct/PreDestroy annotations present.  ManagedBeans methods marked with these annotations will have said annotations processed.
Aug 19, 2026 12:59:20 PM org.richfaces.application.DefaultModule configure
WARNING: There was no service org.richfaces.focus.FocusManager found
Aug 19, 2026 12:59:20 PM org.richfaces.cache.CacheManager getCacheFactory
INFO: Configured to use [org.richfaces.cache.lru.LRUMapCacheFactory] cache factory
Aug 19, 2026 12:59:20 PM org.richfaces.cache.CacheManager getCacheFactory
INFO: Selected [org.richfaces.cache.lru.LRUMapCacheFactory]
Aug 19, 2026 12:59:20 PM org.richfaces.cache.lru.LRUMapCacheFactory createCache
INFO: Creating LRUMap cache instance using parameters: {com.sun.faces.verifyObjects=true, javax.faces.DEFAULT_SUFFIX=.xhtml, com.sun.faces.validateXml=true, javax.faces.PROJECT_STAGE=UnitTest, org.richfaces.cache.CACHE_MANAGER_FACTORY_CLASS=org.richfaces.cache.lru.LRUMapCacheFactory, javax.faces.STATE_SAVING_METHOD=server, org.richfaces.resourceCacheSize=64}
Aug 19, 2026 12:59:20 PM org.richfaces.cache.lru.LRUMapCacheFactory createCache
INFO: Creating LRUMap cache instance of 64 items capacity
Aug 19, 2026 12:59:20 PM org.richfaces.application.InitializationListener logWarningWhenConnectionFactoryPresent
WARNING: JMS API was found on the classpath; if you want to enable RichFaces Push JMS integration, set context-param 'org.richfaces.push.jms.enabled' in web.xml
Aug 19, 2026 12:59:20 PM org.jboss.test.faces.staging.StagingServer init
WARNING: Initial context factory builder already set.
Aug 19, 2026 12:59:20 PM org.richfaces.cache.CacheManager getCacheFactory
INFO: Configured to use [org.richfaces.cache.lru.LRUMapCacheFactory] cache factory
Aug 19, 2026 12:59:20 PM org.richfaces.cache.CacheManager getCacheFactory
INFO: Selected [org.richfaces.cache.lru.LRUMapCacheFactory]
Aug 19, 2026 12:59:20 PM org.richfaces.cache.lru.LRUMapCacheFactory createCache
INFO: Creating LRUMap cache instance using parameters: {com.sun.faces.verifyObjects=true, javax.faces.DEFAULT_SUFFIX=.xhtml, com.sun.faces.validateXml=true, javax.faces.PROJECT_STAGE=UnitTest, org.richfaces.cache.CACHE_MANAGER_FACTORY_CLASS=org.richfaces.cache.lru.LRUMapCacheFactory, javax.faces.STATE_SAVING_METHOD=server, org.richfaces.resourceCacheSize=64}
Aug 19, 2026 12:59:20 PM org.richfaces.cache.lru.LRUMapCacheFactory createCache
INFO: Creating LRUMap cache instance of 64 items capacity
Aug 19, 2026 12:59:22 PM org.jboss.test.faces.staging.StagingServer destroy
INFO: Staging server have been destroyed
Tests run: 4, Failures: 0, Errors: 0, Skipped: 0, Time elapsed: 7.515 sec - in org.richfaces.cache.LRUMapCacheTest
Running org.richfaces.cache.OsCacheTest
Aug 19, 2026 12:59:22 PM org.jboss.test.faces.staging.StagingServer init
INFO: Init staging server
Aug 19, 2026 12:59:22 PM com.sun.faces.config.ConfigureListener contextInitialized
INFO: Initializing Mojarra 2.2.11 ( 20150505-0732 https://svn.java.net/svn/mojarra~svn/tags/2.2.11@14688) for context ''
Aug 19, 2026 12:59:22 PM com.sun.faces.config.ConfigureListener contextInitialized
WARNING: JSF1059: WARNING!  The com.sun.faces.verifyObjects feature is to aid developers not using tools.  It shouldn''t be enabled if using an IDE, or if this application is being deployed for production as it will impact application start times.
Aug 19, 2026 12:59:23 PM com.sun.faces.spi.InjectionProviderFactory createInstance
INFO: JSF1048: PostConstruct/PreDestroy annotations present.  ManagedBeans methods marked with these annotations will have said annotations processed.
Aug 19, 2026 12:59:23 PM org.richfaces.application.DefaultModule configure
WARNING: There was no service org.richfaces.focus.FocusManager found
Aug 19, 2026 12:59:23 PM org.richfaces.cache.CacheManager getCacheFactory
INFO: Configured to use [org.richfaces.cache.OSCacheCacheFactory] cache factory
Aug 19, 2026 12:59:23 PM org.richfaces.cache.CacheManager getCacheFactory
INFO: Selected [org.richfaces.cache.OSCacheCacheFactory]
Aug 19, 2026 12:59:23 PM org.richfaces.cache.OSCacheCacheFactory createCache
INFO: Creating OSCache cache instance using parameters: {org.richfaces.cache.CACHE_MANAGER_FACTORY_CLASS=org.richfaces.cache.OSCacheCacheFactory, javax.faces.STATE_SAVING_METHOD=server, cache.memory=true, com.sun.faces.verifyObjects=true, org.richfaces.resourceCacheSize=64, javax.faces.DEFAULT_SUFFIX=.xhtml, cache.use.host.domain.in.key=true, com.sun.faces.validateXml=true, cache.blocking=true, javax.faces.PROJECT_STAGE=UnitTest}
Aug 19, 2026 12:59:23 PM org.richfaces.cache.OSCacheCacheFactory createCache
INFO: Maximum cache size hasn't been set, resetting to 64 max items
Aug 19, 2026 12:59:23 PM com.opensymphony.oscache.general.GeneralCacheAdministrator <init>
INFO: Constructed GeneralCacheAdministrator()
Aug 19, 2026 12:59:23 PM com.opensymphony.oscache.general.GeneralCacheAdministrator createCache
INFO: Creating new cache
Aug 19, 2026 12:59:23 PM org.richfaces.application.InitializationListener logWarningWhenConnectionFactoryPresent
WARNING: JMS API was found on the classpath; if you want to enable RichFaces Push JMS integration, set context-param 'org.richfaces.push.jms.enabled' in web.xml
Aug 19, 2026 12:59:23 PM org.jboss.test.faces.staging.StagingServer init
WARNING: Initial context factory builder already set.
Aug 19, 2026 12:59:23 PM org.richfaces.cache.CacheManager getCacheFactory
INFO: Configured to use [org.richfaces.cache.OSCacheCacheFactory] cache factory
Aug 19, 2026 12:59:23 PM org.richfaces.cache.CacheManager getCacheFactory
INFO: Selected [org.richfaces.cache.OSCacheCacheFactory]
Aug 19, 2026 12:59:23 PM org.richfaces.cache.OSCacheCacheFactory createCache
INFO: Creating OSCache cache instance using parameters: {org.richfaces.cache.CACHE_MANAGER_FACTORY_CLASS=org.richfaces.cache.OSCacheCacheFactory, javax.faces.STATE_SAVING_METHOD=server, cache.memory=true, com.sun.faces.verifyObjects=true, org.richfaces.resourceCacheSize=64, javax.faces.DEFAULT_SUFFIX=.xhtml, cache.use.host.domain.in.key=true, com.sun.faces.validateXml=true, cache.blocking=true, javax.faces.PROJECT_STAGE=UnitTest}
Aug 19, 2026 12:59:23 PM org.richfaces.cache.OSCacheCacheFactory createCache
INFO: Maximum cache size hasn't been set, resetting to 64 max items
Aug 19, 2026 12:59:23 PM com.opensymphony.oscache.general.GeneralCacheAdministrator <init>
INFO: Constructed GeneralCacheAdministrator()
Aug 19, 2026 12:59:23 PM com.opensymphony.oscache.general.GeneralCacheAdministrator createCache
INFO: Creating new cache
Aug 19, 2026 12:59:23 PM org.jboss.test.faces.staging.StagingServer destroy
INFO: Staging server have been destroyed
Aug 19, 2026 12:59:23 PM org.jboss.test.faces.staging.StagingServer init
INFO: Init staging server
Aug 19, 2026 12:59:23 PM com.sun.faces.config.ConfigureListener contextInitialized
INFO: Initializing Mojarra 2.2.11 ( 20150505-0732 https://svn.java.net/svn/mojarra~svn/tags/2.2.11@14688) for context ''
Aug 19, 2026 12:59:23 PM com.sun.faces.config.ConfigureListener contextInitialized
WARNING: JSF1059: WARNING!  The com.sun.faces.verifyObjects feature is to aid developers not using tools.  It shouldn''t be enabled if using an IDE, or if this application is being deployed for production as it will impact application start times.
Aug 19, 2026 12:59:23 PM com.sun.faces.spi.InjectionProviderFactory createInstance
INFO: JSF1048: PostConstruct/PreDestroy annotations present.  ManagedBeans methods marked with these annotations will have said annotations processed.
Aug 19, 2026 12:59:23 PM org.richfaces.application.DefaultModule configure
WARNING: There was no service org.richfaces.focus.FocusManager found
Aug 19, 2026 12:59:23 PM org.richfaces.cache.CacheManager getCacheFactory
INFO: Configured to use [org.richfaces.cache.OSCacheCacheFactory] cache factory
Aug 19, 2026 12:59:23 PM org.richfaces.cache.CacheManager getCacheFactory
INFO: Selected [org.richfaces.cache.OSCacheCacheFactory]
Aug 19, 2026 12:59:23 PM org.richfaces.cache.OSCacheCacheFactory createCache
INFO: Creating OSCache cache instance using parameters: {org.richfaces.cache.CACHE_MANAGER_FACTORY_CLASS=org.richfaces.cache.OSCacheCacheFactory, javax.faces.STATE_SAVING_METHOD=server, cache.memory=true, com.sun.faces.verifyObjects=true, org.richfaces.resourceCacheSize=64, javax.faces.DEFAULT_SUFFIX=.xhtml, cache.use.host.domain.in.key=true, com.sun.faces.validateXml=true, cache.blocking=true, javax.faces.PROJECT_STAGE=UnitTest}
Aug 19, 2026 12:59:23 PM org.richfaces.cache.OSCacheCacheFactory createCache
INFO: Maximum cache size hasn't been set, resetting to 64 max items
Aug 19, 2026 12:59:23 PM com.opensymphony.oscache.general.GeneralCacheAdministrator <init>
INFO: Constructed GeneralCacheAdministrator()
Aug 19, 2026 12:59:23 PM com.opensymphony.oscache.general.GeneralCacheAdministrator createCache
INFO: Creating new cache
Aug 19, 2026 12:59:23 PM org.richfaces.application.InitializationListener logWarningWhenConnectionFactoryPresent
WARNING: JMS API was found on the classpath; if you want to enable RichFaces Push JMS integration, set context-param 'org.richfaces.push.jms.enabled' in web.xml
Aug 19, 2026 12:59:23 PM org.jboss.test.faces.staging.StagingServer init
WARNING: Initial context factory builder already set.
Aug 19, 2026 12:59:23 PM org.richfaces.cache.CacheManager getCacheFactory
INFO: Configured to use [org.richfaces.cache.OSCacheCacheFactory] cache factory
Aug 19, 2026 12:59:23 PM org.richfaces.cache.CacheManager getCacheFactory
INFO: Selected [org.richfaces.cache.OSCacheCacheFactory]
Aug 19, 2026 12:59:23 PM org.richfaces.cache.OSCacheCacheFactory createCache
INFO: Creating OSCache cache instance using parameters: {org.richfaces.cache.CACHE_MANAGER_FACTORY_CLASS=org.richfaces.cache.OSCacheCacheFactory, javax.faces.STATE_SAVING_METHOD=server, cache.memory=true, com.sun.faces.verifyObjects=true, org.richfaces.resourceCacheSize=64, javax.faces.DEFAULT_SUFFIX=.xhtml, cache.use.host.domain.in.key=true, com.sun.faces.validateXml=true, cache.blocking=true, javax.faces.PROJECT_STAGE=UnitTest}
Aug 19, 2026 12:59:23 PM org.richfaces.cache.OSCacheCacheFactory createCache
INFO: Maximum cache size hasn't been set, resetting to 64 max items
Aug 19, 2026 12:59:23 PM com.opensymphony.oscache.general.GeneralCacheAdministrator <init>
INFO: Constructed GeneralCacheAdministrator()
Aug 19, 2026 12:59:23 PM com.opensymphony.oscache.general.GeneralCacheAdministrator createCache
INFO: Creating new cache
Aug 19, 2026 12:59:27 PM org.jboss.test.faces.staging.StagingServer destroy
INFO: Staging server have been destroyed
Aug 19, 2026 12:59:27 PM org.jboss.test.faces.staging.StagingServer init
INFO: Init staging server
Aug 19, 2026 12:59:27 PM com.sun.faces.config.ConfigureListener contextInitialized
INFO: Initializing Mojarra 2.2.11 ( 20150505-0732 https://svn.java.net/svn/mojarra~svn/tags/2.2.11@14688) for context ''
Aug 19, 2026 12:59:27 PM com.sun.faces.config.ConfigureListener contextInitialized
WARNING: JSF1059: WARNING!  The com.sun.faces.verifyObjects feature is to aid developers not using tools.  It shouldn''t be enabled if using an IDE, or if this application is being deployed for production as it will impact application start times.
Aug 19, 2026 12:59:27 PM com.sun.faces.spi.InjectionProviderFactory createInstance
INFO: JSF1048: PostConstruct/PreDestroy annotations present.  ManagedBeans methods marked with these annotations will have said annotations processed.
Aug 19, 2026 12:59:27 PM org.richfaces.application.DefaultModule configure
WARNING: There was no service org.richfaces.focus.FocusManager found
Aug 19, 2026 12:59:27 PM org.richfaces.cache.CacheManager getCacheFactory
INFO: Configured to use [org.richfaces.cache.OSCacheCacheFactory] cache factory
Aug 19, 2026 12:59:27 PM org.richfaces.cache.CacheManager getCacheFactory
INFO: Selected [org.richfaces.cache.OSCacheCacheFactory]
Aug 19, 2026 12:59:27 PM org.richfaces.cache.OSCacheCacheFactory createCache
INFO: Creating OSCache cache instance using parameters: {org.richfaces.cache.CACHE_MANAGER_FACTORY_CLASS=org.richfaces.cache.OSCacheCacheFactory, javax.faces.STATE_SAVING_METHOD=server, cache.memory=true, com.sun.faces.verifyObjects=true, org.richfaces.resourceCacheSize=64, javax.faces.DEFAULT_SUFFIX=.xhtml, cache.use.host.domain.in.key=true, com.sun.faces.validateXml=true, cache.blocking=true, javax.faces.PROJECT_STAGE=UnitTest}
Aug 19, 2026 12:59:27 PM org.richfaces.cache.OSCacheCacheFactory createCache
INFO: Maximum cache size hasn't been set, resetting to 64 max items
Aug 19, 2026 12:59:27 PM com.opensymphony.oscache.general.GeneralCacheAdministrator <init>
INFO: Constructed GeneralCacheAdministrator()
Aug 19, 2026 12:59:27 PM com.opensymphony.oscache.general.GeneralCacheAdministrator createCache
INFO: Creating new cache
Aug 19, 2026 12:59:27 PM org.richfaces.application.InitializationListener logWarningWhenConnectionFactoryPresent
WARNING: JMS API was found on the classpath; if you want to enable RichFaces Push JMS integration, set context-param 'org.richfaces.push.jms.enabled' in web.xml
Aug 19, 2026 12:59:27 PM org.jboss.test.faces.staging.StagingServer init
WARNING: Initial context factory builder already set.
Aug 19, 2026 12:59:27 PM org.richfaces.cache.CacheManager getCacheFactory
INFO: Configured to use [org.richfaces.cache.OSCacheCacheFactory] cache factory
Aug 19, 2026 12:59:27 PM org.richfaces.cache.CacheManager getCacheFactory
INFO: Selected [org.richfaces.cache.OSCacheCacheFactory]
Aug 19, 2026 12:59:27 PM org.richfaces.cache.OSCacheCacheFactory createCache
INFO: Creating OSCache cache instance using parameters: {org.richfaces.cache.CACHE_MANAGER_FACTORY_CLASS=org.richfaces.cache.OSCacheCacheFactory, javax.faces.STATE_SAVING_METHOD=server, cache.memory=true, com.sun.faces.verifyObjects=true, org.richfaces.resourceCacheSize=64, javax.faces.DEFAULT_SUFFIX=.xhtml, cache.use.host.domain.in.key=true, com.sun.faces.validateXml=true, cache.blocking=true, javax.faces.PROJECT_STAGE=UnitTest}
Aug 19, 2026 12:59:27 PM org.richfaces.cache.OSCacheCacheFactory createCache
INFO: Maximum cache size hasn't been set, resetting to 64 max items
Aug 19, 2026 12:59:27 PM com.opensymphony.oscache.general.GeneralCacheAdministrator <init>
INFO: Constructed GeneralCacheAdministrator()
Aug 19, 2026 12:59:27 PM com.opensymphony.oscache.general.GeneralCacheAdministrator createCache
INFO: Creating new cache
Aug 19, 2026 12:59:27 PM org.jboss.test.faces.staging.StagingServer destroy
INFO: Staging server have been destroyed
Aug 19, 2026 12:59:27 PM org.jboss.test.faces.staging.StagingServer init
INFO: Init staging server
Aug 19, 2026 12:59:27 PM com.sun.faces.config.ConfigureListener contextInitialized
INFO: Initializing Mojarra 2.2.11 ( 20150505-0732 https://svn.java.net/svn/mojarra~svn/tags/2.2.11@14688) for context ''
Aug 19, 2026 12:59:27 PM com.sun.faces.config.ConfigureListener contextInitialized
WARNING: JSF1059: WARNING!  The com.sun.faces.verifyObjects feature is to aid developers not using tools.  It shouldn''t be enabled if using an IDE, or if this application is being deployed for production as it will impact application start times.
Aug 19, 2026 12:59:27 PM com.sun.faces.spi.InjectionProviderFactory createInstance
INFO: JSF1048: PostConstruct/PreDestroy annotations present.  ManagedBeans methods marked with these annotations will have said annotations processed.
Aug 19, 2026 12:59:27 PM org.richfaces.application.DefaultModule configure
WARNING: There was no service org.richfaces.focus.FocusManager found
Aug 19, 2026 12:59:27 PM org.richfaces.cache.CacheManager getCacheFactory
INFO: Configured to use [org.richfaces.cache.OSCacheCacheFactory] cache factory
Aug 19, 2026 12:59:27 PM org.richfaces.cache.CacheManager getCacheFactory
INFO: Selected [org.richfaces.cache.OSCacheCacheFactory]
Aug 19, 2026 12:59:27 PM org.richfaces.cache.OSCacheCacheFactory createCache
INFO: Creating OSCache cache instance using parameters: {org.richfaces.cache.CACHE_MANAGER_FACTORY_CLASS=org.richfaces.cache.OSCacheCacheFactory, javax.faces.STATE_SAVING_METHOD=server, cache.memory=true, com.sun.faces.verifyObjects=true, org.richfaces.resourceCacheSize=64, javax.faces.DEFAULT_SUFFIX=.xhtml, cache.use.host.domain.in.key=true, com.sun.faces.validateXml=true, cache.blocking=true, javax.faces.PROJECT_STAGE=UnitTest}
Aug 19, 2026 12:59:27 PM org.richfaces.cache.OSCacheCacheFactory createCache
INFO: Maximum cache size hasn't been set, resetting to 64 max items
Aug 19, 2026 12:59:27 PM com.opensymphony.oscache.general.GeneralCacheAdministrator <init>
INFO: Constructed GeneralCacheAdministrator()
Aug 19, 2026 12:59:27 PM com.opensymphony.oscache.general.GeneralCacheAdministrator createCache
INFO: Creating new cache
Aug 19, 2026 12:59:27 PM org.richfaces.application.InitializationListener logWarningWhenConnectionFactoryPresent
WARNING: JMS API was found on the classpath; if you want to enable RichFaces Push JMS integration, set context-param 'org.richfaces.push.jms.enabled' in web.xml
Aug 19, 2026 12:59:27 PM org.jboss.test.faces.staging.StagingServer init
WARNING: Initial context factory builder already set.
Aug 19, 2026 12:59:27 PM org.richfaces.cache.CacheManager getCacheFactory
INFO: Configured to use [org.richfaces.cache.OSCacheCacheFactory] cache factory
Aug 19, 2026 12:59:27 PM org.richfaces.cache.CacheManager getCacheFactory
INFO: Selected [org.richfaces.cache.OSCacheCacheFactory]
Aug 19, 2026 12:59:27 PM org.richfaces.cache.OSCacheCacheFactory createCache
INFO: Creating OSCache cache instance using parameters: {org.richfaces.cache.CACHE_MANAGER_FACTORY_CLASS=org.richfaces.cache.OSCacheCacheFactory, javax.faces.STATE_SAVING_METHOD=server, cache.memory=true, com.sun.faces.verifyObjects=true, org.richfaces.resourceCacheSize=64, javax.faces.DEFAULT_SUFFIX=.xhtml, cache.use.host.domain.in.key=true, com.sun.faces.validateXml=true, cache.blocking=true, javax.faces.PROJECT_STAGE=UnitTest}
Aug 19, 2026 12:59:27 PM org.richfaces.cache.OSCacheCacheFactory createCache
INFO: Maximum cache size hasn't been set, resetting to 64 max items
Aug 19, 2026 12:59:27 PM com.opensymphony.oscache.general.GeneralCacheAdministrator <init>
INFO: Constructed GeneralCacheAdministrator()
Aug 19, 2026 12:59:27 PM com.opensymphony.oscache.general.GeneralCacheAdministrator createCache
INFO: Creating new cache
Aug 19, 2026 12:59:29 PM org.jboss.test.faces.staging.StagingServer destroy
INFO: Staging server have been destroyed
Tests run: 4, Failures: 0, Errors: 0, Skipped: 0, Time elapsed: 6.652 sec - in org.richfaces.cache.OsCacheTest
Running org.richfaces.cache.JBossCacheTest
Aug 19, 2026 12:59:29 PM org.jboss.test.faces.staging.StagingServer init
INFO: Init staging server
Aug 19, 2026 12:59:29 PM com.sun.faces.config.ConfigureListener contextInitialized
INFO: Initializing Mojarra 2.2.11 ( 20150505-0732 https://svn.java.net/svn/mojarra~svn/tags/2.2.11@14688) for context ''
Aug 19, 2026 12:59:29 PM com.sun.faces.config.ConfigureListener contextInitialized
WARNING: JSF1059: WARNING!  The com.sun.faces.verifyObjects feature is to aid developers not using tools.  It shouldn''t be enabled if using an IDE, or if this application is being deployed for production as it will impact application start times.
Aug 19, 2026 12:59:29 PM com.sun.faces.spi.InjectionProviderFactory createInstance
INFO: JSF1048: PostConstruct/PreDestroy annotations present.  ManagedBeans methods marked with these annotations will have said annotations processed.
Aug 19, 2026 12:59:29 PM org.richfaces.application.DefaultModule configure
WARNING: There was no service org.richfaces.focus.FocusManager found
Aug 19, 2026 12:59:29 PM org.richfaces.cache.CacheManager getCacheFactory
INFO: Configured to use [org.richfaces.cache.JBossCacheCacheFactory] cache factory
Aug 19, 2026 12:59:29 PM org.richfaces.cache.CacheManager getCacheFactory
INFO: Selected [org.richfaces.cache.JBossCacheCacheFactory]
Aug 19, 2026 12:59:29 PM org.jboss.cache.jmx.PlatformMBeanServerRegistration registerToPlatformMBeanServer
INFO: JBossCache MBeans were successfully registered to the platform mbean server.
Aug 19, 2026 12:59:29 PM org.jboss.cache.factories.ComponentRegistry internalStart
INFO: JBoss Cache version: JBossCache 'Malagueta' 3.2.5.GA
Aug 19, 2026 12:59:29 PM org.richfaces.application.InitializationListener logWarningWhenConnectionFactoryPresent
WARNING: JMS API was found on the classpath; if you want to enable RichFaces Push JMS integration, set context-param 'org.richfaces.push.jms.enabled' in web.xml
Aug 19, 2026 12:59:29 PM org.jboss.test.faces.staging.StagingServer init
WARNING: Initial context factory builder already set.
Aug 19, 2026 12:59:29 PM org.richfaces.cache.CacheManager getCacheFactory
INFO: Configured to use [org.richfaces.cache.JBossCacheCacheFactory] cache factory
Aug 19, 2026 12:59:29 PM org.richfaces.cache.CacheManager getCacheFactory
INFO: Selected [org.richfaces.cache.JBossCacheCacheFactory]
Aug 19, 2026 12:59:29 PM org.jboss.cache.jmx.PlatformMBeanServerRegistration registerToPlatformMBeanServer
INFO: JBossCache MBeans were successfully registered to the platform mbean server.
Aug 19, 2026 12:59:29 PM org.jboss.cache.factories.ComponentRegistry internalStart
INFO: JBoss Cache version: JBossCache 'Malagueta' 3.2.5.GA
Aug 19, 2026 12:59:29 PM org.jboss.test.faces.staging.StagingServer destroy
INFO: Staging server have been destroyed
Aug 19, 2026 12:59:29 PM org.jboss.test.faces.staging.StagingServer init
INFO: Init staging server
Aug 19, 2026 12:59:29 PM com.sun.faces.config.ConfigureListener contextInitialized
INFO: Initializing Mojarra 2.2.11 ( 20150505-0732 https://svn.java.net/svn/mojarra~svn/tags/2.2.11@14688) for context ''
Aug 19, 2026 12:59:29 PM com.sun.faces.config.ConfigureListener contextInitialized
WARNING: JSF1059: WARNING!  The com.sun.faces.verifyObjects feature is to aid developers not using tools.  It shouldn''t be enabled if using an IDE, or if this application is being deployed for production as it will impact application start times.
Aug 19, 2026 12:59:30 PM com.sun.faces.spi.InjectionProviderFactory createInstance
INFO: JSF1048: PostConstruct/PreDestroy annotations present.  ManagedBeans methods marked with these annotations will have said annotations processed.
Aug 19, 2026 12:59:30 PM org.richfaces.application.DefaultModule configure
WARNING: There was no service org.richfaces.focus.FocusManager found
Aug 19, 2026 12:59:30 PM org.richfaces.cache.CacheManager getCacheFactory
INFO: Configured to use [org.richfaces.cache.JBossCacheCacheFactory] cache factory
Aug 19, 2026 12:59:30 PM org.richfaces.cache.CacheManager getCacheFactory
INFO: Selected [org.richfaces.cache.JBossCacheCacheFactory]
Aug 19, 2026 12:59:30 PM org.jboss.cache.jmx.PlatformMBeanServerRegistration registerToPlatformMBeanServer
INFO: JBossCache MBeans were successfully registered to the platform mbean server.
Aug 19, 2026 12:59:30 PM org.jboss.cache.factories.ComponentRegistry internalStart
INFO: JBoss Cache version: JBossCache 'Malagueta' 3.2.5.GA
Aug 19, 2026 12:59:30 PM org.richfaces.application.InitializationListener logWarningWhenConnectionFactoryPresent
WARNING: JMS API was found on the classpath; if you want to enable RichFaces Push JMS integration, set context-param 'org.richfaces.push.jms.enabled' in web.xml
Aug 19, 2026 12:59:30 PM org.jboss.test.faces.staging.StagingServer init
WARNING: Initial context factory builder already set.
Aug 19, 2026 12:59:30 PM org.richfaces.cache.CacheManager getCacheFactory
INFO: Configured to use [org.richfaces.cache.JBossCacheCacheFactory] cache factory
Aug 19, 2026 12:59:30 PM org.richfaces.cache.CacheManager getCacheFactory
INFO: Selected [org.richfaces.cache.JBossCacheCacheFactory]
Aug 19, 2026 12:59:30 PM org.jboss.cache.jmx.PlatformMBeanServerRegistration registerToPlatformMBeanServer
INFO: JBossCache MBeans were successfully registered to the platform mbean server.
Aug 19, 2026 12:59:30 PM org.jboss.cache.factories.ComponentRegistry internalStart
INFO: JBoss Cache version: JBossCache 'Malagueta' 3.2.5.GA
Aug 19, 2026 12:59:34 PM org.jboss.test.faces.staging.StagingServer destroy
INFO: Staging server have been destroyed
Aug 19, 2026 12:59:34 PM org.jboss.test.faces.staging.StagingServer init
INFO: Init staging server
Aug 19, 2026 12:59:34 PM com.sun.faces.config.ConfigureListener contextInitialized
INFO: Initializing Mojarra 2.2.11 ( 20150505-0732 https://svn.java.net/svn/mojarra~svn/tags/2.2.11@14688) for context ''
Aug 19, 2026 12:59:34 PM com.sun.faces.config.ConfigureListener contextInitialized
WARNING: JSF1059: WARNING!  The com.sun.faces.verifyObjects feature is to aid developers not using tools.  It shouldn''t be enabled if using an IDE, or if this application is being deployed for production as it will impact application start times.
Aug 19, 2026 12:59:34 PM com.sun.faces.spi.InjectionProviderFactory createInstance
INFO: JSF1048: PostConstruct/PreDestroy annotations present.  ManagedBeans methods marked with these annotations will have said annotations processed.
Aug 19, 2026 12:59:34 PM org.richfaces.application.DefaultModule configure
WARNING: There was no service org.richfaces.focus.FocusManager found
Aug 19, 2026 12:59:34 PM org.richfaces.cache.CacheManager getCacheFactory
INFO: Configured to use [org.richfaces.cache.JBossCacheCacheFactory] cache factory
Aug 19, 2026 12:59:34 PM org.richfaces.cache.CacheManager getCacheFactory
INFO: Selected [org.richfaces.cache.JBossCacheCacheFactory]
Aug 19, 2026 12:59:34 PM org.jboss.cache.jmx.PlatformMBeanServerRegistration registerToPlatformMBeanServer
INFO: JBossCache MBeans were successfully registered to the platform mbean server.
Aug 19, 2026 12:59:34 PM org.jboss.cache.factories.ComponentRegistry internalStart
INFO: JBoss Cache version: JBossCache 'Malagueta' 3.2.5.GA
Aug 19, 2026 12:59:34 PM org.richfaces.application.InitializationListener logWarningWhenConnectionFactoryPresent
WARNING: JMS API was found on the classpath; if you want to enable RichFaces Push JMS integration, set context-param 'org.richfaces.push.jms.enabled' in web.xml
Aug 19, 2026 12:59:34 PM org.jboss.test.faces.staging.StagingServer init
WARNING: Initial context factory builder already set.
Aug 19, 2026 12:59:34 PM org.richfaces.cache.CacheManager getCacheFactory
INFO: Configured to use [org.richfaces.cache.JBossCacheCacheFactory] cache factory
Aug 19, 2026 12:59:34 PM org.richfaces.cache.CacheManager getCacheFactory
INFO: Selected [org.richfaces.cache.JBossCacheCacheFactory]
Aug 19, 2026 12:59:34 PM org.jboss.cache.jmx.PlatformMBeanServerRegistration registerToPlatformMBeanServer
INFO: JBossCache MBeans were successfully registered to the platform mbean server.
Aug 19, 2026 12:59:34 PM org.jboss.cache.factories.ComponentRegistry internalStart
INFO: JBoss Cache version: JBossCache 'Malagueta' 3.2.5.GA
Aug 19, 2026 12:59:34 PM org.jboss.test.faces.staging.StagingServer destroy
INFO: Staging server have been destroyed
Aug 19, 2026 12:59:34 PM org.jboss.test.faces.staging.StagingServer init
INFO: Init staging server
Aug 19, 2026 12:59:34 PM com.sun.faces.config.ConfigureListener contextInitialized
INFO: Initializing Mojarra 2.2.11 ( 20150505-0732 https://svn.java.net/svn/mojarra~svn/tags/2.2.11@14688) for context ''
Aug 19, 2026 12:59:34 PM com.sun.faces.config.ConfigureListener contextInitialized
WARNING: JSF1059: WARNING!  The com.sun.faces.verifyObjects feature is to aid developers not using tools.  It shouldn''t be enabled if using an IDE, or if this application is being deployed for production as it will impact application start times.
Aug 19, 2026 12:59:34 PM com.sun.faces.spi.InjectionProviderFactory createInstance
INFO: JSF1048: PostConstruct/PreDestroy annotations present.  ManagedBeans methods marked with these annotations will have said annotations processed.
Aug 19, 2026 12:59:34 PM org.richfaces.application.DefaultModule configure
WARNING: There was no service org.richfaces.focus.FocusManager found
Aug 19, 2026 12:59:34 PM org.richfaces.cache.CacheManager getCacheFactory
INFO: Configured to use [org.richfaces.cache.JBossCacheCacheFactory] cache factory
Aug 19, 2026 12:59:34 PM org.richfaces.cache.CacheManager getCacheFactory
INFO: Selected [org.richfaces.cache.JBossCacheCacheFactory]
Aug 19, 2026 12:59:34 PM org.jboss.cache.jmx.PlatformMBeanServerRegistration registerToPlatformMBeanServer
INFO: JBossCache MBeans were successfully registered to the platform mbean server.
Aug 19, 2026 12:59:34 PM org.jboss.cache.factories.ComponentRegistry internalStart
INFO: JBoss Cache version: JBossCache 'Malagueta' 3.2.5.GA
Aug 19, 2026 12:59:34 PM org.richfaces.application.InitializationListener logWarningWhenConnectionFactoryPresent
WARNING: JMS API was found on the classpath; if you want to enable RichFaces Push JMS integration, set context-param 'org.richfaces.push.jms.enabled' in web.xml
Aug 19, 2026 12:59:34 PM org.jboss.test.faces.staging.StagingServer init
WARNING: Initial context factory builder already set.
Aug 19, 2026 12:59:34 PM org.richfaces.cache.CacheManager getCacheFactory
INFO: Configured to use [org.richfaces.cache.JBossCacheCacheFactory] cache factory
Aug 19, 2026 12:59:34 PM org.richfaces.cache.CacheManager getCacheFactory
INFO: Selected [org.richfaces.cache.JBossCacheCacheFactory]
Aug 19, 2026 12:59:34 PM org.jboss.cache.jmx.PlatformMBeanServerRegistration registerToPlatformMBeanServer
INFO: JBossCache MBeans were successfully registered to the platform mbean server.
Aug 19, 2026 12:59:34 PM org.jboss.cache.factories.ComponentRegistry internalStart
INFO: JBoss Cache version: JBossCache 'Malagueta' 3.2.5.GA
Aug 19, 2026 12:59:36 PM org.jboss.test.faces.staging.StagingServer destroy
INFO: Staging server have been destroyed
Tests run: 4, Failures: 0, Errors: 0, Skipped: 0, Time elapsed: 6.789 sec - in org.richfaces.cache.JBossCacheTest
Running org.richfaces.cache.EhCacheTest
Aug 19, 2026 12:59:36 PM org.jboss.test.faces.staging.StagingServer init
INFO: Init staging server
Aug 19, 2026 12:59:36 PM com.sun.faces.config.ConfigureListener contextInitialized
INFO: Initializing Mojarra 2.2.11 ( 20150505-0732 https://svn.java.net/svn/mojarra~svn/tags/2.2.11@14688) for context ''
Aug 19, 2026 12:59:36 PM com.sun.faces.config.ConfigureListener contextInitialized
WARNING: JSF1059: WARNING!  The com.sun.faces.verifyObjects feature is to aid developers not using tools.  It shouldn''t be enabled if using an IDE, or if this application is being deployed for production as it will impact application start times.
Aug 19, 2026 12:59:36 PM com.sun.faces.spi.InjectionProviderFactory createInstance
INFO: JSF1048: PostConstruct/PreDestroy annotations present.  ManagedBeans methods marked with these annotations will have said annotations processed.
Aug 19, 2026 12:59:36 PM org.richfaces.application.DefaultModule configure
WARNING: There was no service org.richfaces.focus.FocusManager found
Aug 19, 2026 12:59:36 PM org.richfaces.cache.CacheManager getCacheFactory
INFO: Configured to use [org.richfaces.cache.EhCacheCacheFactory] cache factory
Aug 19, 2026 12:59:36 PM org.richfaces.cache.EhCacheCacheFactory <init>
INFO: Using default cache configuration: file:/RicksCafe/Git.Projects/richfaces/core/target/classes/org/richfaces/cache/ehcache-failsafe-richfaces.xml
SLF4J: Failed to load class "org.slf4j.impl.StaticLoggerBinder".
SLF4J: Defaulting to no-operation (NOP) logger implementation
SLF4J: See http://www.slf4j.org/codes.html#StaticLoggerBinder for further details.
Aug 19, 2026 12:59:36 PM org.richfaces.cache.CacheManager getCacheFactory
INFO: Selected [org.richfaces.cache.EhCacheCacheFactory]
Aug 19, 2026 12:59:36 PM org.richfaces.cache.EhCacheCacheFactory createCache
INFO: Creating EhCache cache instance
Aug 19, 2026 12:59:36 PM org.richfaces.application.InitializationListener logWarningWhenConnectionFactoryPresent
WARNING: JMS API was found on the classpath; if you want to enable RichFaces Push JMS integration, set context-param 'org.richfaces.push.jms.enabled' in web.xml
Aug 19, 2026 12:59:36 PM org.jboss.test.faces.staging.StagingServer init
WARNING: Initial context factory builder already set.
Aug 19, 2026 12:59:36 PM org.richfaces.cache.CacheManager getCacheFactory
INFO: Configured to use [org.richfaces.cache.EhCacheCacheFactory] cache factory
Aug 19, 2026 12:59:36 PM org.richfaces.cache.EhCacheCacheFactory <init>
INFO: Using default cache configuration: file:/RicksCafe/Git.Projects/richfaces/core/target/classes/org/richfaces/cache/ehcache-failsafe-richfaces.xml
Aug 19, 2026 12:59:36 PM org.richfaces.cache.CacheManager getCacheFactory
INFO: Selected [org.richfaces.cache.EhCacheCacheFactory]
Aug 19, 2026 12:59:36 PM org.richfaces.cache.EhCacheCacheFactory createCache
INFO: Creating EhCache cache instance
Aug 19, 2026 12:59:36 PM org.jboss.test.faces.staging.StagingServer destroy
INFO: Staging server have been destroyed
Aug 19, 2026 12:59:36 PM org.jboss.test.faces.staging.StagingServer init
INFO: Init staging server
Aug 19, 2026 12:59:36 PM com.sun.faces.config.ConfigureListener contextInitialized
INFO: Initializing Mojarra 2.2.11 ( 20150505-0732 https://svn.java.net/svn/mojarra~svn/tags/2.2.11@14688) for context ''
Aug 19, 2026 12:59:36 PM com.sun.faces.config.ConfigureListener contextInitialized
WARNING: JSF1059: WARNING!  The com.sun.faces.verifyObjects feature is to aid developers not using tools.  It shouldn''t be enabled if using an IDE, or if this application is being deployed for production as it will impact application start times.
Aug 19, 2026 12:59:36 PM com.sun.faces.spi.InjectionProviderFactory createInstance
INFO: JSF1048: PostConstruct/PreDestroy annotations present.  ManagedBeans methods marked with these annotations will have said annotations processed.
Aug 19, 2026 12:59:36 PM org.richfaces.application.DefaultModule configure
WARNING: There was no service org.richfaces.focus.FocusManager found
Aug 19, 2026 12:59:36 PM org.richfaces.cache.CacheManager getCacheFactory
INFO: Configured to use [org.richfaces.cache.EhCacheCacheFactory] cache factory
Aug 19, 2026 12:59:36 PM org.richfaces.cache.EhCacheCacheFactory <init>
INFO: Using default cache configuration: file:/RicksCafe/Git.Projects/richfaces/core/target/classes/org/richfaces/cache/ehcache-failsafe-richfaces.xml
Aug 19, 2026 12:59:36 PM org.richfaces.cache.CacheManager getCacheFactory
INFO: Selected [org.richfaces.cache.EhCacheCacheFactory]
Aug 19, 2026 12:59:36 PM org.richfaces.cache.EhCacheCacheFactory createCache
INFO: Creating EhCache cache instance
Aug 19, 2026 12:59:36 PM org.richfaces.application.InitializationListener logWarningWhenConnectionFactoryPresent
WARNING: JMS API was found on the classpath; if you want to enable RichFaces Push JMS integration, set context-param 'org.richfaces.push.jms.enabled' in web.xml
Aug 19, 2026 12:59:36 PM org.jboss.test.faces.staging.StagingServer init
WARNING: Initial context factory builder already set.
Aug 19, 2026 12:59:36 PM org.richfaces.cache.CacheManager getCacheFactory
INFO: Configured to use [org.richfaces.cache.EhCacheCacheFactory] cache factory
Aug 19, 2026 12:59:36 PM org.richfaces.cache.EhCacheCacheFactory <init>
INFO: Using default cache configuration: file:/RicksCafe/Git.Projects/richfaces/core/target/classes/org/richfaces/cache/ehcache-failsafe-richfaces.xml
Aug 19, 2026 12:59:36 PM org.richfaces.cache.CacheManager getCacheFactory
INFO: Selected [org.richfaces.cache.EhCacheCacheFactory]
Aug 19, 2026 12:59:36 PM org.richfaces.cache.EhCacheCacheFactory createCache
INFO: Creating EhCache cache instance
Aug 19, 2026 12:59:40 PM org.jboss.test.faces.staging.StagingServer destroy
INFO: Staging server have been destroyed
Aug 19, 2026 12:59:40 PM org.jboss.test.faces.staging.StagingServer init
INFO: Init staging server
Aug 19, 2026 12:59:40 PM com.sun.faces.config.ConfigureListener contextInitialized
INFO: Initializing Mojarra 2.2.11 ( 20150505-0732 https://svn.java.net/svn/mojarra~svn/tags/2.2.11@14688) for context ''
Aug 19, 2026 12:59:40 PM com.sun.faces.config.ConfigureListener contextInitialized
WARNING: JSF1059: WARNING!  The com.sun.faces.verifyObjects feature is to aid developers not using tools.  It shouldn''t be enabled if using an IDE, or if this application is being deployed for production as it will impact application start times.
Aug 19, 2026 12:59:40 PM com.sun.faces.spi.InjectionProviderFactory createInstance
INFO: JSF1048: PostConstruct/PreDestroy annotations present.  ManagedBeans methods marked with these annotations will have said annotations processed.
Aug 19, 2026 12:59:40 PM org.richfaces.application.DefaultModule configure
WARNING: There was no service org.richfaces.focus.FocusManager found
Aug 19, 2026 12:59:40 PM org.richfaces.cache.CacheManager getCacheFactory
INFO: Configured to use [org.richfaces.cache.EhCacheCacheFactory] cache factory
Aug 19, 2026 12:59:40 PM org.richfaces.cache.EhCacheCacheFactory <init>
INFO: Using default cache configuration: file:/RicksCafe/Git.Projects/richfaces/core/target/classes/org/richfaces/cache/ehcache-failsafe-richfaces.xml
Aug 19, 2026 12:59:40 PM org.richfaces.cache.CacheManager getCacheFactory
INFO: Selected [org.richfaces.cache.EhCacheCacheFactory]
Aug 19, 2026 12:59:40 PM org.richfaces.cache.EhCacheCacheFactory createCache
INFO: Creating EhCache cache instance
Aug 19, 2026 12:59:40 PM org.richfaces.application.InitializationListener logWarningWhenConnectionFactoryPresent
WARNING: JMS API was found on the classpath; if you want to enable RichFaces Push JMS integration, set context-param 'org.richfaces.push.jms.enabled' in web.xml
Aug 19, 2026 12:59:40 PM org.jboss.test.faces.staging.StagingServer init
WARNING: Initial context factory builder already set.
Aug 19, 2026 12:59:40 PM org.richfaces.cache.CacheManager getCacheFactory
INFO: Configured to use [org.richfaces.cache.EhCacheCacheFactory] cache factory
Aug 19, 2026 12:59:40 PM org.richfaces.cache.EhCacheCacheFactory <init>
INFO: Using default cache configuration: file:/RicksCafe/Git.Projects/richfaces/core/target/classes/org/richfaces/cache/ehcache-failsafe-richfaces.xml
Aug 19, 2026 12:59:40 PM org.richfaces.cache.CacheManager getCacheFactory
INFO: Selected [org.richfaces.cache.EhCacheCacheFactory]
Aug 19, 2026 12:59:40 PM org.richfaces.cache.EhCacheCacheFactory createCache
INFO: Creating EhCache cache instance
Aug 19, 2026 12:59:40 PM org.jboss.test.faces.staging.StagingServer destroy
INFO: Staging server have been destroyed
Aug 19, 2026 12:59:40 PM org.jboss.test.faces.staging.StagingServer init
INFO: Init staging server
Aug 19, 2026 12:59:40 PM com.sun.faces.config.ConfigureListener contextInitialized
INFO: Initializing Mojarra 2.2.11 ( 20150505-0732 https://svn.java.net/svn/mojarra~svn/tags/2.2.11@14688) for context ''
Aug 19, 2026 12:59:40 PM com.sun.faces.config.ConfigureListener contextInitialized
WARNING: JSF1059: WARNING!  The com.sun.faces.verifyObjects feature is to aid developers not using tools.  It shouldn''t be enabled if using an IDE, or if this application is being deployed for production as it will impact application start times.
Aug 19, 2026 12:59:41 PM com.sun.faces.spi.InjectionProviderFactory createInstance
INFO: JSF1048: PostConstruct/PreDestroy annotations present.  ManagedBeans methods marked with these annotations will have said annotations processed.
Aug 19, 2026 12:59:41 PM org.richfaces.application.DefaultModule configure
WARNING: There was no service org.richfaces.focus.FocusManager found
Aug 19, 2026 12:59:41 PM org.richfaces.cache.CacheManager getCacheFactory
INFO: Configured to use [org.richfaces.cache.EhCacheCacheFactory] cache factory
Aug 19, 2026 12:59:41 PM org.richfaces.cache.EhCacheCacheFactory <init>
INFO: Using default cache configuration: file:/RicksCafe/Git.Projects/richfaces/core/target/classes/org/richfaces/cache/ehcache-failsafe-richfaces.xml
Aug 19, 2026 12:59:41 PM org.richfaces.cache.CacheManager getCacheFactory
INFO: Selected [org.richfaces.cache.EhCacheCacheFactory]
Aug 19, 2026 12:59:41 PM org.richfaces.cache.EhCacheCacheFactory createCache
INFO: Creating EhCache cache instance
Aug 19, 2026 12:59:41 PM org.richfaces.application.InitializationListener logWarningWhenConnectionFactoryPresent
WARNING: JMS API was found on the classpath; if you want to enable RichFaces Push JMS integration, set context-param 'org.richfaces.push.jms.enabled' in web.xml
Aug 19, 2026 12:59:41 PM org.jboss.test.faces.staging.StagingServer init
WARNING: Initial context factory builder already set.
Aug 19, 2026 12:59:41 PM org.richfaces.cache.CacheManager getCacheFactory
INFO: Configured to use [org.richfaces.cache.EhCacheCacheFactory] cache factory
Aug 19, 2026 12:59:41 PM org.richfaces.cache.EhCacheCacheFactory <init>
INFO: Using default cache configuration: file:/RicksCafe/Git.Projects/richfaces/core/target/classes/org/richfaces/cache/ehcache-failsafe-richfaces.xml
Aug 19, 2026 12:59:41 PM org.richfaces.cache.CacheManager getCacheFactory
INFO: Selected [org.richfaces.cache.EhCacheCacheFactory]
Aug 19, 2026 12:59:41 PM org.richfaces.cache.EhCacheCacheFactory createCache
INFO: Creating EhCache cache instance
Aug 19, 2026 12:59:43 PM org.jboss.test.faces.staging.StagingServer destroy
INFO: Staging server have been destroyed
Tests run: 4, Failures: 0, Errors: 0, Skipped: 0, Time elapsed: 6.718 sec - in org.richfaces.cache.EhCacheTest
Running org.richfaces.util.FastJoinerTest
Tests run: 7, Failures: 0, Errors: 0, Skipped: 0, Time elapsed: 0.033 sec - in org.richfaces.util.FastJoinerTest
Running org.richfaces.util.LRUMapTest
Tests run: 3, Failures: 0, Errors: 0, Skipped: 0, Time elapsed: 0 sec - in org.richfaces.util.LRUMapTest
Running org.richfaces.l10n.BundleLoaderTest
Tests run: 2, Failures: 0, Errors: 0, Skipped: 0, Time elapsed: 0.019 sec - in org.richfaces.l10n.BundleLoaderTest
Running org.richfaces.context.ComponentIdResolverTest
Aug 19, 2026 12:59:43 PM org.jboss.test.faces.staging.StagingServer init
INFO: Init staging server
Aug 19, 2026 12:59:43 PM com.sun.faces.config.ConfigureListener contextInitialized
INFO: Initializing Mojarra 2.2.11 ( 20150505-0732 https://svn.java.net/svn/mojarra~svn/tags/2.2.11@14688) for context ''
Aug 19, 2026 12:59:43 PM com.sun.faces.config.ConfigureListener contextInitialized
WARNING: JSF1059: WARNING!  The com.sun.faces.verifyObjects feature is to aid developers not using tools.  It shouldn''t be enabled if using an IDE, or if this application is being deployed for production as it will impact application start times.
Aug 19, 2026 12:59:43 PM com.sun.faces.spi.InjectionProviderFactory createInstance
INFO: JSF1048: PostConstruct/PreDestroy annotations present.  ManagedBeans methods marked with these annotations will have said annotations processed.
Aug 19, 2026 12:59:43 PM org.richfaces.application.DefaultModule configure
WARNING: There was no service org.richfaces.focus.FocusManager found
Aug 19, 2026 12:59:43 PM org.richfaces.cache.CacheManager getCacheFactory
INFO: Selected [org.richfaces.cache.JBossCacheCacheFactory]
Aug 19, 2026 12:59:43 PM org.jboss.cache.jmx.PlatformMBeanServerRegistration registerToPlatformMBeanServer
INFO: JBossCache MBeans were successfully registered to the platform mbean server.
Aug 19, 2026 12:59:43 PM org.jboss.cache.factories.ComponentRegistry internalStart
INFO: JBoss Cache version: JBossCache 'Malagueta' 3.2.5.GA
Aug 19, 2026 12:59:43 PM org.richfaces.application.InitializationListener logWarningWhenConnectionFactoryPresent
WARNING: JMS API was found on the classpath; if you want to enable RichFaces Push JMS integration, set context-param 'org.richfaces.push.jms.enabled' in web.xml
Aug 19, 2026 12:59:43 PM org.jboss.test.faces.staging.StagingServer init
WARNING: Initial context factory builder already set.
Aug 19, 2026 12:59:43 PM org.jboss.test.faces.staging.StagingServer destroy
INFO: Staging server have been destroyed
Aug 19, 2026 12:59:43 PM org.jboss.test.faces.staging.StagingServer init
INFO: Init staging server
Aug 19, 2026 12:59:43 PM com.sun.faces.config.ConfigureListener contextInitialized
INFO: Initializing Mojarra 2.2.11 ( 20150505-0732 https://svn.java.net/svn/mojarra~svn/tags/2.2.11@14688) for context ''
Aug 19, 2026 12:59:43 PM com.sun.faces.config.ConfigureListener contextInitialized
WARNING: JSF1059: WARNING!  The com.sun.faces.verifyObjects feature is to aid developers not using tools.  It shouldn''t be enabled if using an IDE, or if this application is being deployed for production as it will impact application start times.
Aug 19, 2026 12:59:43 PM com.sun.faces.spi.InjectionProviderFactory createInstance
INFO: JSF1048: PostConstruct/PreDestroy annotations present.  ManagedBeans methods marked with these annotations will have said annotations processed.
Aug 19, 2026 12:59:43 PM org.richfaces.application.DefaultModule configure
WARNING: There was no service org.richfaces.focus.FocusManager found
Aug 19, 2026 12:59:43 PM org.richfaces.cache.CacheManager getCacheFactory
INFO: Selected [org.richfaces.cache.JBossCacheCacheFactory]
Aug 19, 2026 12:59:43 PM org.jboss.cache.jmx.PlatformMBeanServerRegistration registerToPlatformMBeanServer
INFO: JBossCache MBeans were successfully registered to the platform mbean server.
Aug 19, 2026 12:59:43 PM org.jboss.cache.factories.ComponentRegistry internalStart
INFO: JBoss Cache version: JBossCache 'Malagueta' 3.2.5.GA
Aug 19, 2026 12:59:43 PM org.richfaces.application.InitializationListener logWarningWhenConnectionFactoryPresent
WARNING: JMS API was found on the classpath; if you want to enable RichFaces Push JMS integration, set context-param 'org.richfaces.push.jms.enabled' in web.xml
Aug 19, 2026 12:59:43 PM org.jboss.test.faces.staging.StagingServer init
WARNING: Initial context factory builder already set.
Aug 19, 2026 12:59:43 PM org.jboss.test.faces.staging.StagingServer destroy
INFO: Staging server have been destroyed
Aug 19, 2026 12:59:43 PM org.jboss.test.faces.staging.StagingServer init
INFO: Init staging server
Aug 19, 2026 12:59:43 PM com.sun.faces.config.ConfigureListener contextInitialized
INFO: Initializing Mojarra 2.2.11 ( 20150505-0732 https://svn.java.net/svn/mojarra~svn/tags/2.2.11@14688) for context ''
Aug 19, 2026 12:59:43 PM com.sun.faces.config.ConfigureListener contextInitialized
WARNING: JSF1059: WARNING!  The com.sun.faces.verifyObjects feature is to aid developers not using tools.  It shouldn''t be enabled if using an IDE, or if this application is being deployed for production as it will impact application start times.
Aug 19, 2026 12:59:43 PM com.sun.faces.spi.InjectionProviderFactory createInstance
INFO: JSF1048: PostConstruct/PreDestroy annotations present.  ManagedBeans methods marked with these annotations will have said annotations processed.
Aug 19, 2026 12:59:43 PM org.richfaces.application.DefaultModule configure
WARNING: There was no service org.richfaces.focus.FocusManager found
Aug 19, 2026 12:59:43 PM org.richfaces.cache.CacheManager getCacheFactory
INFO: Selected [org.richfaces.cache.JBossCacheCacheFactory]
Aug 19, 2026 12:59:43 PM org.jboss.cache.jmx.PlatformMBeanServerRegistration registerToPlatformMBeanServer
INFO: JBossCache MBeans were successfully registered to the platform mbean server.
Aug 19, 2026 12:59:43 PM org.jboss.cache.factories.ComponentRegistry internalStart
INFO: JBoss Cache version: JBossCache 'Malagueta' 3.2.5.GA
Aug 19, 2026 12:59:43 PM org.richfaces.application.InitializationListener logWarningWhenConnectionFactoryPresent
WARNING: JMS API was found on the classpath; if you want to enable RichFaces Push JMS integration, set context-param 'org.richfaces.push.jms.enabled' in web.xml
Aug 19, 2026 12:59:43 PM org.jboss.test.faces.staging.StagingServer init
WARNING: Initial context factory builder already set.
Aug 19, 2026 12:59:43 PM org.jboss.test.faces.staging.StagingServer destroy
INFO: Staging server have been destroyed
Aug 19, 2026 12:59:43 PM org.jboss.test.faces.staging.StagingServer init
INFO: Init staging server
Aug 19, 2026 12:59:43 PM com.sun.faces.config.ConfigureListener contextInitialized
INFO: Initializing Mojarra 2.2.11 ( 20150505-0732 https://svn.java.net/svn/mojarra~svn/tags/2.2.11@14688) for context ''
Aug 19, 2026 12:59:43 PM com.sun.faces.config.ConfigureListener contextInitialized
WARNING: JSF1059: WARNING!  The com.sun.faces.verifyObjects feature is to aid developers not using tools.  It shouldn''t be enabled if using an IDE, or if this application is being deployed for production as it will impact application start times.
Aug 19, 2026 12:59:43 PM com.sun.faces.spi.InjectionProviderFactory createInstance
INFO: JSF1048: PostConstruct/PreDestroy annotations present.  ManagedBeans methods marked with these annotations will have said annotations processed.
Aug 19, 2026 12:59:43 PM org.richfaces.application.DefaultModule configure
WARNING: There was no service org.richfaces.focus.FocusManager found
Aug 19, 2026 12:59:43 PM org.richfaces.cache.CacheManager getCacheFactory
INFO: Selected [org.richfaces.cache.JBossCacheCacheFactory]
Aug 19, 2026 12:59:43 PM org.jboss.cache.jmx.PlatformMBeanServerRegistration registerToPlatformMBeanServer
INFO: JBossCache MBeans were successfully registered to the platform mbean server.
Aug 19, 2026 12:59:43 PM org.jboss.cache.factories.ComponentRegistry internalStart
INFO: JBoss Cache version: JBossCache 'Malagueta' 3.2.5.GA
Aug 19, 2026 12:59:43 PM org.richfaces.application.InitializationListener logWarningWhenConnectionFactoryPresent
WARNING: JMS API was found on the classpath; if you want to enable RichFaces Push JMS integration, set context-param 'org.richfaces.push.jms.enabled' in web.xml
Aug 19, 2026 12:59:43 PM org.jboss.test.faces.staging.StagingServer init
WARNING: Initial context factory builder already set.
Aug 19, 2026 12:59:43 PM org.jboss.test.faces.staging.StagingServer destroy
INFO: Staging server have been destroyed
Aug 19, 2026 12:59:43 PM org.jboss.test.faces.staging.StagingServer init
INFO: Init staging server
Aug 19, 2026 12:59:43 PM com.sun.faces.config.ConfigureListener contextInitialized
INFO: Initializing Mojarra 2.2.11 ( 20150505-0732 https://svn.java.net/svn/mojarra~svn/tags/2.2.11@14688) for context ''
Aug 19, 2026 12:59:43 PM com.sun.faces.config.ConfigureListener contextInitialized
WARNING: JSF1059: WARNING!  The com.sun.faces.verifyObjects feature is to aid developers not using tools.  It shouldn''t be enabled if using an IDE, or if this application is being deployed for production as it will impact application start times.
Aug 19, 2026 12:59:43 PM com.sun.faces.spi.InjectionProviderFactory createInstance
INFO: JSF1048: PostConstruct/PreDestroy annotations present.  ManagedBeans methods marked with these annotations will have said annotations processed.
Aug 19, 2026 12:59:43 PM org.richfaces.application.DefaultModule configure
WARNING: There was no service org.richfaces.focus.FocusManager found
Aug 19, 2026 12:59:43 PM org.richfaces.cache.CacheManager getCacheFactory
INFO: Selected [org.richfaces.cache.JBossCacheCacheFactory]
Aug 19, 2026 12:59:43 PM org.jboss.cache.jmx.PlatformMBeanServerRegistration registerToPlatformMBeanServer
INFO: JBossCache MBeans were successfully registered to the platform mbean server.
Aug 19, 2026 12:59:43 PM org.jboss.cache.factories.ComponentRegistry internalStart
INFO: JBoss Cache version: JBossCache 'Malagueta' 3.2.5.GA
Aug 19, 2026 12:59:43 PM org.richfaces.application.InitializationListener logWarningWhenConnectionFactoryPresent
WARNING: JMS API was found on the classpath; if you want to enable RichFaces Push JMS integration, set context-param 'org.richfaces.push.jms.enabled' in web.xml
Aug 19, 2026 12:59:43 PM org.jboss.test.faces.staging.StagingServer init
WARNING: Initial context factory builder already set.
Aug 19, 2026 12:59:43 PM org.jboss.test.faces.staging.StagingServer destroy
INFO: Staging server have been destroyed
Aug 19, 2026 12:59:43 PM org.jboss.test.faces.staging.StagingServer init
INFO: Init staging server
Aug 19, 2026 12:59:43 PM com.sun.faces.config.ConfigureListener contextInitialized
INFO: Initializing Mojarra 2.2.11 ( 20150505-0732 https://svn.java.net/svn/mojarra~svn/tags/2.2.11@14688) for context ''
Aug 19, 2026 12:59:43 PM com.sun.faces.config.ConfigureListener contextInitialized
WARNING: JSF1059: WARNING!  The com.sun.faces.verifyObjects feature is to aid developers not using tools.  It shouldn''t be enabled if using an IDE, or if this application is being deployed for production as it will impact application start times.
Aug 19, 2026 12:59:43 PM com.sun.faces.spi.InjectionProviderFactory createInstance
INFO: JSF1048: PostConstruct/PreDestroy annotations present.  ManagedBeans methods marked with these annotations will have said annotations processed.
Aug 19, 2026 12:59:44 PM org.richfaces.application.DefaultModule configure
WARNING: There was no service org.richfaces.focus.FocusManager found
Aug 19, 2026 12:59:44 PM org.richfaces.cache.CacheManager getCacheFactory
INFO: Selected [org.richfaces.cache.JBossCacheCacheFactory]
Aug 19, 2026 12:59:44 PM org.jboss.cache.jmx.PlatformMBeanServerRegistration registerToPlatformMBeanServer
INFO: JBossCache MBeans were successfully registered to the platform mbean server.
Aug 19, 2026 12:59:44 PM org.jboss.cache.factories.ComponentRegistry internalStart
INFO: JBoss Cache version: JBossCache 'Malagueta' 3.2.5.GA
Aug 19, 2026 12:59:44 PM org.richfaces.application.InitializationListener logWarningWhenConnectionFactoryPresent
WARNING: JMS API was found on the classpath; if you want to enable RichFaces Push JMS integration, set context-param 'org.richfaces.push.jms.enabled' in web.xml
Aug 19, 2026 12:59:44 PM org.jboss.test.faces.staging.StagingServer init
WARNING: Initial context factory builder already set.
Aug 19, 2026 12:59:44 PM org.jboss.test.faces.staging.StagingServer destroy
INFO: Staging server have been destroyed
Aug 19, 2026 12:59:44 PM org.jboss.test.faces.staging.StagingServer init
INFO: Init staging server
Aug 19, 2026 12:59:44 PM com.sun.faces.config.ConfigureListener contextInitialized
INFO: Initializing Mojarra 2.2.11 ( 20150505-0732 https://svn.java.net/svn/mojarra~svn/tags/2.2.11@14688) for context ''
Aug 19, 2026 12:59:44 PM com.sun.faces.config.ConfigureListener contextInitialized
WARNING: JSF1059: WARNING!  The com.sun.faces.verifyObjects feature is to aid developers not using tools.  It shouldn''t be enabled if using an IDE, or if this application is being deployed for production as it will impact application start times.
Aug 19, 2026 12:59:44 PM com.sun.faces.spi.InjectionProviderFactory createInstance
INFO: JSF1048: PostConstruct/PreDestroy annotations present.  ManagedBeans methods marked with these annotations will have said annotations processed.
Aug 19, 2026 12:59:44 PM org.richfaces.application.DefaultModule configure
WARNING: There was no service org.richfaces.focus.FocusManager found
Aug 19, 2026 12:59:44 PM org.richfaces.cache.CacheManager getCacheFactory
INFO: Selected [org.richfaces.cache.JBossCacheCacheFactory]
Aug 19, 2026 12:59:44 PM org.jboss.cache.jmx.PlatformMBeanServerRegistration registerToPlatformMBeanServer
INFO: JBossCache MBeans were successfully registered to the platform mbean server.
Aug 19, 2026 12:59:44 PM org.jboss.cache.factories.ComponentRegistry internalStart
INFO: JBoss Cache version: JBossCache 'Malagueta' 3.2.5.GA
Aug 19, 2026 12:59:44 PM org.richfaces.application.InitializationListener logWarningWhenConnectionFactoryPresent
WARNING: JMS API was found on the classpath; if you want to enable RichFaces Push JMS integration, set context-param 'org.richfaces.push.jms.enabled' in web.xml
Aug 19, 2026 12:59:44 PM org.jboss.test.faces.staging.StagingServer init
WARNING: Initial context factory builder already set.
Aug 19, 2026 12:59:44 PM org.jboss.test.faces.staging.StagingServer destroy
INFO: Staging server have been destroyed
Aug 19, 2026 12:59:44 PM org.jboss.test.faces.staging.StagingServer init
INFO: Init staging server
Aug 19, 2026 12:59:44 PM com.sun.faces.config.ConfigureListener contextInitialized
INFO: Initializing Mojarra 2.2.11 ( 20150505-0732 https://svn.java.net/svn/mojarra~svn/tags/2.2.11@14688) for context ''
Aug 19, 2026 12:59:44 PM com.sun.faces.config.ConfigureListener contextInitialized
WARNING: JSF1059: WARNING!  The com.sun.faces.verifyObjects feature is to aid developers not using tools.  It shouldn''t be enabled if using an IDE, or if this application is being deployed for production as it will impact application start times.
Aug 19, 2026 12:59:44 PM com.sun.faces.spi.InjectionProviderFactory createInstance
INFO: JSF1048: PostConstruct/PreDestroy annotations present.  ManagedBeans methods marked with these annotations will have said annotations processed.
Aug 19, 2026 12:59:44 PM org.richfaces.application.DefaultModule configure
WARNING: There was no service org.richfaces.focus.FocusManager found
Aug 19, 2026 12:59:44 PM org.richfaces.cache.CacheManager getCacheFactory
INFO: Selected [org.richfaces.cache.JBossCacheCacheFactory]
Aug 19, 2026 12:59:44 PM org.jboss.cache.jmx.PlatformMBeanServerRegistration registerToPlatformMBeanServer
INFO: JBossCache MBeans were successfully registered to the platform mbean server.
Aug 19, 2026 12:59:44 PM org.jboss.cache.factories.ComponentRegistry internalStart
INFO: JBoss Cache version: JBossCache 'Malagueta' 3.2.5.GA
Aug 19, 2026 12:59:44 PM org.richfaces.application.InitializationListener logWarningWhenConnectionFactoryPresent
WARNING: JMS API was found on the classpath; if you want to enable RichFaces Push JMS integration, set context-param 'org.richfaces.push.jms.enabled' in web.xml
Aug 19, 2026 12:59:44 PM org.jboss.test.faces.staging.StagingServer init
WARNING: Initial context factory builder already set.
Aug 19, 2026 12:59:44 PM org.jboss.test.faces.staging.StagingServer destroy
INFO: Staging server have been destroyed
Aug 19, 2026 12:59:44 PM org.jboss.test.faces.staging.StagingServer init
INFO: Init staging server
Aug 19, 2026 12:59:44 PM com.sun.faces.config.ConfigureListener contextInitialized
INFO: Initializing Mojarra 2.2.11 ( 20150505-0732 https://svn.java.net/svn/mojarra~svn/tags/2.2.11@14688) for context ''
Aug 19, 2026 12:59:44 PM com.sun.faces.config.ConfigureListener contextInitialized
WARNING: JSF1059: WARNING!  The com.sun.faces.verifyObjects feature is to aid developers not using tools.  It shouldn''t be enabled if using an IDE, or if this application is being deployed for production as it will impact application start times.
Aug 19, 2026 12:59:44 PM com.sun.faces.spi.InjectionProviderFactory createInstance
INFO: JSF1048: PostConstruct/PreDestroy annotations present.  ManagedBeans methods marked with these annotations will have said annotations processed.
Aug 19, 2026 12:59:44 PM org.richfaces.application.DefaultModule configure
WARNING: There was no service org.richfaces.focus.FocusManager found
Aug 19, 2026 12:59:44 PM org.richfaces.cache.CacheManager getCacheFactory
INFO: Selected [org.richfaces.cache.JBossCacheCacheFactory]
Aug 19, 2026 12:59:44 PM org.jboss.cache.jmx.PlatformMBeanServerRegistration registerToPlatformMBeanServer
INFO: JBossCache MBeans were successfully registered to the platform mbean server.
Aug 19, 2026 12:59:44 PM org.jboss.cache.factories.ComponentRegistry internalStart
INFO: JBoss Cache version: JBossCache 'Malagueta' 3.2.5.GA
Aug 19, 2026 12:59:44 PM org.richfaces.application.InitializationListener logWarningWhenConnectionFactoryPresent
WARNING: JMS API was found on the classpath; if you want to enable RichFaces Push JMS integration, set context-param 'org.richfaces.push.jms.enabled' in web.xml
Aug 19, 2026 12:59:44 PM org.jboss.test.faces.staging.StagingServer init
WARNING: Initial context factory builder already set.
Aug 19, 2026 12:59:44 PM org.jboss.test.faces.staging.StagingServer destroy
INFO: Staging server have been destroyed
Aug 19, 2026 12:59:44 PM org.jboss.test.faces.staging.StagingServer init
INFO: Init staging server
Aug 19, 2026 12:59:44 PM com.sun.faces.config.ConfigureListener contextInitialized
INFO: Initializing Mojarra 2.2.11 ( 20150505-0732 https://svn.java.net/svn/mojarra~svn/tags/2.2.11@14688) for context ''
Aug 19, 2026 12:59:44 PM com.sun.faces.config.ConfigureListener contextInitialized
WARNING: JSF1059: WARNING!  The com.sun.faces.verifyObjects feature is to aid developers not using tools.  It shouldn''t be enabled if using an IDE, or if this application is being deployed for production as it will impact application start times.
Aug 19, 2026 12:59:44 PM com.sun.faces.spi.InjectionProviderFactory createInstance
INFO: JSF1048: PostConstruct/PreDestroy annotations present.  ManagedBeans methods marked with these annotations will have said annotations processed.
Aug 19, 2026 12:59:44 PM org.richfaces.application.DefaultModule configure
WARNING: There was no service org.richfaces.focus.FocusManager found
Aug 19, 2026 12:59:44 PM org.richfaces.cache.CacheManager getCacheFactory
INFO: Selected [org.richfaces.cache.JBossCacheCacheFactory]
Aug 19, 2026 12:59:44 PM org.jboss.cache.jmx.PlatformMBeanServerRegistration registerToPlatformMBeanServer
INFO: JBossCache MBeans were successfully registered to the platform mbean server.
Aug 19, 2026 12:59:44 PM org.jboss.cache.factories.ComponentRegistry internalStart
INFO: JBoss Cache version: JBossCache 'Malagueta' 3.2.5.GA
Aug 19, 2026 12:59:44 PM org.richfaces.application.InitializationListener logWarningWhenConnectionFactoryPresent
WARNING: JMS API was found on the classpath; if you want to enable RichFaces Push JMS integration, set context-param 'org.richfaces.push.jms.enabled' in web.xml
Aug 19, 2026 12:59:44 PM org.jboss.test.faces.staging.StagingServer init
WARNING: Initial context factory builder already set.
Aug 19, 2026 12:59:44 PM org.jboss.test.faces.staging.StagingServer destroy
INFO: Staging server have been destroyed
Aug 19, 2026 12:59:44 PM org.jboss.test.faces.staging.StagingServer init
INFO: Init staging server
Aug 19, 2026 12:59:44 PM com.sun.faces.config.ConfigureListener contextInitialized
INFO: Initializing Mojarra 2.2.11 ( 20150505-0732 https://svn.java.net/svn/mojarra~svn/tags/2.2.11@14688) for context ''
Aug 19, 2026 12:59:44 PM com.sun.faces.config.ConfigureListener contextInitialized
WARNING: JSF1059: WARNING!  The com.sun.faces.verifyObjects feature is to aid developers not using tools.  It shouldn''t be enabled if using an IDE, or if this application is being deployed for production as it will impact application start times.
Aug 19, 2026 12:59:44 PM com.sun.faces.spi.InjectionProviderFactory createInstance
INFO: JSF1048: PostConstruct/PreDestroy annotations present.  ManagedBeans methods marked with these annotations will have said annotations processed.
Aug 19, 2026 12:59:44 PM org.richfaces.application.DefaultModule configure
WARNING: There was no service org.richfaces.focus.FocusManager found
Aug 19, 2026 12:59:44 PM org.richfaces.cache.CacheManager getCacheFactory
INFO: Selected [org.richfaces.cache.JBossCacheCacheFactory]
Aug 19, 2026 12:59:44 PM org.jboss.cache.jmx.PlatformMBeanServerRegistration registerToPlatformMBeanServer
INFO: JBossCache MBeans were successfully registered to the platform mbean server.
Aug 19, 2026 12:59:44 PM org.jboss.cache.factories.ComponentRegistry internalStart
INFO: JBoss Cache version: JBossCache 'Malagueta' 3.2.5.GA
Aug 19, 2026 12:59:44 PM org.richfaces.application.InitializationListener logWarningWhenConnectionFactoryPresent
WARNING: JMS API was found on the classpath; if you want to enable RichFaces Push JMS integration, set context-param 'org.richfaces.push.jms.enabled' in web.xml
Aug 19, 2026 12:59:44 PM org.jboss.test.faces.staging.StagingServer init
WARNING: Initial context factory builder already set.
Aug 19, 2026 12:59:44 PM org.jboss.test.faces.staging.StagingServer destroy
INFO: Staging server have been destroyed
Aug 19, 2026 12:59:44 PM org.jboss.test.faces.staging.StagingServer init
INFO: Init staging server
Aug 19, 2026 12:59:44 PM com.sun.faces.config.ConfigureListener contextInitialized
INFO: Initializing Mojarra 2.2.11 ( 20150505-0732 https://svn.java.net/svn/mojarra~svn/tags/2.2.11@14688) for context ''
Aug 19, 2026 12:59:44 PM com.sun.faces.config.ConfigureListener contextInitialized
WARNING: JSF1059: WARNING!  The com.sun.faces.verifyObjects feature is to aid developers not using tools.  It shouldn''t be enabled if using an IDE, or if this application is being deployed for production as it will impact application start times.
Aug 19, 2026 12:59:44 PM com.sun.faces.spi.InjectionProviderFactory createInstance
INFO: JSF1048: PostConstruct/PreDestroy annotations present.  ManagedBeans methods marked with these annotations will have said annotations processed.
Aug 19, 2026 12:59:44 PM org.richfaces.application.DefaultModule configure
WARNING: There was no service org.richfaces.focus.FocusManager found
Aug 19, 2026 12:59:44 PM org.richfaces.cache.CacheManager getCacheFactory
INFO: Selected [org.richfaces.cache.JBossCacheCacheFactory]
Aug 19, 2026 12:59:44 PM org.jboss.cache.jmx.PlatformMBeanServerRegistration registerToPlatformMBeanServer
INFO: JBossCache MBeans were successfully registered to the platform mbean server.
Aug 19, 2026 12:59:44 PM org.jboss.cache.factories.ComponentRegistry internalStart
INFO: JBoss Cache version: JBossCache 'Malagueta' 3.2.5.GA
Aug 19, 2026 12:59:44 PM org.richfaces.application.InitializationListener logWarningWhenConnectionFactoryPresent
WARNING: JMS API was found on the classpath; if you want to enable RichFaces Push JMS integration, set context-param 'org.richfaces.push.jms.enabled' in web.xml
Aug 19, 2026 12:59:44 PM org.jboss.test.faces.staging.StagingServer init
WARNING: Initial context factory builder already set.
Aug 19, 2026 12:59:44 PM org.jboss.test.faces.staging.StagingServer destroy
INFO: Staging server have been destroyed
Tests run: 12, Failures: 0, Errors: 0, Skipped: 0, Time elapsed: 1.694 sec - in org.richfaces.context.ComponentIdResolverTest
Running org.richfaces.context.IdSplitIteratorTest
Tests run: 5, Failures: 0, Errors: 0, Skipped: 0, Time elapsed: 0.01 sec - in org.richfaces.context.IdSplitIteratorTest
Running org.richfaces.context.ExtendedPartialVisitContextTest
Aug 19, 2026 12:59:44 PM org.jboss.test.faces.staging.StagingServer init
INFO: Init staging server
Aug 19, 2026 12:59:44 PM com.sun.faces.config.ConfigureListener contextInitialized
INFO: Initializing Mojarra 2.2.11 ( 20150505-0732 https://svn.java.net/svn/mojarra~svn/tags/2.2.11@14688) for context ''
Aug 19, 2026 12:59:44 PM com.sun.faces.config.ConfigureListener contextInitialized
WARNING: JSF1059: WARNING!  The com.sun.faces.verifyObjects feature is to aid developers not using tools.  It shouldn''t be enabled if using an IDE, or if this application is being deployed for production as it will impact application start times.
Aug 19, 2026 12:59:44 PM com.sun.faces.spi.InjectionProviderFactory createInstance
INFO: JSF1048: PostConstruct/PreDestroy annotations present.  ManagedBeans methods marked with these annotations will have said annotations processed.
Aug 19, 2026 12:59:44 PM org.richfaces.application.DefaultModule configure
WARNING: There was no service org.richfaces.focus.FocusManager found
Aug 19, 2026 12:59:44 PM org.richfaces.cache.CacheManager getCacheFactory
INFO: Selected [org.richfaces.cache.JBossCacheCacheFactory]
Aug 19, 2026 12:59:44 PM org.jboss.cache.jmx.PlatformMBeanServerRegistration registerToPlatformMBeanServer
INFO: JBossCache MBeans were successfully registered to the platform mbean server.
Aug 19, 2026 12:59:44 PM org.jboss.cache.factories.ComponentRegistry internalStart
INFO: JBoss Cache version: JBossCache 'Malagueta' 3.2.5.GA
Aug 19, 2026 12:59:44 PM org.richfaces.application.InitializationListener logWarningWhenConnectionFactoryPresent
WARNING: JMS API was found on the classpath; if you want to enable RichFaces Push JMS integration, set context-param 'org.richfaces.push.jms.enabled' in web.xml
Aug 19, 2026 12:59:44 PM org.jboss.test.faces.staging.StagingServer init
WARNING: Initial context factory builder already set.
Aug 19, 2026 12:59:44 PM org.jboss.test.faces.staging.StagingServer destroy
INFO: Staging server have been destroyed
Aug 19, 2026 12:59:44 PM org.jboss.test.faces.staging.StagingServer init
INFO: Init staging server
Aug 19, 2026 12:59:44 PM com.sun.faces.config.ConfigureListener contextInitialized
INFO: Initializing Mojarra 2.2.11 ( 20150505-0732 https://svn.java.net/svn/mojarra~svn/tags/2.2.11@14688) for context ''
Aug 19, 2026 12:59:44 PM com.sun.faces.config.ConfigureListener contextInitialized
WARNING: JSF1059: WARNING!  The com.sun.faces.verifyObjects feature is to aid developers not using tools.  It shouldn''t be enabled if using an IDE, or if this application is being deployed for production as it will impact application start times.
Aug 19, 2026 12:59:45 PM com.sun.faces.spi.InjectionProviderFactory createInstance
INFO: JSF1048: PostConstruct/PreDestroy annotations present.  ManagedBeans methods marked with these annotations will have said annotations processed.
Aug 19, 2026 12:59:45 PM org.richfaces.application.DefaultModule configure
WARNING: There was no service org.richfaces.focus.FocusManager found
Aug 19, 2026 12:59:45 PM org.richfaces.cache.CacheManager getCacheFactory
INFO: Selected [org.richfaces.cache.JBossCacheCacheFactory]
Aug 19, 2026 12:59:45 PM org.jboss.cache.jmx.PlatformMBeanServerRegistration registerToPlatformMBeanServer
INFO: JBossCache MBeans were successfully registered to the platform mbean server.
Aug 19, 2026 12:59:45 PM org.jboss.cache.factories.ComponentRegistry internalStart
INFO: JBoss Cache version: JBossCache 'Malagueta' 3.2.5.GA
Aug 19, 2026 12:59:45 PM org.richfaces.application.InitializationListener logWarningWhenConnectionFactoryPresent
WARNING: JMS API was found on the classpath; if you want to enable RichFaces Push JMS integration, set context-param 'org.richfaces.push.jms.enabled' in web.xml
Aug 19, 2026 12:59:45 PM org.jboss.test.faces.staging.StagingServer init
WARNING: Initial context factory builder already set.
Aug 19, 2026 12:59:45 PM org.jboss.test.faces.staging.StagingServer destroy
INFO: Staging server have been destroyed
Aug 19, 2026 12:59:45 PM org.jboss.test.faces.staging.StagingServer init
INFO: Init staging server
Aug 19, 2026 12:59:45 PM com.sun.faces.config.ConfigureListener contextInitialized
INFO: Initializing Mojarra 2.2.11 ( 20150505-0732 https://svn.java.net/svn/mojarra~svn/tags/2.2.11@14688) for context ''
Aug 19, 2026 12:59:45 PM com.sun.faces.config.ConfigureListener contextInitialized
WARNING: JSF1059: WARNING!  The com.sun.faces.verifyObjects feature is to aid developers not using tools.  It shouldn''t be enabled if using an IDE, or if this application is being deployed for production as it will impact application start times.
Aug 19, 2026 12:59:45 PM com.sun.faces.spi.InjectionProviderFactory createInstance
INFO: JSF1048: PostConstruct/PreDestroy annotations present.  ManagedBeans methods marked with these annotations will have said annotations processed.
Aug 19, 2026 12:59:45 PM org.richfaces.application.DefaultModule configure
WARNING: There was no service org.richfaces.focus.FocusManager found
Aug 19, 2026 12:59:45 PM org.richfaces.cache.CacheManager getCacheFactory
INFO: Selected [org.richfaces.cache.JBossCacheCacheFactory]
Aug 19, 2026 12:59:45 PM org.jboss.cache.jmx.PlatformMBeanServerRegistration registerToPlatformMBeanServer
INFO: JBossCache MBeans were successfully registered to the platform mbean server.
Aug 19, 2026 12:59:45 PM org.jboss.cache.factories.ComponentRegistry internalStart
INFO: JBoss Cache version: JBossCache 'Malagueta' 3.2.5.GA
Aug 19, 2026 12:59:45 PM org.richfaces.application.InitializationListener logWarningWhenConnectionFactoryPresent
WARNING: JMS API was found on the classpath; if you want to enable RichFaces Push JMS integration, set context-param 'org.richfaces.push.jms.enabled' in web.xml
Aug 19, 2026 12:59:45 PM org.jboss.test.faces.staging.StagingServer init
WARNING: Initial context factory builder already set.
Aug 19, 2026 12:59:45 PM org.jboss.test.faces.staging.StagingServer destroy
INFO: Staging server have been destroyed
Aug 19, 2026 12:59:45 PM org.jboss.test.faces.staging.StagingServer init
INFO: Init staging server
Aug 19, 2026 12:59:45 PM com.sun.faces.config.ConfigureListener contextInitialized
INFO: Initializing Mojarra 2.2.11 ( 20150505-0732 https://svn.java.net/svn/mojarra~svn/tags/2.2.11@14688) for context ''
Aug 19, 2026 12:59:45 PM com.sun.faces.config.ConfigureListener contextInitialized
WARNING: JSF1059: WARNING!  The com.sun.faces.verifyObjects feature is to aid developers not using tools.  It shouldn''t be enabled if using an IDE, or if this application is being deployed for production as it will impact application start times.
Aug 19, 2026 12:59:45 PM com.sun.faces.spi.InjectionProviderFactory createInstance
INFO: JSF1048: PostConstruct/PreDestroy annotations present.  ManagedBeans methods marked with these annotations will have said annotations processed.
Aug 19, 2026 12:59:45 PM org.richfaces.application.DefaultModule configure
WARNING: There was no service org.richfaces.focus.FocusManager found
Aug 19, 2026 12:59:45 PM org.richfaces.cache.CacheManager getCacheFactory
INFO: Selected [org.richfaces.cache.JBossCacheCacheFactory]
Aug 19, 2026 12:59:45 PM org.jboss.cache.jmx.PlatformMBeanServerRegistration registerToPlatformMBeanServer
INFO: JBossCache MBeans were successfully registered to the platform mbean server.
Aug 19, 2026 12:59:45 PM org.jboss.cache.factories.ComponentRegistry internalStart
INFO: JBoss Cache version: JBossCache 'Malagueta' 3.2.5.GA
Aug 19, 2026 12:59:45 PM org.richfaces.application.InitializationListener logWarningWhenConnectionFactoryPresent
WARNING: JMS API was found on the classpath; if you want to enable RichFaces Push JMS integration, set context-param 'org.richfaces.push.jms.enabled' in web.xml
Aug 19, 2026 12:59:45 PM org.jboss.test.faces.staging.StagingServer init
WARNING: Initial context factory builder already set.
Aug 19, 2026 12:59:45 PM org.jboss.test.faces.staging.StagingServer destroy
INFO: Staging server have been destroyed
Aug 19, 2026 12:59:45 PM org.jboss.test.faces.staging.StagingServer init
INFO: Init staging server
Aug 19, 2026 12:59:45 PM com.sun.faces.config.ConfigureListener contextInitialized
INFO: Initializing Mojarra 2.2.11 ( 20150505-0732 https://svn.java.net/svn/mojarra~svn/tags/2.2.11@14688) for context ''
Aug 19, 2026 12:59:45 PM com.sun.faces.config.ConfigureListener contextInitialized
WARNING: JSF1059: WARNING!  The com.sun.faces.verifyObjects feature is to aid developers not using tools.  It shouldn''t be enabled if using an IDE, or if this application is being deployed for production as it will impact application start times.
Aug 19, 2026 12:59:45 PM com.sun.faces.spi.InjectionProviderFactory createInstance
INFO: JSF1048: PostConstruct/PreDestroy annotations present.  ManagedBeans methods marked with these annotations will have said annotations processed.
Aug 19, 2026 12:59:45 PM org.richfaces.application.DefaultModule configure
WARNING: There was no service org.richfaces.focus.FocusManager found
Aug 19, 2026 12:59:45 PM org.richfaces.cache.CacheManager getCacheFactory
INFO: Selected [org.richfaces.cache.JBossCacheCacheFactory]
Aug 19, 2026 12:59:45 PM org.jboss.cache.jmx.PlatformMBeanServerRegistration registerToPlatformMBeanServer
INFO: JBossCache MBeans were successfully registered to the platform mbean server.
Aug 19, 2026 12:59:45 PM org.jboss.cache.factories.ComponentRegistry internalStart
INFO: JBoss Cache version: JBossCache 'Malagueta' 3.2.5.GA
Aug 19, 2026 12:59:45 PM org.richfaces.application.InitializationListener logWarningWhenConnectionFactoryPresent
WARNING: JMS API was found on the classpath; if you want to enable RichFaces Push JMS integration, set context-param 'org.richfaces.push.jms.enabled' in web.xml
Aug 19, 2026 12:59:45 PM org.jboss.test.faces.staging.StagingServer init
WARNING: Initial context factory builder already set.
Aug 19, 2026 12:59:45 PM org.jboss.test.faces.staging.StagingServer destroy
INFO: Staging server have been destroyed
Aug 19, 2026 12:59:45 PM org.jboss.test.faces.staging.StagingServer init
INFO: Init staging server
Aug 19, 2026 12:59:45 PM com.sun.faces.config.ConfigureListener contextInitialized
INFO: Initializing Mojarra 2.2.11 ( 20150505-0732 https://svn.java.net/svn/mojarra~svn/tags/2.2.11@14688) for context ''
Aug 19, 2026 12:59:45 PM com.sun.faces.config.ConfigureListener contextInitialized
WARNING: JSF1059: WARNING!  The com.sun.faces.verifyObjects feature is to aid developers not using tools.  It shouldn''t be enabled if using an IDE, or if this application is being deployed for production as it will impact application start times.
Aug 19, 2026 12:59:45 PM com.sun.faces.spi.InjectionProviderFactory createInstance
INFO: JSF1048: PostConstruct/PreDestroy annotations present.  ManagedBeans methods marked with these annotations will have said annotations processed.
Aug 19, 2026 12:59:45 PM org.richfaces.application.DefaultModule configure
WARNING: There was no service org.richfaces.focus.FocusManager found
Aug 19, 2026 12:59:45 PM org.richfaces.cache.CacheManager getCacheFactory
INFO: Selected [org.richfaces.cache.JBossCacheCacheFactory]
Aug 19, 2026 12:59:45 PM org.jboss.cache.jmx.PlatformMBeanServerRegistration registerToPlatformMBeanServer
INFO: JBossCache MBeans were successfully registered to the platform mbean server.
Aug 19, 2026 12:59:45 PM org.jboss.cache.factories.ComponentRegistry internalStart
INFO: JBoss Cache version: JBossCache 'Malagueta' 3.2.5.GA
Aug 19, 2026 12:59:45 PM org.richfaces.application.InitializationListener logWarningWhenConnectionFactoryPresent
WARNING: JMS API was found on the classpath; if you want to enable RichFaces Push JMS integration, set context-param 'org.richfaces.push.jms.enabled' in web.xml
Aug 19, 2026 12:59:45 PM org.jboss.test.faces.staging.StagingServer init
WARNING: Initial context factory builder already set.
Aug 19, 2026 12:59:45 PM org.jboss.test.faces.staging.StagingServer destroy
INFO: Staging server have been destroyed
Aug 19, 2026 12:59:45 PM org.jboss.test.faces.staging.StagingServer init
INFO: Init staging server
Aug 19, 2026 12:59:45 PM com.sun.faces.config.ConfigureListener contextInitialized
INFO: Initializing Mojarra 2.2.11 ( 20150505-0732 https://svn.java.net/svn/mojarra~svn/tags/2.2.11@14688) for context ''
Aug 19, 2026 12:59:45 PM com.sun.faces.config.ConfigureListener contextInitialized
WARNING: JSF1059: WARNING!  The com.sun.faces.verifyObjects feature is to aid developers not using tools.  It shouldn''t be enabled if using an IDE, or if this application is being deployed for production as it will impact application start times.
Aug 19, 2026 12:59:45 PM com.sun.faces.spi.InjectionProviderFactory createInstance
INFO: JSF1048: PostConstruct/PreDestroy annotations present.  ManagedBeans methods marked with these annotations will have said annotations processed.
Aug 19, 2026 12:59:45 PM org.richfaces.application.DefaultModule configure
WARNING: There was no service org.richfaces.focus.FocusManager found
Aug 19, 2026 12:59:45 PM org.richfaces.cache.CacheManager getCacheFactory
INFO: Selected [org.richfaces.cache.JBossCacheCacheFactory]
Aug 19, 2026 12:59:45 PM org.jboss.cache.jmx.PlatformMBeanServerRegistration registerToPlatformMBeanServer
INFO: JBossCache MBeans were successfully registered to the platform mbean server.
Aug 19, 2026 12:59:45 PM org.jboss.cache.factories.ComponentRegistry internalStart
INFO: JBoss Cache version: JBossCache 'Malagueta' 3.2.5.GA
Aug 19, 2026 12:59:45 PM org.richfaces.application.InitializationListener logWarningWhenConnectionFactoryPresent
WARNING: JMS API was found on the classpath; if you want to enable RichFaces Push JMS integration, set context-param 'org.richfaces.push.jms.enabled' in web.xml
Aug 19, 2026 12:59:45 PM org.jboss.test.faces.staging.StagingServer init
WARNING: Initial context factory builder already set.
Aug 19, 2026 12:59:45 PM org.jboss.test.faces.staging.StagingServer destroy
INFO: Staging server have been destroyed
Aug 19, 2026 12:59:45 PM org.jboss.test.faces.staging.StagingServer init
INFO: Init staging server
Aug 19, 2026 12:59:45 PM com.sun.faces.config.ConfigureListener contextInitialized
INFO: Initializing Mojarra 2.2.11 ( 20150505-0732 https://svn.java.net/svn/mojarra~svn/tags/2.2.11@14688) for context ''
Aug 19, 2026 12:59:45 PM com.sun.faces.config.ConfigureListener contextInitialized
WARNING: JSF1059: WARNING!  The com.sun.faces.verifyObjects feature is to aid developers not using tools.  It shouldn''t be enabled if using an IDE, or if this application is being deployed for production as it will impact application start times.
Aug 19, 2026 12:59:45 PM com.sun.faces.spi.InjectionProviderFactory createInstance
INFO: JSF1048: PostConstruct/PreDestroy annotations present.  ManagedBeans methods marked with these annotations will have said annotations processed.
Aug 19, 2026 12:59:45 PM org.richfaces.application.DefaultModule configure
WARNING: There was no service org.richfaces.focus.FocusManager found
Aug 19, 2026 12:59:45 PM org.richfaces.cache.CacheManager getCacheFactory
INFO: Selected [org.richfaces.cache.JBossCacheCacheFactory]
Aug 19, 2026 12:59:45 PM org.jboss.cache.jmx.PlatformMBeanServerRegistration registerToPlatformMBeanServer
INFO: JBossCache MBeans were successfully registered to the platform mbean server.
Aug 19, 2026 12:59:45 PM org.jboss.cache.factories.ComponentRegistry internalStart
INFO: JBoss Cache version: JBossCache 'Malagueta' 3.2.5.GA
Aug 19, 2026 12:59:45 PM org.richfaces.application.InitializationListener logWarningWhenConnectionFactoryPresent
WARNING: JMS API was found on the classpath; if you want to enable RichFaces Push JMS integration, set context-param 'org.richfaces.push.jms.enabled' in web.xml
Aug 19, 2026 12:59:45 PM org.jboss.test.faces.staging.StagingServer init
WARNING: Initial context factory builder already set.
Aug 19, 2026 12:59:45 PM org.jboss.test.faces.staging.StagingServer destroy
INFO: Staging server have been destroyed
Aug 19, 2026 12:59:45 PM org.jboss.test.faces.staging.StagingServer init
INFO: Init staging server
Aug 19, 2026 12:59:45 PM com.sun.faces.config.ConfigureListener contextInitialized
INFO: Initializing Mojarra 2.2.11 ( 20150505-0732 https://svn.java.net/svn/mojarra~svn/tags/2.2.11@14688) for context ''
Aug 19, 2026 12:59:45 PM com.sun.faces.config.ConfigureListener contextInitialized
WARNING: JSF1059: WARNING!  The com.sun.faces.verifyObjects feature is to aid developers not using tools.  It shouldn''t be enabled if using an IDE, or if this application is being deployed for production as it will impact application start times.
Aug 19, 2026 12:59:45 PM com.sun.faces.spi.InjectionProviderFactory createInstance
INFO: JSF1048: PostConstruct/PreDestroy annotations present.  ManagedBeans methods marked with these annotations will have said annotations processed.
Aug 19, 2026 12:59:45 PM org.richfaces.application.DefaultModule configure
WARNING: There was no service org.richfaces.focus.FocusManager found
Aug 19, 2026 12:59:45 PM org.richfaces.cache.CacheManager getCacheFactory
INFO: Selected [org.richfaces.cache.JBossCacheCacheFactory]
Aug 19, 2026 12:59:45 PM org.jboss.cache.jmx.PlatformMBeanServerRegistration registerToPlatformMBeanServer
INFO: JBossCache MBeans were successfully registered to the platform mbean server.
Aug 19, 2026 12:59:45 PM org.jboss.cache.factories.ComponentRegistry internalStart
INFO: JBoss Cache version: JBossCache 'Malagueta' 3.2.5.GA
Aug 19, 2026 12:59:45 PM org.richfaces.application.InitializationListener logWarningWhenConnectionFactoryPresent
WARNING: JMS API was found on the classpath; if you want to enable RichFaces Push JMS integration, set context-param 'org.richfaces.push.jms.enabled' in web.xml
Aug 19, 2026 12:59:45 PM org.jboss.test.faces.staging.StagingServer init
WARNING: Initial context factory builder already set.
Aug 19, 2026 12:59:45 PM org.jboss.test.faces.staging.StagingServer destroy
INFO: Staging server have been destroyed
Aug 19, 2026 12:59:45 PM org.jboss.test.faces.staging.StagingServer init
INFO: Init staging server
Aug 19, 2026 12:59:45 PM com.sun.faces.config.ConfigureListener contextInitialized
INFO: Initializing Mojarra 2.2.11 ( 20150505-0732 https://svn.java.net/svn/mojarra~svn/tags/2.2.11@14688) for context ''
Aug 19, 2026 12:59:45 PM com.sun.faces.config.ConfigureListener contextInitialized
WARNING: JSF1059: WARNING!  The com.sun.faces.verifyObjects feature is to aid developers not using tools.  It shouldn''t be enabled if using an IDE, or if this application is being deployed for production as it will impact application start times.
Aug 19, 2026 12:59:45 PM com.sun.faces.spi.InjectionProviderFactory createInstance
INFO: JSF1048: PostConstruct/PreDestroy annotations present.  ManagedBeans methods marked with these annotations will have said annotations processed.
Aug 19, 2026 12:59:46 PM org.richfaces.application.DefaultModule configure
WARNING: There was no service org.richfaces.focus.FocusManager found
Aug 19, 2026 12:59:46 PM org.richfaces.cache.CacheManager getCacheFactory
INFO: Selected [org.richfaces.cache.JBossCacheCacheFactory]
Aug 19, 2026 12:59:46 PM org.jboss.cache.jmx.PlatformMBeanServerRegistration registerToPlatformMBeanServer
INFO: JBossCache MBeans were successfully registered to the platform mbean server.
Aug 19, 2026 12:59:46 PM org.jboss.cache.factories.ComponentRegistry internalStart
INFO: JBoss Cache version: JBossCache 'Malagueta' 3.2.5.GA
Aug 19, 2026 12:59:46 PM org.richfaces.application.InitializationListener logWarningWhenConnectionFactoryPresent
WARNING: JMS API was found on the classpath; if you want to enable RichFaces Push JMS integration, set context-param 'org.richfaces.push.jms.enabled' in web.xml
Aug 19, 2026 12:59:46 PM org.jboss.test.faces.staging.StagingServer init
WARNING: Initial context factory builder already set.
Aug 19, 2026 12:59:46 PM org.jboss.test.faces.staging.StagingServer destroy
INFO: Staging server have been destroyed
Aug 19, 2026 12:59:46 PM org.jboss.test.faces.staging.StagingServer init
INFO: Init staging server
Aug 19, 2026 12:59:46 PM com.sun.faces.config.ConfigureListener contextInitialized
INFO: Initializing Mojarra 2.2.11 ( 20150505-0732 https://svn.java.net/svn/mojarra~svn/tags/2.2.11@14688) for context ''
Aug 19, 2026 12:59:46 PM com.sun.faces.config.ConfigureListener contextInitialized
WARNING: JSF1059: WARNING!  The com.sun.faces.verifyObjects feature is to aid developers not using tools.  It shouldn''t be enabled if using an IDE, or if this application is being deployed for production as it will impact application start times.
Aug 19, 2026 12:59:46 PM com.sun.faces.spi.InjectionProviderFactory createInstance
INFO: JSF1048: PostConstruct/PreDestroy annotations present.  ManagedBeans methods marked with these annotations will have said annotations processed.
Aug 19, 2026 12:59:46 PM org.richfaces.application.DefaultModule configure
WARNING: There was no service org.richfaces.focus.FocusManager found
Aug 19, 2026 12:59:46 PM org.richfaces.cache.CacheManager getCacheFactory
INFO: Selected [org.richfaces.cache.JBossCacheCacheFactory]
Aug 19, 2026 12:59:46 PM org.jboss.cache.jmx.PlatformMBeanServerRegistration registerToPlatformMBeanServer
INFO: JBossCache MBeans were successfully registered to the platform mbean server.
Aug 19, 2026 12:59:46 PM org.jboss.cache.factories.ComponentRegistry internalStart
INFO: JBoss Cache version: JBossCache 'Malagueta' 3.2.5.GA
Aug 19, 2026 12:59:46 PM org.richfaces.application.InitializationListener logWarningWhenConnectionFactoryPresent
WARNING: JMS API was found on the classpath; if you want to enable RichFaces Push JMS integration, set context-param 'org.richfaces.push.jms.enabled' in web.xml
Aug 19, 2026 12:59:46 PM org.jboss.test.faces.staging.StagingServer init
WARNING: Initial context factory builder already set.
Aug 19, 2026 12:59:46 PM org.jboss.test.faces.staging.StagingServer destroy
INFO: Staging server have been destroyed
Aug 19, 2026 12:59:46 PM org.jboss.test.faces.staging.StagingServer init
INFO: Init staging server
Aug 19, 2026 12:59:46 PM com.sun.faces.config.ConfigureListener contextInitialized
INFO: Initializing Mojarra 2.2.11 ( 20150505-0732 https://svn.java.net/svn/mojarra~svn/tags/2.2.11@14688) for context ''
Aug 19, 2026 12:59:46 PM com.sun.faces.config.ConfigureListener contextInitialized
WARNING: JSF1059: WARNING!  The com.sun.faces.verifyObjects feature is to aid developers not using tools.  It shouldn''t be enabled if using an IDE, or if this application is being deployed for production as it will impact application start times.
Aug 19, 2026 12:59:46 PM com.sun.faces.spi.InjectionProviderFactory createInstance
INFO: JSF1048: PostConstruct/PreDestroy annotations present.  ManagedBeans methods marked with these annotations will have said annotations processed.
Aug 19, 2026 12:59:46 PM org.richfaces.application.DefaultModule configure
WARNING: There was no service org.richfaces.focus.FocusManager found
Aug 19, 2026 12:59:46 PM org.richfaces.cache.CacheManager getCacheFactory
INFO: Selected [org.richfaces.cache.JBossCacheCacheFactory]
Aug 19, 2026 12:59:46 PM org.jboss.cache.jmx.PlatformMBeanServerRegistration registerToPlatformMBeanServer
INFO: JBossCache MBeans were successfully registered to the platform mbean server.
Aug 19, 2026 12:59:46 PM org.jboss.cache.factories.ComponentRegistry internalStart
INFO: JBoss Cache version: JBossCache 'Malagueta' 3.2.5.GA
Aug 19, 2026 12:59:46 PM org.richfaces.application.InitializationListener logWarningWhenConnectionFactoryPresent
WARNING: JMS API was found on the classpath; if you want to enable RichFaces Push JMS integration, set context-param 'org.richfaces.push.jms.enabled' in web.xml
Aug 19, 2026 12:59:46 PM org.jboss.test.faces.staging.StagingServer init
WARNING: Initial context factory builder already set.
Aug 19, 2026 12:59:46 PM org.jboss.test.faces.staging.StagingServer destroy
INFO: Staging server have been destroyed
Aug 19, 2026 12:59:46 PM org.jboss.test.faces.staging.StagingServer init
INFO: Init staging server
Aug 19, 2026 12:59:46 PM com.sun.faces.config.ConfigureListener contextInitialized
INFO: Initializing Mojarra 2.2.11 ( 20150505-0732 https://svn.java.net/svn/mojarra~svn/tags/2.2.11@14688) for context ''
Aug 19, 2026 12:59:46 PM com.sun.faces.config.ConfigureListener contextInitialized
WARNING: JSF1059: WARNING!  The com.sun.faces.verifyObjects feature is to aid developers not using tools.  It shouldn''t be enabled if using an IDE, or if this application is being deployed for production as it will impact application start times.
Aug 19, 2026 12:59:46 PM com.sun.faces.spi.InjectionProviderFactory createInstance
INFO: JSF1048: PostConstruct/PreDestroy annotations present.  ManagedBeans methods marked with these annotations will have said annotations processed.
Aug 19, 2026 12:59:46 PM org.richfaces.application.DefaultModule configure
WARNING: There was no service org.richfaces.focus.FocusManager found
Aug 19, 2026 12:59:46 PM org.richfaces.cache.CacheManager getCacheFactory
INFO: Selected [org.richfaces.cache.JBossCacheCacheFactory]
Aug 19, 2026 12:59:46 PM org.jboss.cache.jmx.PlatformMBeanServerRegistration registerToPlatformMBeanServer
INFO: JBossCache MBeans were successfully registered to the platform mbean server.
Aug 19, 2026 12:59:46 PM org.jboss.cache.factories.ComponentRegistry internalStart
INFO: JBoss Cache version: JBossCache 'Malagueta' 3.2.5.GA
Aug 19, 2026 12:59:46 PM org.richfaces.application.InitializationListener logWarningWhenConnectionFactoryPresent
WARNING: JMS API was found on the classpath; if you want to enable RichFaces Push JMS integration, set context-param 'org.richfaces.push.jms.enabled' in web.xml
Aug 19, 2026 12:59:46 PM org.jboss.test.faces.staging.StagingServer init
WARNING: Initial context factory builder already set.
Aug 19, 2026 12:59:46 PM org.jboss.test.faces.staging.StagingServer destroy
INFO: Staging server have been destroyed
Aug 19, 2026 12:59:46 PM org.jboss.test.faces.staging.StagingServer init
INFO: Init staging server
Aug 19, 2026 12:59:46 PM com.sun.faces.config.ConfigureListener contextInitialized
INFO: Initializing Mojarra 2.2.11 ( 20150505-0732 https://svn.java.net/svn/mojarra~svn/tags/2.2.11@14688) for context ''
Aug 19, 2026 12:59:46 PM com.sun.faces.config.ConfigureListener contextInitialized
WARNING: JSF1059: WARNING!  The com.sun.faces.verifyObjects feature is to aid developers not using tools.  It shouldn''t be enabled if using an IDE, or if this application is being deployed for production as it will impact application start times.
Aug 19, 2026 12:59:46 PM com.sun.faces.spi.InjectionProviderFactory createInstance
INFO: JSF1048: PostConstruct/PreDestroy annotations present.  ManagedBeans methods marked with these annotations will have said annotations processed.
Aug 19, 2026 12:59:46 PM org.richfaces.application.DefaultModule configure
WARNING: There was no service org.richfaces.focus.FocusManager found
Aug 19, 2026 12:59:46 PM org.richfaces.cache.CacheManager getCacheFactory
INFO: Selected [org.richfaces.cache.JBossCacheCacheFactory]
Aug 19, 2026 12:59:46 PM org.jboss.cache.jmx.PlatformMBeanServerRegistration registerToPlatformMBeanServer
INFO: JBossCache MBeans were successfully registered to the platform mbean server.
Aug 19, 2026 12:59:46 PM org.jboss.cache.factories.ComponentRegistry internalStart
INFO: JBoss Cache version: JBossCache 'Malagueta' 3.2.5.GA
Aug 19, 2026 12:59:46 PM org.richfaces.application.InitializationListener logWarningWhenConnectionFactoryPresent
WARNING: JMS API was found on the classpath; if you want to enable RichFaces Push JMS integration, set context-param 'org.richfaces.push.jms.enabled' in web.xml
Aug 19, 2026 12:59:46 PM org.jboss.test.faces.staging.StagingServer init
WARNING: Initial context factory builder already set.
Aug 19, 2026 12:59:46 PM org.jboss.test.faces.staging.StagingServer destroy
INFO: Staging server have been destroyed
Aug 19, 2026 12:59:46 PM org.jboss.test.faces.staging.StagingServer init
INFO: Init staging server
Aug 19, 2026 12:59:46 PM com.sun.faces.config.ConfigureListener contextInitialized
INFO: Initializing Mojarra 2.2.11 ( 20150505-0732 https://svn.java.net/svn/mojarra~svn/tags/2.2.11@14688) for context ''
Aug 19, 2026 12:59:46 PM com.sun.faces.config.ConfigureListener contextInitialized
WARNING: JSF1059: WARNING!  The com.sun.faces.verifyObjects feature is to aid developers not using tools.  It shouldn''t be enabled if using an IDE, or if this application is being deployed for production as it will impact application start times.
Aug 19, 2026 12:59:46 PM com.sun.faces.spi.InjectionProviderFactory createInstance
INFO: JSF1048: PostConstruct/PreDestroy annotations present.  ManagedBeans methods marked with these annotations will have said annotations processed.
Aug 19, 2026 12:59:46 PM org.richfaces.application.DefaultModule configure
WARNING: There was no service org.richfaces.focus.FocusManager found
Aug 19, 2026 12:59:46 PM org.richfaces.cache.CacheManager getCacheFactory
INFO: Selected [org.richfaces.cache.JBossCacheCacheFactory]
Aug 19, 2026 12:59:46 PM org.jboss.cache.jmx.PlatformMBeanServerRegistration registerToPlatformMBeanServer
INFO: JBossCache MBeans were successfully registered to the platform mbean server.
Aug 19, 2026 12:59:46 PM org.jboss.cache.factories.ComponentRegistry internalStart
INFO: JBoss Cache version: JBossCache 'Malagueta' 3.2.5.GA
Aug 19, 2026 12:59:46 PM org.richfaces.application.InitializationListener logWarningWhenConnectionFactoryPresent
WARNING: JMS API was found on the classpath; if you want to enable RichFaces Push JMS integration, set context-param 'org.richfaces.push.jms.enabled' in web.xml
Aug 19, 2026 12:59:46 PM org.jboss.test.faces.staging.StagingServer init
WARNING: Initial context factory builder already set.
Aug 19, 2026 12:59:46 PM org.jboss.test.faces.staging.StagingServer destroy
INFO: Staging server have been destroyed
Aug 19, 2026 12:59:46 PM org.jboss.test.faces.staging.StagingServer init
INFO: Init staging server
Aug 19, 2026 12:59:46 PM com.sun.faces.config.ConfigureListener contextInitialized
INFO: Initializing Mojarra 2.2.11 ( 20150505-0732 https://svn.java.net/svn/mojarra~svn/tags/2.2.11@14688) for context ''
Aug 19, 2026 12:59:46 PM com.sun.faces.config.ConfigureListener contextInitialized
WARNING: JSF1059: WARNING!  The com.sun.faces.verifyObjects feature is to aid developers not using tools.  It shouldn''t be enabled if using an IDE, or if this application is being deployed for production as it will impact application start times.
Aug 19, 2026 12:59:46 PM com.sun.faces.spi.InjectionProviderFactory createInstance
INFO: JSF1048: PostConstruct/PreDestroy annotations present.  ManagedBeans methods marked with these annotations will have said annotations processed.
Aug 19, 2026 12:59:46 PM org.richfaces.application.DefaultModule configure
WARNING: There was no service org.richfaces.focus.FocusManager found
Aug 19, 2026 12:59:46 PM org.richfaces.cache.CacheManager getCacheFactory
INFO: Selected [org.richfaces.cache.JBossCacheCacheFactory]
Aug 19, 2026 12:59:46 PM org.jboss.cache.jmx.PlatformMBeanServerRegistration registerToPlatformMBeanServer
INFO: JBossCache MBeans were successfully registered to the platform mbean server.
Aug 19, 2026 12:59:46 PM org.jboss.cache.factories.ComponentRegistry internalStart
INFO: JBoss Cache version: JBossCache 'Malagueta' 3.2.5.GA
Aug 19, 2026 12:59:46 PM org.richfaces.application.InitializationListener logWarningWhenConnectionFactoryPresent
WARNING: JMS API was found on the classpath; if you want to enable RichFaces Push JMS integration, set context-param 'org.richfaces.push.jms.enabled' in web.xml
Aug 19, 2026 12:59:46 PM org.jboss.test.faces.staging.StagingServer init
WARNING: Initial context factory builder already set.
Aug 19, 2026 12:59:46 PM org.jboss.test.faces.staging.StagingServer destroy
INFO: Staging server have been destroyed
Aug 19, 2026 12:59:46 PM org.jboss.test.faces.staging.StagingServer init
INFO: Init staging server
Aug 19, 2026 12:59:46 PM com.sun.faces.config.ConfigureListener contextInitialized
INFO: Initializing Mojarra 2.2.11 ( 20150505-0732 https://svn.java.net/svn/mojarra~svn/tags/2.2.11@14688) for context ''
Aug 19, 2026 12:59:46 PM com.sun.faces.config.ConfigureListener contextInitialized
WARNING: JSF1059: WARNING!  The com.sun.faces.verifyObjects feature is to aid developers not using tools.  It shouldn''t be enabled if using an IDE, or if this application is being deployed for production as it will impact application start times.
Aug 19, 2026 12:59:46 PM com.sun.faces.spi.InjectionProviderFactory createInstance
INFO: JSF1048: PostConstruct/PreDestroy annotations present.  ManagedBeans methods marked with these annotations will have said annotations processed.
Aug 19, 2026 12:59:46 PM org.richfaces.application.DefaultModule configure
WARNING: There was no service org.richfaces.focus.FocusManager found
Aug 19, 2026 12:59:46 PM org.richfaces.cache.CacheManager getCacheFactory
INFO: Selected [org.richfaces.cache.JBossCacheCacheFactory]
Aug 19, 2026 12:59:46 PM org.jboss.cache.jmx.PlatformMBeanServerRegistration registerToPlatformMBeanServer
INFO: JBossCache MBeans were successfully registered to the platform mbean server.
Aug 19, 2026 12:59:46 PM org.jboss.cache.factories.ComponentRegistry internalStart
INFO: JBoss Cache version: JBossCache 'Malagueta' 3.2.5.GA
Aug 19, 2026 12:59:46 PM org.richfaces.application.InitializationListener logWarningWhenConnectionFactoryPresent
WARNING: JMS API was found on the classpath; if you want to enable RichFaces Push JMS integration, set context-param 'org.richfaces.push.jms.enabled' in web.xml
Aug 19, 2026 12:59:46 PM org.jboss.test.faces.staging.StagingServer init
WARNING: Initial context factory builder already set.
Aug 19, 2026 12:59:46 PM org.jboss.test.faces.staging.StagingServer destroy
INFO: Staging server have been destroyed
Tests run: 17, Failures: 0, Errors: 0, Skipped: 0, Time elapsed: 2.008 sec - in org.richfaces.context.ExtendedPartialVisitContextTest
Running org.richfaces.context.IdParserTest
Tests run: 2, Failures: 0, Errors: 0, Skipped: 0, Time elapsed: 0.001 sec - in org.richfaces.context.IdParserTest
Running org.richfaces.application.MessageFactoryImplementationTest
Tests run: 2, Failures: 0, Errors: 0, Skipped: 0, Time elapsed: 0.013 sec - in org.richfaces.application.MessageFactoryImplementationTest
Running org.richfaces.application.JsfVersionInspectorTest
Tests run: 3, Failures: 0, Errors: 0, Skipped: 0, Time elapsed: 0 sec - in org.richfaces.application.JsfVersionInspectorTest
Running org.richfaces.application.ConfigurationServiceImplTest
Aug 19, 2026 12:59:46 PM org.jboss.test.faces.staging.StagingServer init
INFO: Init staging server
Aug 19, 2026 12:59:46 PM com.sun.faces.config.ConfigureListener contextInitialized
INFO: Initializing Mojarra 2.2.11 ( 20150505-0732 https://svn.java.net/svn/mojarra~svn/tags/2.2.11@14688) for context ''
Aug 19, 2026 12:59:46 PM com.sun.faces.config.ConfigureListener contextInitialized
WARNING: JSF1059: WARNING!  The com.sun.faces.verifyObjects feature is to aid developers not using tools.  It shouldn''t be enabled if using an IDE, or if this application is being deployed for production as it will impact application start times.
Aug 19, 2026 12:59:46 PM com.sun.faces.spi.InjectionProviderFactory createInstance
INFO: JSF1048: PostConstruct/PreDestroy annotations present.  ManagedBeans methods marked with these annotations will have said annotations processed.
Aug 19, 2026 12:59:46 PM org.richfaces.application.DefaultModule configure
WARNING: There was no service org.richfaces.focus.FocusManager found
Aug 19, 2026 12:59:46 PM org.richfaces.cache.CacheManager getCacheFactory
INFO: Selected [org.richfaces.cache.JBossCacheCacheFactory]
Aug 19, 2026 12:59:46 PM org.jboss.cache.jmx.PlatformMBeanServerRegistration registerToPlatformMBeanServer
INFO: JBossCache MBeans were successfully registered to the platform mbean server.
Aug 19, 2026 12:59:46 PM org.jboss.cache.factories.ComponentRegistry internalStart
INFO: JBoss Cache version: JBossCache 'Malagueta' 3.2.5.GA
Aug 19, 2026 12:59:46 PM org.richfaces.application.InitializationListener logWarningWhenConnectionFactoryPresent
WARNING: JMS API was found on the classpath; if you want to enable RichFaces Push JMS integration, set context-param 'org.richfaces.push.jms.enabled' in web.xml
Aug 19, 2026 12:59:46 PM org.jboss.test.faces.staging.StagingServer init
WARNING: Initial context factory builder already set.
Aug 19, 2026 12:59:47 PM org.jboss.test.faces.staging.StagingServer destroy
INFO: Staging server have been destroyed
Aug 19, 2026 12:59:47 PM org.jboss.test.faces.staging.StagingServer init
INFO: Init staging server
Aug 19, 2026 12:59:47 PM com.sun.faces.config.ConfigureListener contextInitialized
INFO: Initializing Mojarra 2.2.11 ( 20150505-0732 https://svn.java.net/svn/mojarra~svn/tags/2.2.11@14688) for context ''
Aug 19, 2026 12:59:47 PM com.sun.faces.config.ConfigureListener contextInitialized
WARNING: JSF1059: WARNING!  The com.sun.faces.verifyObjects feature is to aid developers not using tools.  It shouldn''t be enabled if using an IDE, or if this application is being deployed for production as it will impact application start times.
Aug 19, 2026 12:59:47 PM com.sun.faces.spi.InjectionProviderFactory createInstance
INFO: JSF1048: PostConstruct/PreDestroy annotations present.  ManagedBeans methods marked with these annotations will have said annotations processed.
Aug 19, 2026 12:59:47 PM org.richfaces.application.DefaultModule configure
WARNING: There was no service org.richfaces.focus.FocusManager found
Aug 19, 2026 12:59:47 PM org.richfaces.cache.CacheManager getCacheFactory
INFO: Selected [org.richfaces.cache.JBossCacheCacheFactory]
Aug 19, 2026 12:59:47 PM org.jboss.cache.jmx.PlatformMBeanServerRegistration registerToPlatformMBeanServer
INFO: JBossCache MBeans were successfully registered to the platform mbean server.
Aug 19, 2026 12:59:47 PM org.jboss.cache.factories.ComponentRegistry internalStart
INFO: JBoss Cache version: JBossCache 'Malagueta' 3.2.5.GA
Aug 19, 2026 12:59:47 PM org.richfaces.application.InitializationListener logWarningWhenConnectionFactoryPresent
WARNING: JMS API was found on the classpath; if you want to enable RichFaces Push JMS integration, set context-param 'org.richfaces.push.jms.enabled' in web.xml
Aug 19, 2026 12:59:47 PM org.jboss.test.faces.staging.StagingServer init
WARNING: Initial context factory builder already set.
Aug 19, 2026 12:59:47 PM org.jboss.test.faces.staging.StagingServer destroy
INFO: Staging server have been destroyed
Aug 19, 2026 12:59:47 PM org.jboss.test.faces.staging.StagingServer init
INFO: Init staging server
Aug 19, 2026 12:59:47 PM com.sun.faces.config.ConfigureListener contextInitialized
INFO: Initializing Mojarra 2.2.11 ( 20150505-0732 https://svn.java.net/svn/mojarra~svn/tags/2.2.11@14688) for context ''
Aug 19, 2026 12:59:47 PM com.sun.faces.config.ConfigureListener contextInitialized
WARNING: JSF1059: WARNING!  The com.sun.faces.verifyObjects feature is to aid developers not using tools.  It shouldn''t be enabled if using an IDE, or if this application is being deployed for production as it will impact application start times.
Aug 19, 2026 12:59:47 PM com.sun.faces.spi.InjectionProviderFactory createInstance
INFO: JSF1048: PostConstruct/PreDestroy annotations present.  ManagedBeans methods marked with these annotations will have said annotations processed.
Aug 19, 2026 12:59:47 PM org.richfaces.application.DefaultModule configure
WARNING: There was no service org.richfaces.focus.FocusManager found
Aug 19, 2026 12:59:47 PM org.richfaces.cache.CacheManager getCacheFactory
INFO: Selected [org.richfaces.cache.JBossCacheCacheFactory]
Aug 19, 2026 12:59:47 PM org.jboss.cache.jmx.PlatformMBeanServerRegistration registerToPlatformMBeanServer
INFO: JBossCache MBeans were successfully registered to the platform mbean server.
Aug 19, 2026 12:59:47 PM org.jboss.cache.factories.ComponentRegistry internalStart
INFO: JBoss Cache version: JBossCache 'Malagueta' 3.2.5.GA
Aug 19, 2026 12:59:47 PM org.richfaces.application.InitializationListener logWarningWhenConnectionFactoryPresent
WARNING: JMS API was found on the classpath; if you want to enable RichFaces Push JMS integration, set context-param 'org.richfaces.push.jms.enabled' in web.xml
Aug 19, 2026 12:59:47 PM org.jboss.test.faces.staging.StagingServer init
WARNING: Initial context factory builder already set.
Aug 19, 2026 12:59:47 PM org.jboss.test.faces.staging.StagingServer destroy
INFO: Staging server have been destroyed
Aug 19, 2026 12:59:47 PM org.jboss.test.faces.staging.StagingServer init
INFO: Init staging server
Aug 19, 2026 12:59:47 PM com.sun.faces.config.ConfigureListener contextInitialized
INFO: Initializing Mojarra 2.2.11 ( 20150505-0732 https://svn.java.net/svn/mojarra~svn/tags/2.2.11@14688) for context ''
Aug 19, 2026 12:59:47 PM com.sun.faces.config.ConfigureListener contextInitialized
WARNING: JSF1059: WARNING!  The com.sun.faces.verifyObjects feature is to aid developers not using tools.  It shouldn''t be enabled if using an IDE, or if this application is being deployed for production as it will impact application start times.
Aug 19, 2026 12:59:47 PM com.sun.faces.spi.InjectionProviderFactory createInstance
INFO: JSF1048: PostConstruct/PreDestroy annotations present.  ManagedBeans methods marked with these annotations will have said annotations processed.
Aug 19, 2026 12:59:47 PM org.richfaces.application.DefaultModule configure
WARNING: There was no service org.richfaces.focus.FocusManager found
Aug 19, 2026 12:59:47 PM org.richfaces.cache.CacheManager getCacheFactory
INFO: Selected [org.richfaces.cache.JBossCacheCacheFactory]
Aug 19, 2026 12:59:47 PM org.jboss.cache.jmx.PlatformMBeanServerRegistration registerToPlatformMBeanServer
INFO: JBossCache MBeans were successfully registered to the platform mbean server.
Aug 19, 2026 12:59:47 PM org.jboss.cache.factories.ComponentRegistry internalStart
INFO: JBoss Cache version: JBossCache 'Malagueta' 3.2.5.GA
Aug 19, 2026 12:59:47 PM org.richfaces.application.InitializationListener logWarningWhenConnectionFactoryPresent
WARNING: JMS API was found on the classpath; if you want to enable RichFaces Push JMS integration, set context-param 'org.richfaces.push.jms.enabled' in web.xml
Aug 19, 2026 12:59:47 PM org.jboss.test.faces.staging.StagingServer init
WARNING: Initial context factory builder already set.
Aug 19, 2026 12:59:47 PM org.jboss.test.faces.staging.StagingServer destroy
INFO: Staging server have been destroyed
Aug 19, 2026 12:59:47 PM org.jboss.test.faces.staging.StagingServer init
INFO: Init staging server
Aug 19, 2026 12:59:47 PM com.sun.faces.config.ConfigureListener contextInitialized
INFO: Initializing Mojarra 2.2.11 ( 20150505-0732 https://svn.java.net/svn/mojarra~svn/tags/2.2.11@14688) for context ''
Aug 19, 2026 12:59:47 PM com.sun.faces.config.ConfigureListener contextInitialized
WARNING: JSF1059: WARNING!  The com.sun.faces.verifyObjects feature is to aid developers not using tools.  It shouldn''t be enabled if using an IDE, or if this application is being deployed for production as it will impact application start times.
Aug 19, 2026 12:59:47 PM com.sun.faces.spi.InjectionProviderFactory createInstance
INFO: JSF1048: PostConstruct/PreDestroy annotations present.  ManagedBeans methods marked with these annotations will have said annotations processed.
Aug 19, 2026 12:59:47 PM org.richfaces.application.DefaultModule configure
WARNING: There was no service org.richfaces.focus.FocusManager found
Aug 19, 2026 12:59:47 PM org.richfaces.cache.CacheManager getCacheFactory
INFO: Selected [org.richfaces.cache.JBossCacheCacheFactory]
Aug 19, 2026 12:59:47 PM org.jboss.cache.jmx.PlatformMBeanServerRegistration registerToPlatformMBeanServer
INFO: JBossCache MBeans were successfully registered to the platform mbean server.
Aug 19, 2026 12:59:47 PM org.jboss.cache.factories.ComponentRegistry internalStart
INFO: JBoss Cache version: JBossCache 'Malagueta' 3.2.5.GA
Aug 19, 2026 12:59:47 PM org.richfaces.application.InitializationListener logWarningWhenConnectionFactoryPresent
WARNING: JMS API was found on the classpath; if you want to enable RichFaces Push JMS integration, set context-param 'org.richfaces.push.jms.enabled' in web.xml
Aug 19, 2026 12:59:47 PM org.jboss.test.faces.staging.StagingServer init
WARNING: Initial context factory builder already set.
Aug 19, 2026 12:59:47 PM org.jboss.test.faces.staging.StagingServer destroy
INFO: Staging server have been destroyed
Tests run: 5, Failures: 0, Errors: 0, Skipped: 0, Time elapsed: 0.588 sec - in org.richfaces.application.ConfigurationServiceImplTest
Running org.richfaces.javascript.JavaScriptServiceTest
Tests run: 3, Failures: 0, Errors: 0, Skipped: 0, Time elapsed: 0.011 sec - in org.richfaces.javascript.JavaScriptServiceTest
Running org.richfaces.javascript.QUnitTest
Aug 19, 2026 12:59:47 PM com.gargoylesoftware.htmlunit.IncorrectnessListenerImpl notify
WARNING: Obsolete content type encountered: 'text/javascript'.
Aug 19, 2026 12:59:47 PM com.gargoylesoftware.htmlunit.javascript.host.css.CSSStyleSheet isValidSelector
WARNING: Unhandled CSS condition type '7'. Accepting it silently.
Aug 19, 2026 12:59:47 PM com.gargoylesoftware.htmlunit.javascript.StrictErrorReporter runtimeError
SEVERE: runtimeError: message=[An invalid or illegal selector was specified (selector: '*,:x' error: Invalid selector: :x).] sourceName=[file:/RicksCafe/Git.Projects/richfaces/core/target/classes/META-INF/resources/org.richfaces/jquery.js] line=[1281] lineSource=[null] lineOffset=[0]
Aug 19, 2026 12:59:48 PM com.gargoylesoftware.htmlunit.IncorrectnessListenerImpl notify
WARNING: Obsolete content type encountered: 'text/javascript'.
Aug 19, 2026 12:59:48 PM com.gargoylesoftware.htmlunit.IncorrectnessListenerImpl notify
WARNING: Obsolete content type encountered: 'text/javascript'.
Aug 19, 2026 12:59:48 PM com.gargoylesoftware.htmlunit.IncorrectnessListenerImpl notify
WARNING: Obsolete content type encountered: 'text/javascript'.
Aug 19, 2026 12:59:48 PM com.gargoylesoftware.htmlunit.IncorrectnessListenerImpl notify
WARNING: Obsolete content type encountered: 'text/javascript'.
Aug 19, 2026 12:59:48 PM com.gargoylesoftware.htmlunit.IncorrectnessListenerImpl notify
WARNING: Obsolete content type encountered: 'text/javascript'.
Aug 19, 2026 12:59:48 PM com.gargoylesoftware.htmlunit.IncorrectnessListenerImpl notify
WARNING: Obsolete content type encountered: 'text/javascript'.
Aug 19, 2026 12:59:48 PM com.gargoylesoftware.htmlunit.IncorrectnessListenerImpl notify
WARNING: Obsolete content type encountered: 'text/javascript'.
Aug 19, 2026 12:59:48 PM com.gargoylesoftware.htmlunit.IncorrectnessListenerImpl notify
WARNING: Obsolete content type encountered: 'text/javascript'.
Aug 19, 2026 12:59:48 PM com.gargoylesoftware.htmlunit.IncorrectnessListenerImpl notify
WARNING: Obsolete content type encountered: 'text/javascript'.
Aug 19, 2026 12:59:48 PM com.gargoylesoftware.htmlunit.IncorrectnessListenerImpl notify
WARNING: Obsolete content type encountered: 'text/javascript'.
Aug 19, 2026 12:59:48 PM com.gargoylesoftware.htmlunit.IncorrectnessListenerImpl notify
WARNING: Obsolete content type encountered: 'text/javascript'.
Aug 19, 2026 12:59:48 PM com.gargoylesoftware.htmlunit.IncorrectnessListenerImpl notify
WARNING: Obsolete content type encountered: 'text/javascript'.
Aug 19, 2026 12:59:48 PM com.gargoylesoftware.htmlunit.IncorrectnessListenerImpl notify
WARNING: Obsolete content type encountered: 'text/javascript'.
Aug 19, 2026 12:59:48 PM com.gargoylesoftware.htmlunit.IncorrectnessListenerImpl notify
WARNING: Obsolete content type encountered: 'text/javascript'.
Aug 19, 2026 12:59:48 PM com.gargoylesoftware.htmlunit.IncorrectnessListenerImpl notify
WARNING: Obsolete content type encountered: 'text/javascript'.
Aug 19, 2026 12:59:48 PM com.gargoylesoftware.htmlunit.IncorrectnessListenerImpl notify
WARNING: Obsolete content type encountered: 'text/javascript'.
Aug 19, 2026 12:59:48 PM com.gargoylesoftware.htmlunit.IncorrectnessListenerImpl notify
WARNING: Obsolete content type encountered: 'text/javascript'.
Aug 19, 2026 12:59:48 PM com.gargoylesoftware.htmlunit.IncorrectnessListenerImpl notify
WARNING: Obsolete content type encountered: 'text/javascript'.
Aug 19, 2026 12:59:48 PM com.gargoylesoftware.htmlunit.IncorrectnessListenerImpl notify
WARNING: Obsolete content type encountered: 'text/javascript'.
Aug 19, 2026 12:59:48 PM com.gargoylesoftware.htmlunit.javascript.host.css.CSSStyleSheet isValidSelector
WARNING: Unhandled CSS condition type '7'. Accepting it silently.
Aug 19, 2026 12:59:48 PM com.gargoylesoftware.htmlunit.javascript.StrictErrorReporter runtimeError
SEVERE: runtimeError: message=[An invalid or illegal selector was specified (selector: '*,:x' error: Invalid selector: :x).] sourceName=[file:/RicksCafe/Git.Projects/richfaces/core/target/classes/META-INF/resources/org.richfaces/jquery.js] line=[1281] lineSource=[null] lineOffset=[0]
Aug 19, 2026 12:59:48 PM com.gargoylesoftware.htmlunit.IncorrectnessListenerImpl notify
WARNING: Obsolete content type encountered: 'text/javascript'.
Aug 19, 2026 12:59:48 PM com.gargoylesoftware.htmlunit.IncorrectnessListenerImpl notify
WARNING: Obsolete content type encountered: 'text/javascript'.
Aug 19, 2026 12:59:48 PM com.gargoylesoftware.htmlunit.IncorrectnessListenerImpl notify
WARNING: Obsolete content type encountered: 'text/javascript'.
Aug 19, 2026 12:59:48 PM com.gargoylesoftware.htmlunit.IncorrectnessListenerImpl notify
WARNING: Obsolete content type encountered: 'text/javascript'.
Aug 19, 2026 12:59:48 PM com.gargoylesoftware.htmlunit.IncorrectnessListenerImpl notify
WARNING: Obsolete content type encountered: 'text/javascript'.
Aug 19, 2026 12:59:48 PM com.gargoylesoftware.htmlunit.IncorrectnessListenerImpl notify
WARNING: Obsolete content type encountered: 'text/javascript'.
Aug 19, 2026 12:59:48 PM com.gargoylesoftware.htmlunit.IncorrectnessListenerImpl notify
WARNING: Obsolete content type encountered: 'text/javascript'.
Aug 19, 2026 12:59:48 PM com.gargoylesoftware.htmlunit.IncorrectnessListenerImpl notify
WARNING: Obsolete content type encountered: 'text/javascript'.
Aug 19, 2026 12:59:48 PM com.gargoylesoftware.htmlunit.IncorrectnessListenerImpl notify
WARNING: Obsolete content type encountered: 'text/javascript'.
Aug 19, 2026 12:59:48 PM com.gargoylesoftware.htmlunit.IncorrectnessListenerImpl notify
WARNING: Obsolete content type encountered: 'text/javascript'.
Aug 19, 2026 12:59:48 PM com.gargoylesoftware.htmlunit.IncorrectnessListenerImpl notify
WARNING: Obsolete content type encountered: 'text/javascript'.
Aug 19, 2026 12:59:48 PM com.gargoylesoftware.htmlunit.IncorrectnessListenerImpl notify
WARNING: Obsolete content type encountered: 'text/javascript'.
Aug 19, 2026 12:59:48 PM com.gargoylesoftware.htmlunit.IncorrectnessListenerImpl notify
WARNING: Obsolete content type encountered: 'text/javascript'.
Aug 19, 2026 12:59:48 PM com.gargoylesoftware.htmlunit.IncorrectnessListenerImpl notify
WARNING: Obsolete content type encountered: 'text/javascript'.
Aug 19, 2026 12:59:48 PM com.gargoylesoftware.htmlunit.IncorrectnessListenerImpl notify
WARNING: Obsolete content type encountered: 'text/javascript'.
Aug 19, 2026 12:59:48 PM com.gargoylesoftware.htmlunit.IncorrectnessListenerImpl notify
WARNING: Obsolete content type encountered: 'text/javascript'.
Aug 19, 2026 12:59:48 PM com.gargoylesoftware.htmlunit.IncorrectnessListenerImpl notify
WARNING: Obsolete content type encountered: 'text/javascript'.
Aug 19, 2026 12:59:48 PM com.gargoylesoftware.htmlunit.IncorrectnessListenerImpl notify
WARNING: Obsolete content type encountered: 'text/javascript'.
Aug 19, 2026 12:59:48 PM com.gargoylesoftware.htmlunit.IncorrectnessListenerImpl notify
WARNING: Obsolete content type encountered: 'text/javascript'.
Aug 19, 2026 12:59:48 PM com.gargoylesoftware.htmlunit.javascript.host.css.CSSStyleSheet isValidSelector
WARNING: Unhandled CSS condition type '7'. Accepting it silently.
Aug 19, 2026 12:59:48 PM com.gargoylesoftware.htmlunit.javascript.StrictErrorReporter runtimeError
SEVERE: runtimeError: message=[An invalid or illegal selector was specified (selector: '*,:x' error: Invalid selector: :x).] sourceName=[file:/RicksCafe/Git.Projects/richfaces/core/target/classes/META-INF/resources/org.richfaces/jquery.js] line=[1281] lineSource=[null] lineOffset=[0]
Aug 19, 2026 12:59:48 PM com.gargoylesoftware.htmlunit.IncorrectnessListenerImpl notify
WARNING: Obsolete content type encountered: 'text/javascript'.
Aug 19, 2026 12:59:48 PM com.gargoylesoftware.htmlunit.IncorrectnessListenerImpl notify
WARNING: Obsolete content type encountered: 'text/javascript'.
Aug 19, 2026 12:59:48 PM com.gargoylesoftware.htmlunit.IncorrectnessListenerImpl notify
WARNING: Obsolete content type encountered: 'text/javascript'.
Aug 19, 2026 12:59:48 PM com.gargoylesoftware.htmlunit.javascript.host.css.CSSStyleSheet isValidSelector
WARNING: Unhandled CSS condition type '7'. Accepting it silently.
Aug 19, 2026 12:59:48 PM com.gargoylesoftware.htmlunit.javascript.StrictErrorReporter runtimeError
SEVERE: runtimeError: message=[An invalid or illegal selector was specified (selector: '*,:x' error: Invalid selector: :x).] sourceName=[file:/RicksCafe/Git.Projects/richfaces/core/target/classes/META-INF/resources/org.richfaces/jquery.js] line=[1281] lineSource=[null] lineOffset=[0]
Aug 19, 2026 12:59:48 PM com.gargoylesoftware.htmlunit.IncorrectnessListenerImpl notify
WARNING: Obsolete content type encountered: 'text/javascript'.
Aug 19, 2026 12:59:48 PM com.gargoylesoftware.htmlunit.IncorrectnessListenerImpl notify
WARNING: Obsolete content type encountered: 'text/javascript'.
Aug 19, 2026 12:59:48 PM com.gargoylesoftware.htmlunit.IncorrectnessListenerImpl notify
WARNING: Obsolete content type encountered: 'text/javascript'.
Aug 19, 2026 12:59:48 PM com.gargoylesoftware.htmlunit.IncorrectnessListenerImpl notify
WARNING: Obsolete content type encountered: 'text/javascript'.
Aug 19, 2026 12:59:48 PM com.gargoylesoftware.htmlunit.IncorrectnessListenerImpl notify
WARNING: Obsolete content type encountered: 'text/javascript'.
Aug 19, 2026 12:59:48 PM com.gargoylesoftware.htmlunit.IncorrectnessListenerImpl notify
WARNING: Obsolete content type encountered: 'text/javascript'.
Aug 19, 2026 12:59:48 PM com.gargoylesoftware.htmlunit.IncorrectnessListenerImpl notify
WARNING: Obsolete content type encountered: 'text/javascript'.
Aug 19, 2026 12:59:48 PM com.gargoylesoftware.htmlunit.IncorrectnessListenerImpl notify
WARNING: Obsolete content type encountered: 'text/javascript'.
Aug 19, 2026 12:59:48 PM com.gargoylesoftware.htmlunit.IncorrectnessListenerImpl notify
WARNING: Obsolete content type encountered: 'text/javascript'.
Aug 19, 2026 12:59:48 PM com.gargoylesoftware.htmlunit.IncorrectnessListenerImpl notify
WARNING: Obsolete content type encountered: 'text/javascript'.
Aug 19, 2026 12:59:48 PM com.gargoylesoftware.htmlunit.IncorrectnessListenerImpl notify
WARNING: Obsolete content type encountered: 'text/javascript'.
Aug 19, 2026 12:59:48 PM com.gargoylesoftware.htmlunit.IncorrectnessListenerImpl notify
WARNING: Obsolete content type encountered: 'text/javascript'.
Aug 19, 2026 12:59:48 PM com.gargoylesoftware.htmlunit.IncorrectnessListenerImpl notify
WARNING: Obsolete content type encountered: 'text/javascript'.
Aug 19, 2026 12:59:48 PM com.gargoylesoftware.htmlunit.IncorrectnessListenerImpl notify
WARNING: Obsolete content type encountered: 'text/javascript'.
Aug 19, 2026 12:59:48 PM com.gargoylesoftware.htmlunit.IncorrectnessListenerImpl notify
WARNING: Obsolete content type encountered: 'text/javascript'.
Aug 19, 2026 12:59:48 PM com.gargoylesoftware.htmlunit.IncorrectnessListenerImpl notify
WARNING: Obsolete content type encountered: 'text/javascript'.
Aug 19, 2026 12:59:48 PM com.gargoylesoftware.htmlunit.IncorrectnessListenerImpl notify
WARNING: Obsolete content type encountered: 'text/javascript'.
Aug 19, 2026 12:59:48 PM com.gargoylesoftware.htmlunit.IncorrectnessListenerImpl notify
WARNING: Obsolete content type encountered: 'text/javascript'.
Aug 19, 2026 12:59:48 PM com.gargoylesoftware.htmlunit.IncorrectnessListenerImpl notify
WARNING: Obsolete content type encountered: 'text/javascript'.
Aug 19, 2026 12:59:48 PM com.gargoylesoftware.htmlunit.javascript.host.css.CSSStyleSheet isValidSelector
WARNING: Unhandled CSS condition type '7'. Accepting it silently.
Aug 19, 2026 12:59:48 PM com.gargoylesoftware.htmlunit.javascript.StrictErrorReporter runtimeError
SEVERE: runtimeError: message=[An invalid or illegal selector was specified (selector: '*,:x' error: Invalid selector: :x).] sourceName=[file:/RicksCafe/Git.Projects/richfaces/core/target/classes/META-INF/resources/org.richfaces/jquery.js] line=[1281] lineSource=[null] lineOffset=[0]
Aug 19, 2026 12:59:48 PM com.gargoylesoftware.htmlunit.IncorrectnessListenerImpl notify
WARNING: Obsolete content type encountered: 'text/javascript'.
Aug 19, 2026 12:59:48 PM com.gargoylesoftware.htmlunit.IncorrectnessListenerImpl notify
WARNING: Obsolete content type encountered: 'text/javascript'.
Aug 19, 2026 12:59:48 PM com.gargoylesoftware.htmlunit.IncorrectnessListenerImpl notify
WARNING: Obsolete content type encountered: 'text/javascript'.
Aug 19, 2026 12:59:48 PM com.gargoylesoftware.htmlunit.IncorrectnessListenerImpl notify
WARNING: Obsolete content type encountered: 'text/javascript'.
Aug 19, 2026 12:59:48 PM com.gargoylesoftware.htmlunit.IncorrectnessListenerImpl notify
WARNING: Obsolete content type encountered: 'text/javascript'.
Aug 19, 2026 12:59:48 PM com.gargoylesoftware.htmlunit.IncorrectnessListenerImpl notify
WARNING: Obsolete content type encountered: 'text/javascript'.
Aug 19, 2026 12:59:48 PM com.gargoylesoftware.htmlunit.IncorrectnessListenerImpl notify
WARNING: Obsolete content type encountered: 'text/javascript'.
Aug 19, 2026 12:59:48 PM com.gargoylesoftware.htmlunit.IncorrectnessListenerImpl notify
WARNING: Obsolete content type encountered: 'text/javascript'.
Aug 19, 2026 12:59:48 PM com.gargoylesoftware.htmlunit.IncorrectnessListenerImpl notify
WARNING: Obsolete content type encountered: 'text/javascript'.
Aug 19, 2026 12:59:48 PM com.gargoylesoftware.htmlunit.IncorrectnessListenerImpl notify
WARNING: Obsolete content type encountered: 'text/javascript'.
Aug 19, 2026 12:59:48 PM com.gargoylesoftware.htmlunit.IncorrectnessListenerImpl notify
WARNING: Obsolete content type encountered: 'text/javascript'.
Aug 19, 2026 12:59:48 PM com.gargoylesoftware.htmlunit.IncorrectnessListenerImpl notify
WARNING: Obsolete content type encountered: 'text/javascript'.
Aug 19, 2026 12:59:48 PM com.gargoylesoftware.htmlunit.IncorrectnessListenerImpl notify
WARNING: Obsolete content type encountered: 'text/javascript'.
Aug 19, 2026 12:59:48 PM com.gargoylesoftware.htmlunit.IncorrectnessListenerImpl notify
WARNING: Obsolete content type encountered: 'text/javascript'.
Aug 19, 2026 12:59:48 PM com.gargoylesoftware.htmlunit.IncorrectnessListenerImpl notify
WARNING: Obsolete content type encountered: 'text/javascript'.
Aug 19, 2026 12:59:48 PM com.gargoylesoftware.htmlunit.IncorrectnessListenerImpl notify
WARNING: Obsolete content type encountered: 'text/javascript'.
Aug 19, 2026 12:59:48 PM com.gargoylesoftware.htmlunit.IncorrectnessListenerImpl notify
WARNING: Obsolete content type encountered: 'text/javascript'.
Aug 19, 2026 12:59:48 PM com.gargoylesoftware.htmlunit.IncorrectnessListenerImpl notify
WARNING: Obsolete content type encountered: 'text/javascript'.
Aug 19, 2026 12:59:48 PM com.gargoylesoftware.htmlunit.IncorrectnessListenerImpl notify
WARNING: Obsolete content type encountered: 'text/javascript'.
Aug 19, 2026 12:59:48 PM com.gargoylesoftware.htmlunit.javascript.host.css.CSSStyleSheet isValidSelector
WARNING: Unhandled CSS condition type '7'. Accepting it silently.
Aug 19, 2026 12:59:48 PM com.gargoylesoftware.htmlunit.javascript.StrictErrorReporter runtimeError
SEVERE: runtimeError: message=[An invalid or illegal selector was specified (selector: '*,:x' error: Invalid selector: :x).] sourceName=[file:/RicksCafe/Git.Projects/richfaces/core/target/classes/META-INF/resources/org.richfaces/jquery.js] line=[1281] lineSource=[null] lineOffset=[0]
Aug 19, 2026 12:59:48 PM com.gargoylesoftware.htmlunit.IncorrectnessListenerImpl notify
WARNING: Obsolete content type encountered: 'text/javascript'.
Aug 19, 2026 12:59:48 PM com.gargoylesoftware.htmlunit.IncorrectnessListenerImpl notify
WARNING: Obsolete content type encountered: 'text/javascript'.
Aug 19, 2026 12:59:48 PM com.gargoylesoftware.htmlunit.IncorrectnessListenerImpl notify
WARNING: Obsolete content type encountered: 'text/javascript'.
Aug 19, 2026 12:59:48 PM com.gargoylesoftware.htmlunit.IncorrectnessListenerImpl notify
WARNING: Obsolete content type encountered: 'text/javascript'.
Aug 19, 2026 12:59:48 PM com.gargoylesoftware.htmlunit.IncorrectnessListenerImpl notify
WARNING: Obsolete content type encountered: 'text/javascript'.
Aug 19, 2026 12:59:48 PM com.gargoylesoftware.htmlunit.IncorrectnessListenerImpl notify
WARNING: Obsolete content type encountered: 'text/javascript'.
Aug 19, 2026 12:59:48 PM com.gargoylesoftware.htmlunit.IncorrectnessListenerImpl notify
WARNING: Obsolete content type encountered: 'text/javascript'.
Aug 19, 2026 12:59:48 PM com.gargoylesoftware.htmlunit.IncorrectnessListenerImpl notify
WARNING: Obsolete content type encountered: 'text/javascript'.
Aug 19, 2026 12:59:48 PM com.gargoylesoftware.htmlunit.IncorrectnessListenerImpl notify
WARNING: Obsolete content type encountered: 'text/javascript'.
Aug 19, 2026 12:59:48 PM com.gargoylesoftware.htmlunit.IncorrectnessListenerImpl notify
WARNING: Obsolete content type encountered: 'text/javascript'.
Aug 19, 2026 12:59:48 PM com.gargoylesoftware.htmlunit.IncorrectnessListenerImpl notify
WARNING: Obsolete content type encountered: 'text/javascript'.
Aug 19, 2026 12:59:48 PM com.gargoylesoftware.htmlunit.IncorrectnessListenerImpl notify
WARNING: Obsolete content type encountered: 'text/javascript'.
Aug 19, 2026 12:59:48 PM com.gargoylesoftware.htmlunit.IncorrectnessListenerImpl notify
WARNING: Obsolete content type encountered: 'text/javascript'.
Aug 19, 2026 12:59:48 PM com.gargoylesoftware.htmlunit.IncorrectnessListenerImpl notify
WARNING: Obsolete content type encountered: 'text/javascript'.
Aug 19, 2026 12:59:48 PM com.gargoylesoftware.htmlunit.IncorrectnessListenerImpl notify
WARNING: Obsolete content type encountered: 'text/javascript'.
Aug 19, 2026 12:59:48 PM com.gargoylesoftware.htmlunit.IncorrectnessListenerImpl notify
WARNING: Obsolete content type encountered: 'text/javascript'.
Aug 19, 2026 12:59:48 PM com.gargoylesoftware.htmlunit.IncorrectnessListenerImpl notify
WARNING: Obsolete content type encountered: 'text/javascript'.
Aug 19, 2026 12:59:48 PM com.gargoylesoftware.htmlunit.IncorrectnessListenerImpl notify
WARNING: Obsolete content type encountered: 'text/javascript'.
Aug 19, 2026 12:59:49 PM com.gargoylesoftware.htmlunit.IncorrectnessListenerImpl notify
WARNING: Obsolete content type encountered: 'text/javascript'.
Aug 19, 2026 12:59:49 PM com.gargoylesoftware.htmlunit.javascript.host.css.CSSStyleSheet isValidSelector
WARNING: Unhandled CSS condition type '7'. Accepting it silently.
Aug 19, 2026 12:59:49 PM com.gargoylesoftware.htmlunit.javascript.StrictErrorReporter runtimeError
SEVERE: runtimeError: message=[An invalid or illegal selector was specified (selector: '*,:x' error: Invalid selector: :x).] sourceName=[file:/RicksCafe/Git.Projects/richfaces/core/target/classes/META-INF/resources/org.richfaces/jquery.js] line=[1281] lineSource=[null] lineOffset=[0]
Aug 19, 2026 12:59:49 PM com.gargoylesoftware.htmlunit.IncorrectnessListenerImpl notify
WARNING: Obsolete content type encountered: 'text/javascript'.
Aug 19, 2026 12:59:49 PM com.gargoylesoftware.htmlunit.IncorrectnessListenerImpl notify
WARNING: Obsolete content type encountered: 'text/javascript'.
Aug 19, 2026 12:59:49 PM com.gargoylesoftware.htmlunit.IncorrectnessListenerImpl notify
WARNING: Obsolete content type encountered: 'text/javascript'.
Aug 19, 2026 12:59:49 PM com.gargoylesoftware.htmlunit.IncorrectnessListenerImpl notify
WARNING: Obsolete content type encountered: 'text/javascript'.
Aug 19, 2026 12:59:49 PM com.gargoylesoftware.htmlunit.IncorrectnessListenerImpl notify
WARNING: Obsolete content type encountered: 'text/javascript'.
Aug 19, 2026 12:59:49 PM com.gargoylesoftware.htmlunit.IncorrectnessListenerImpl notify
WARNING: Obsolete content type encountered: 'text/javascript'.
Aug 19, 2026 12:59:49 PM com.gargoylesoftware.htmlunit.IncorrectnessListenerImpl notify
WARNING: Obsolete content type encountered: 'text/javascript'.
Aug 19, 2026 12:59:49 PM com.gargoylesoftware.htmlunit.IncorrectnessListenerImpl notify
WARNING: Obsolete content type encountered: 'text/javascript'.
Aug 19, 2026 12:59:49 PM com.gargoylesoftware.htmlunit.IncorrectnessListenerImpl notify
WARNING: Obsolete content type encountered: 'text/javascript'.
Aug 19, 2026 12:59:49 PM com.gargoylesoftware.htmlunit.IncorrectnessListenerImpl notify
WARNING: Obsolete content type encountered: 'text/javascript'.
Aug 19, 2026 12:59:49 PM com.gargoylesoftware.htmlunit.IncorrectnessListenerImpl notify
WARNING: Obsolete content type encountered: 'text/javascript'.
Aug 19, 2026 12:59:49 PM com.gargoylesoftware.htmlunit.IncorrectnessListenerImpl notify
WARNING: Obsolete content type encountered: 'text/javascript'.
Aug 19, 2026 12:59:49 PM com.gargoylesoftware.htmlunit.IncorrectnessListenerImpl notify
WARNING: Obsolete content type encountered: 'text/javascript'.
Aug 19, 2026 12:59:49 PM com.gargoylesoftware.htmlunit.IncorrectnessListenerImpl notify
WARNING: Obsolete content type encountered: 'text/javascript'.
Aug 19, 2026 12:59:49 PM com.gargoylesoftware.htmlunit.IncorrectnessListenerImpl notify
WARNING: Obsolete content type encountered: 'text/javascript'.
Aug 19, 2026 12:59:49 PM com.gargoylesoftware.htmlunit.IncorrectnessListenerImpl notify
WARNING: Obsolete content type encountered: 'text/javascript'.
Aug 19, 2026 12:59:49 PM com.gargoylesoftware.htmlunit.IncorrectnessListenerImpl notify
WARNING: Obsolete content type encountered: 'text/javascript'.
Aug 19, 2026 12:59:49 PM com.gargoylesoftware.htmlunit.IncorrectnessListenerImpl notify
WARNING: Obsolete content type encountered: 'text/javascript'.
Aug 19, 2026 12:59:49 PM com.gargoylesoftware.htmlunit.IncorrectnessListenerImpl notify
WARNING: Obsolete content type encountered: 'text/javascript'.
Aug 19, 2026 12:59:49 PM com.gargoylesoftware.htmlunit.javascript.host.css.CSSStyleSheet isValidSelector
WARNING: Unhandled CSS condition type '7'. Accepting it silently.
Aug 19, 2026 12:59:49 PM com.gargoylesoftware.htmlunit.javascript.StrictErrorReporter runtimeError
SEVERE: runtimeError: message=[An invalid or illegal selector was specified (selector: '*,:x' error: Invalid selector: :x).] sourceName=[file:/RicksCafe/Git.Projects/richfaces/core/target/classes/META-INF/resources/org.richfaces/jquery.js] line=[1281] lineSource=[null] lineOffset=[0]
Aug 19, 2026 12:59:49 PM com.gargoylesoftware.htmlunit.IncorrectnessListenerImpl notify
WARNING: Obsolete content type encountered: 'text/javascript'.
Aug 19, 2026 12:59:49 PM com.gargoylesoftware.htmlunit.IncorrectnessListenerImpl notify
WARNING: Obsolete content type encountered: 'text/javascript'.
Aug 19, 2026 12:59:49 PM com.gargoylesoftware.htmlunit.IncorrectnessListenerImpl notify
WARNING: Obsolete content type encountered: 'text/javascript'.
Aug 19, 2026 12:59:49 PM com.gargoylesoftware.htmlunit.IncorrectnessListenerImpl notify
WARNING: Obsolete content type encountered: 'text/javascript'.
Aug 19, 2026 12:59:49 PM com.gargoylesoftware.htmlunit.IncorrectnessListenerImpl notify
WARNING: Obsolete content type encountered: 'text/javascript'.
Aug 19, 2026 12:59:49 PM com.gargoylesoftware.htmlunit.IncorrectnessListenerImpl notify
WARNING: Obsolete content type encountered: 'text/javascript'.
Aug 19, 2026 12:59:49 PM com.gargoylesoftware.htmlunit.IncorrectnessListenerImpl notify
WARNING: Obsolete content type encountered: 'text/javascript'.
Aug 19, 2026 12:59:49 PM com.gargoylesoftware.htmlunit.IncorrectnessListenerImpl notify
WARNING: Obsolete content type encountered: 'text/javascript'.
Aug 19, 2026 12:59:49 PM com.gargoylesoftware.htmlunit.IncorrectnessListenerImpl notify
WARNING: Obsolete content type encountered: 'text/javascript'.
Aug 19, 2026 12:59:49 PM com.gargoylesoftware.htmlunit.IncorrectnessListenerImpl notify
WARNING: Obsolete content type encountered: 'text/javascript'.
Aug 19, 2026 12:59:49 PM com.gargoylesoftware.htmlunit.IncorrectnessListenerImpl notify
WARNING: Obsolete content type encountered: 'text/javascript'.
Aug 19, 2026 12:59:49 PM com.gargoylesoftware.htmlunit.IncorrectnessListenerImpl notify
WARNING: Obsolete content type encountered: 'text/javascript'.
Aug 19, 2026 12:59:49 PM com.gargoylesoftware.htmlunit.IncorrectnessListenerImpl notify
WARNING: Obsolete content type encountered: 'text/javascript'.
Aug 19, 2026 12:59:49 PM com.gargoylesoftware.htmlunit.IncorrectnessListenerImpl notify
WARNING: Obsolete content type encountered: 'text/javascript'.
Aug 19, 2026 12:59:49 PM com.gargoylesoftware.htmlunit.IncorrectnessListenerImpl notify
WARNING: Obsolete content type encountered: 'text/javascript'.
Aug 19, 2026 12:59:49 PM com.gargoylesoftware.htmlunit.IncorrectnessListenerImpl notify
WARNING: Obsolete content type encountered: 'text/javascript'.
Aug 19, 2026 12:59:49 PM com.gargoylesoftware.htmlunit.IncorrectnessListenerImpl notify
WARNING: Obsolete content type encountered: 'text/javascript'.
Aug 19, 2026 12:59:49 PM com.gargoylesoftware.htmlunit.IncorrectnessListenerImpl notify
WARNING: Obsolete content type encountered: 'text/javascript'.
Aug 19, 2026 12:59:49 PM com.gargoylesoftware.htmlunit.IncorrectnessListenerImpl notify
WARNING: Obsolete content type encountered: 'text/javascript'.
Aug 19, 2026 12:59:49 PM com.gargoylesoftware.htmlunit.javascript.host.css.CSSStyleSheet isValidSelector
WARNING: Unhandled CSS condition type '7'. Accepting it silently.
Aug 19, 2026 12:59:49 PM com.gargoylesoftware.htmlunit.javascript.StrictErrorReporter runtimeError
SEVERE: runtimeError: message=[An invalid or illegal selector was specified (selector: '*,:x' error: Invalid selector: :x).] sourceName=[file:/RicksCafe/Git.Projects/richfaces/core/target/classes/META-INF/resources/org.richfaces/jquery.js] line=[1281] lineSource=[null] lineOffset=[0]
Aug 19, 2026 12:59:49 PM com.gargoylesoftware.htmlunit.IncorrectnessListenerImpl notify
WARNING: Obsolete content type encountered: 'text/javascript'.
Aug 19, 2026 12:59:49 PM com.gargoylesoftware.htmlunit.IncorrectnessListenerImpl notify
WARNING: Obsolete content type encountered: 'text/javascript'.
Aug 19, 2026 12:59:49 PM com.gargoylesoftware.htmlunit.IncorrectnessListenerImpl notify
WARNING: Obsolete content type encountered: 'text/javascript'.
Aug 19, 2026 12:59:49 PM com.gargoylesoftware.htmlunit.IncorrectnessListenerImpl notify
WARNING: Obsolete content type encountered: 'text/javascript'.
Aug 19, 2026 12:59:49 PM com.gargoylesoftware.htmlunit.IncorrectnessListenerImpl notify
WARNING: Obsolete content type encountered: 'text/javascript'.
Aug 19, 2026 12:59:49 PM com.gargoylesoftware.htmlunit.IncorrectnessListenerImpl notify
WARNING: Obsolete content type encountered: 'text/javascript'.
Aug 19, 2026 12:59:49 PM com.gargoylesoftware.htmlunit.IncorrectnessListenerImpl notify
WARNING: Obsolete content type encountered: 'text/javascript'.
Aug 19, 2026 12:59:49 PM com.gargoylesoftware.htmlunit.IncorrectnessListenerImpl notify
WARNING: Obsolete content type encountered: 'text/javascript'.
Aug 19, 2026 12:59:49 PM com.gargoylesoftware.htmlunit.IncorrectnessListenerImpl notify
WARNING: Obsolete content type encountered: 'text/javascript'.
Aug 19, 2026 12:59:49 PM com.gargoylesoftware.htmlunit.IncorrectnessListenerImpl notify
WARNING: Obsolete content type encountered: 'text/javascript'.
Aug 19, 2026 12:59:49 PM com.gargoylesoftware.htmlunit.IncorrectnessListenerImpl notify
WARNING: Obsolete content type encountered: 'text/javascript'.
Aug 19, 2026 12:59:49 PM com.gargoylesoftware.htmlunit.IncorrectnessListenerImpl notify
WARNING: Obsolete content type encountered: 'text/javascript'.
Aug 19, 2026 12:59:49 PM com.gargoylesoftware.htmlunit.IncorrectnessListenerImpl notify
WARNING: Obsolete content type encountered: 'text/javascript'.
Aug 19, 2026 12:59:49 PM com.gargoylesoftware.htmlunit.IncorrectnessListenerImpl notify
WARNING: Obsolete content type encountered: 'text/javascript'.
Aug 19, 2026 12:59:49 PM com.gargoylesoftware.htmlunit.IncorrectnessListenerImpl notify
WARNING: Obsolete content type encountered: 'text/javascript'.
Aug 19, 2026 12:59:49 PM com.gargoylesoftware.htmlunit.IncorrectnessListenerImpl notify
WARNING: Obsolete content type encountered: 'text/javascript'.
Aug 19, 2026 12:59:49 PM com.gargoylesoftware.htmlunit.IncorrectnessListenerImpl notify
WARNING: Obsolete content type encountered: 'text/javascript'.
Aug 19, 2026 12:59:49 PM com.gargoylesoftware.htmlunit.IncorrectnessListenerImpl notify
WARNING: Obsolete content type encountered: 'text/javascript'.
Aug 19, 2026 12:59:49 PM com.gargoylesoftware.htmlunit.IncorrectnessListenerImpl notify
WARNING: Obsolete content type encountered: 'text/javascript'.
Aug 19, 2026 12:59:49 PM com.gargoylesoftware.htmlunit.javascript.host.css.CSSStyleSheet isValidSelector
WARNING: Unhandled CSS condition type '7'. Accepting it silently.
Aug 19, 2026 12:59:49 PM com.gargoylesoftware.htmlunit.javascript.StrictErrorReporter runtimeError
SEVERE: runtimeError: message=[An invalid or illegal selector was specified (selector: '*,:x' error: Invalid selector: :x).] sourceName=[file:/RicksCafe/Git.Projects/richfaces/core/target/classes/META-INF/resources/org.richfaces/jquery.js] line=[1281] lineSource=[null] lineOffset=[0]
Aug 19, 2026 12:59:49 PM com.gargoylesoftware.htmlunit.IncorrectnessListenerImpl notify
WARNING: Obsolete content type encountered: 'text/javascript'.
Aug 19, 2026 12:59:49 PM com.gargoylesoftware.htmlunit.IncorrectnessListenerImpl notify
WARNING: Obsolete content type encountered: 'text/javascript'.
Aug 19, 2026 12:59:49 PM com.gargoylesoftware.htmlunit.IncorrectnessListenerImpl notify
WARNING: Obsolete content type encountered: 'text/javascript'.
Aug 19, 2026 12:59:49 PM com.gargoylesoftware.htmlunit.IncorrectnessListenerImpl notify
WARNING: Obsolete content type encountered: 'text/javascript'.
Aug 19, 2026 12:59:49 PM com.gargoylesoftware.htmlunit.IncorrectnessListenerImpl notify
WARNING: Obsolete content type encountered: 'text/javascript'.
Aug 19, 2026 12:59:49 PM com.gargoylesoftware.htmlunit.IncorrectnessListenerImpl notify
WARNING: Obsolete content type encountered: 'text/javascript'.
Aug 19, 2026 12:59:49 PM com.gargoylesoftware.htmlunit.IncorrectnessListenerImpl notify
WARNING: Obsolete content type encountered: 'text/javascript'.
Aug 19, 2026 12:59:49 PM com.gargoylesoftware.htmlunit.IncorrectnessListenerImpl notify
WARNING: Obsolete content type encountered: 'text/javascript'.
Aug 19, 2026 12:59:49 PM com.gargoylesoftware.htmlunit.IncorrectnessListenerImpl notify
WARNING: Obsolete content type encountered: 'text/javascript'.
Aug 19, 2026 12:59:49 PM com.gargoylesoftware.htmlunit.IncorrectnessListenerImpl notify
WARNING: Obsolete content type encountered: 'text/javascript'.
Aug 19, 2026 12:59:49 PM com.gargoylesoftware.htmlunit.IncorrectnessListenerImpl notify
WARNING: Obsolete content type encountered: 'text/javascript'.
Aug 19, 2026 12:59:49 PM com.gargoylesoftware.htmlunit.IncorrectnessListenerImpl notify
WARNING: Obsolete content type encountered: 'text/javascript'.
Aug 19, 2026 12:59:49 PM com.gargoylesoftware.htmlunit.IncorrectnessListenerImpl notify
WARNING: Obsolete content type encountered: 'text/javascript'.
Aug 19, 2026 12:59:49 PM com.gargoylesoftware.htmlunit.IncorrectnessListenerImpl notify
WARNING: Obsolete content type encountered: 'text/javascript'.
Aug 19, 2026 12:59:49 PM com.gargoylesoftware.htmlunit.IncorrectnessListenerImpl notify
WARNING: Obsolete content type encountered: 'text/javascript'.
Aug 19, 2026 12:59:49 PM com.gargoylesoftware.htmlunit.IncorrectnessListenerImpl notify
WARNING: Obsolete content type encountered: 'text/javascript'.
Aug 19, 2026 12:59:49 PM com.gargoylesoftware.htmlunit.IncorrectnessListenerImpl notify
WARNING: Obsolete content type encountered: 'text/javascript'.
Aug 19, 2026 12:59:49 PM com.gargoylesoftware.htmlunit.IncorrectnessListenerImpl notify
WARNING: Obsolete content type encountered: 'text/javascript'.
Tests run: 10, Failures: 0, Errors: 0, Skipped: 0, Time elapsed: 2.478 sec - in org.richfaces.javascript.QUnitTest
Running org.richfaces.component.UIViewResourceTest
Aug 19, 2026 12:59:49 PM org.jboss.test.faces.staging.StagingServer init
INFO: Init staging server
Aug 19, 2026 12:59:49 PM com.sun.faces.config.ConfigureListener contextInitialized
INFO: Initializing Mojarra 2.2.11 ( 20150505-0732 https://svn.java.net/svn/mojarra~svn/tags/2.2.11@14688) for context ''
Aug 19, 2026 12:59:49 PM com.sun.faces.config.ConfigureListener contextInitialized
WARNING: JSF1059: WARNING!  The com.sun.faces.verifyObjects feature is to aid developers not using tools.  It shouldn''t be enabled if using an IDE, or if this application is being deployed for production as it will impact application start times.
Aug 19, 2026 12:59:50 PM com.sun.faces.spi.InjectionProviderFactory createInstance
INFO: JSF1048: PostConstruct/PreDestroy annotations present.  ManagedBeans methods marked with these annotations will have said annotations processed.
Aug 19, 2026 12:59:50 PM org.richfaces.application.DefaultModule configure
WARNING: There was no service org.richfaces.focus.FocusManager found
Aug 19, 2026 12:59:50 PM org.richfaces.cache.CacheManager getCacheFactory
INFO: Selected [org.richfaces.cache.JBossCacheCacheFactory]
Aug 19, 2026 12:59:50 PM org.jboss.cache.jmx.PlatformMBeanServerRegistration registerToPlatformMBeanServer
INFO: JBossCache MBeans were successfully registered to the platform mbean server.
Aug 19, 2026 12:59:50 PM org.jboss.cache.factories.ComponentRegistry internalStart
INFO: JBoss Cache version: JBossCache 'Malagueta' 3.2.5.GA
Aug 19, 2026 12:59:50 PM org.richfaces.application.InitializationListener logWarningWhenConnectionFactoryPresent
WARNING: JMS API was found on the classpath; if you want to enable RichFaces Push JMS integration, set context-param 'org.richfaces.push.jms.enabled' in web.xml
Aug 19, 2026 12:59:50 PM org.jboss.test.faces.staging.StagingServer init
WARNING: Initial context factory builder already set.
Aug 19, 2026 12:59:50 PM org.jboss.test.faces.staging.StagingServer destroy
INFO: Staging server have been destroyed
Tests run: 1, Failures: 0, Errors: 0, Skipped: 0, Time elapsed: 0.227 sec - in org.richfaces.component.UIViewResourceTest
Running org.richfaces.skin.SkinTestCase
Aug 19, 2026 12:59:50 PM org.jboss.test.faces.staging.StagingServer init
INFO: Init staging server
Aug 19, 2026 12:59:50 PM com.sun.faces.config.ConfigureListener contextInitialized
INFO: Initializing Mojarra 2.2.11 ( 20150505-0732 https://svn.java.net/svn/mojarra~svn/tags/2.2.11@14688) for context ''
Aug 19, 2026 12:59:50 PM com.sun.faces.config.ConfigureListener contextInitialized
WARNING: JSF1059: WARNING!  The com.sun.faces.verifyObjects feature is to aid developers not using tools.  It shouldn''t be enabled if using an IDE, or if this application is being deployed for production as it will impact application start times.
Aug 19, 2026 12:59:50 PM com.sun.faces.spi.InjectionProviderFactory createInstance
INFO: JSF1048: PostConstruct/PreDestroy annotations present.  ManagedBeans methods marked with these annotations will have said annotations processed.
Aug 19, 2026 12:59:50 PM org.richfaces.application.DefaultModule configure
WARNING: There was no service org.richfaces.focus.FocusManager found
Aug 19, 2026 12:59:50 PM org.richfaces.cache.CacheManager getCacheFactory
INFO: Selected [org.richfaces.cache.JBossCacheCacheFactory]
Aug 19, 2026 12:59:50 PM org.jboss.cache.jmx.PlatformMBeanServerRegistration registerToPlatformMBeanServer
INFO: JBossCache MBeans were successfully registered to the platform mbean server.
Aug 19, 2026 12:59:50 PM org.jboss.cache.factories.ComponentRegistry internalStart
INFO: JBoss Cache version: JBossCache 'Malagueta' 3.2.5.GA
Aug 19, 2026 12:59:50 PM org.richfaces.application.InitializationListener logWarningWhenConnectionFactoryPresent
WARNING: JMS API was found on the classpath; if you want to enable RichFaces Push JMS integration, set context-param 'org.richfaces.push.jms.enabled' in web.xml
Aug 19, 2026 12:59:50 PM org.jboss.test.faces.staging.StagingServer init
WARNING: Initial context factory builder already set.
Aug 19, 2026 12:59:50 PM org.jboss.test.faces.staging.StagingServer destroy
INFO: Staging server have been destroyed
Aug 19, 2026 12:59:50 PM org.jboss.test.faces.staging.StagingServer init
INFO: Init staging server
Aug 19, 2026 12:59:50 PM com.sun.faces.config.ConfigureListener contextInitialized
INFO: Initializing Mojarra 2.2.11 ( 20150505-0732 https://svn.java.net/svn/mojarra~svn/tags/2.2.11@14688) for context ''
Aug 19, 2026 12:59:50 PM com.sun.faces.config.ConfigureListener contextInitialized
WARNING: JSF1059: WARNING!  The com.sun.faces.verifyObjects feature is to aid developers not using tools.  It shouldn''t be enabled if using an IDE, or if this application is being deployed for production as it will impact application start times.
Aug 19, 2026 12:59:50 PM com.sun.faces.spi.InjectionProviderFactory createInstance
INFO: JSF1048: PostConstruct/PreDestroy annotations present.  ManagedBeans methods marked with these annotations will have said annotations processed.
Aug 19, 2026 12:59:50 PM org.richfaces.application.DefaultModule configure
WARNING: There was no service org.richfaces.focus.FocusManager found
Aug 19, 2026 12:59:50 PM org.richfaces.cache.CacheManager getCacheFactory
INFO: Selected [org.richfaces.cache.JBossCacheCacheFactory]
Aug 19, 2026 12:59:50 PM org.jboss.cache.jmx.PlatformMBeanServerRegistration registerToPlatformMBeanServer
INFO: JBossCache MBeans were successfully registered to the platform mbean server.
Aug 19, 2026 12:59:50 PM org.jboss.cache.factories.ComponentRegistry internalStart
INFO: JBoss Cache version: JBossCache 'Malagueta' 3.2.5.GA
Aug 19, 2026 12:59:50 PM org.richfaces.application.InitializationListener logWarningWhenConnectionFactoryPresent
WARNING: JMS API was found on the classpath; if you want to enable RichFaces Push JMS integration, set context-param 'org.richfaces.push.jms.enabled' in web.xml
Aug 19, 2026 12:59:50 PM org.jboss.test.faces.staging.StagingServer init
WARNING: Initial context factory builder already set.
Aug 19, 2026 12:59:50 PM org.jboss.test.faces.staging.StagingServer destroy
INFO: Staging server have been destroyed
Aug 19, 2026 12:59:50 PM org.jboss.test.faces.staging.StagingServer init
INFO: Init staging server
Aug 19, 2026 12:59:50 PM com.sun.faces.config.ConfigureListener contextInitialized
INFO: Initializing Mojarra 2.2.11 ( 20150505-0732 https://svn.java.net/svn/mojarra~svn/tags/2.2.11@14688) for context ''
Aug 19, 2026 12:59:50 PM com.sun.faces.config.ConfigureListener contextInitialized
WARNING: JSF1059: WARNING!  The com.sun.faces.verifyObjects feature is to aid developers not using tools.  It shouldn''t be enabled if using an IDE, or if this application is being deployed for production as it will impact application start times.
Aug 19, 2026 12:59:50 PM com.sun.faces.spi.InjectionProviderFactory createInstance
INFO: JSF1048: PostConstruct/PreDestroy annotations present.  ManagedBeans methods marked with these annotations will have said annotations processed.
Aug 19, 2026 12:59:50 PM org.richfaces.application.DefaultModule configure
WARNING: There was no service org.richfaces.focus.FocusManager found
Aug 19, 2026 12:59:50 PM org.richfaces.cache.CacheManager getCacheFactory
INFO: Selected [org.richfaces.cache.JBossCacheCacheFactory]
Aug 19, 2026 12:59:50 PM org.jboss.cache.jmx.PlatformMBeanServerRegistration registerToPlatformMBeanServer
INFO: JBossCache MBeans were successfully registered to the platform mbean server.
Aug 19, 2026 12:59:50 PM org.jboss.cache.factories.ComponentRegistry internalStart
INFO: JBoss Cache version: JBossCache 'Malagueta' 3.2.5.GA
Aug 19, 2026 12:59:50 PM org.richfaces.application.InitializationListener logWarningWhenConnectionFactoryPresent
WARNING: JMS API was found on the classpath; if you want to enable RichFaces Push JMS integration, set context-param 'org.richfaces.push.jms.enabled' in web.xml
Aug 19, 2026 12:59:50 PM org.jboss.test.faces.staging.StagingServer init
WARNING: Initial context factory builder already set.
Aug 19, 2026 12:59:50 PM org.jboss.test.faces.staging.StagingServer destroy
INFO: Staging server have been destroyed
Aug 19, 2026 12:59:50 PM org.jboss.test.faces.staging.StagingServer init
INFO: Init staging server
Aug 19, 2026 12:59:50 PM com.sun.faces.config.ConfigureListener contextInitialized
INFO: Initializing Mojarra 2.2.11 ( 20150505-0732 https://svn.java.net/svn/mojarra~svn/tags/2.2.11@14688) for context ''
Aug 19, 2026 12:59:50 PM com.sun.faces.config.ConfigureListener contextInitialized
WARNING: JSF1059: WARNING!  The com.sun.faces.verifyObjects feature is to aid developers not using tools.  It shouldn''t be enabled if using an IDE, or if this application is being deployed for production as it will impact application start times.
Aug 19, 2026 12:59:50 PM com.sun.faces.spi.InjectionProviderFactory createInstance
INFO: JSF1048: PostConstruct/PreDestroy annotations present.  ManagedBeans methods marked with these annotations will have said annotations processed.
Aug 19, 2026 12:59:50 PM org.richfaces.application.DefaultModule configure
WARNING: There was no service org.richfaces.focus.FocusManager found
Aug 19, 2026 12:59:50 PM org.richfaces.cache.CacheManager getCacheFactory
INFO: Selected [org.richfaces.cache.JBossCacheCacheFactory]
Aug 19, 2026 12:59:50 PM org.jboss.cache.jmx.PlatformMBeanServerRegistration registerToPlatformMBeanServer
INFO: JBossCache MBeans were successfully registered to the platform mbean server.
Aug 19, 2026 12:59:50 PM org.jboss.cache.factories.ComponentRegistry internalStart
INFO: JBoss Cache version: JBossCache 'Malagueta' 3.2.5.GA
Aug 19, 2026 12:59:50 PM org.richfaces.application.InitializationListener logWarningWhenConnectionFactoryPresent
WARNING: JMS API was found on the classpath; if you want to enable RichFaces Push JMS integration, set context-param 'org.richfaces.push.jms.enabled' in web.xml
Aug 19, 2026 12:59:50 PM org.jboss.test.faces.staging.StagingServer init
WARNING: Initial context factory builder already set.
Aug 19, 2026 12:59:50 PM org.jboss.test.faces.staging.StagingServer destroy
INFO: Staging server have been destroyed
Aug 19, 2026 12:59:50 PM org.jboss.test.faces.staging.StagingServer init
INFO: Init staging server
Aug 19, 2026 12:59:50 PM com.sun.faces.config.ConfigureListener contextInitialized
INFO: Initializing Mojarra 2.2.11 ( 20150505-0732 https://svn.java.net/svn/mojarra~svn/tags/2.2.11@14688) for context ''
Aug 19, 2026 12:59:50 PM com.sun.faces.config.ConfigureListener contextInitialized
WARNING: JSF1059: WARNING!  The com.sun.faces.verifyObjects feature is to aid developers not using tools.  It shouldn''t be enabled if using an IDE, or if this application is being deployed for production as it will impact application start times.
Aug 19, 2026 12:59:50 PM com.sun.faces.spi.InjectionProviderFactory createInstance
INFO: JSF1048: PostConstruct/PreDestroy annotations present.  ManagedBeans methods marked with these annotations will have said annotations processed.
Aug 19, 2026 12:59:50 PM org.richfaces.application.DefaultModule configure
WARNING: There was no service org.richfaces.focus.FocusManager found
Aug 19, 2026 12:59:50 PM org.richfaces.cache.CacheManager getCacheFactory
INFO: Selected [org.richfaces.cache.JBossCacheCacheFactory]
Aug 19, 2026 12:59:50 PM org.jboss.cache.jmx.PlatformMBeanServerRegistration registerToPlatformMBeanServer
INFO: JBossCache MBeans were successfully registered to the platform mbean server.
Aug 19, 2026 12:59:50 PM org.jboss.cache.factories.ComponentRegistry internalStart
INFO: JBoss Cache version: JBossCache 'Malagueta' 3.2.5.GA
Aug 19, 2026 12:59:50 PM org.richfaces.application.InitializationListener logWarningWhenConnectionFactoryPresent
WARNING: JMS API was found on the classpath; if you want to enable RichFaces Push JMS integration, set context-param 'org.richfaces.push.jms.enabled' in web.xml
Aug 19, 2026 12:59:50 PM org.jboss.test.faces.staging.StagingServer init
WARNING: Initial context factory builder already set.
Aug 19, 2026 12:59:50 PM org.jboss.test.faces.staging.StagingServer destroy
INFO: Staging server have been destroyed
Aug 19, 2026 12:59:50 PM org.jboss.test.faces.staging.StagingServer init
INFO: Init staging server
Aug 19, 2026 12:59:50 PM com.sun.faces.config.ConfigureListener contextInitialized
INFO: Initializing Mojarra 2.2.11 ( 20150505-0732 https://svn.java.net/svn/mojarra~svn/tags/2.2.11@14688) for context ''
Aug 19, 2026 12:59:50 PM com.sun.faces.config.ConfigureListener contextInitialized
WARNING: JSF1059: WARNING!  The com.sun.faces.verifyObjects feature is to aid developers not using tools.  It shouldn''t be enabled if using an IDE, or if this application is being deployed for production as it will impact application start times.
Aug 19, 2026 12:59:50 PM com.sun.faces.spi.InjectionProviderFactory createInstance
INFO: JSF1048: PostConstruct/PreDestroy annotations present.  ManagedBeans methods marked with these annotations will have said annotations processed.
Aug 19, 2026 12:59:50 PM org.richfaces.application.DefaultModule configure
WARNING: There was no service org.richfaces.focus.FocusManager found
Aug 19, 2026 12:59:50 PM org.richfaces.cache.CacheManager getCacheFactory
INFO: Selected [org.richfaces.cache.JBossCacheCacheFactory]
Aug 19, 2026 12:59:50 PM org.jboss.cache.jmx.PlatformMBeanServerRegistration registerToPlatformMBeanServer
INFO: JBossCache MBeans were successfully registered to the platform mbean server.
Aug 19, 2026 12:59:50 PM org.jboss.cache.factories.ComponentRegistry internalStart
INFO: JBoss Cache version: JBossCache 'Malagueta' 3.2.5.GA
Aug 19, 2026 12:59:50 PM org.richfaces.application.InitializationListener logWarningWhenConnectionFactoryPresent
WARNING: JMS API was found on the classpath; if you want to enable RichFaces Push JMS integration, set context-param 'org.richfaces.push.jms.enabled' in web.xml
Aug 19, 2026 12:59:50 PM org.jboss.test.faces.staging.StagingServer init
WARNING: Initial context factory builder already set.
Aug 19, 2026 12:59:50 PM org.jboss.test.faces.staging.StagingServer destroy
INFO: Staging server have been destroyed
Aug 19, 2026 12:59:50 PM org.jboss.test.faces.staging.StagingServer init
INFO: Init staging server
Aug 19, 2026 12:59:50 PM com.sun.faces.config.ConfigureListener contextInitialized
INFO: Initializing Mojarra 2.2.11 ( 20150505-0732 https://svn.java.net/svn/mojarra~svn/tags/2.2.11@14688) for context ''
Aug 19, 2026 12:59:50 PM com.sun.faces.config.ConfigureListener contextInitialized
WARNING: JSF1059: WARNING!  The com.sun.faces.verifyObjects feature is to aid developers not using tools.  It shouldn''t be enabled if using an IDE, or if this application is being deployed for production as it will impact application start times.
Aug 19, 2026 12:59:50 PM com.sun.faces.spi.InjectionProviderFactory createInstance
INFO: JSF1048: PostConstruct/PreDestroy annotations present.  ManagedBeans methods marked with these annotations will have said annotations processed.
Aug 19, 2026 12:59:51 PM org.richfaces.application.DefaultModule configure
WARNING: There was no service org.richfaces.focus.FocusManager found
Aug 19, 2026 12:59:51 PM org.richfaces.cache.CacheManager getCacheFactory
INFO: Selected [org.richfaces.cache.JBossCacheCacheFactory]
Aug 19, 2026 12:59:51 PM org.jboss.cache.jmx.PlatformMBeanServerRegistration registerToPlatformMBeanServer
INFO: JBossCache MBeans were successfully registered to the platform mbean server.
Aug 19, 2026 12:59:51 PM org.jboss.cache.factories.ComponentRegistry internalStart
INFO: JBoss Cache version: JBossCache 'Malagueta' 3.2.5.GA
Aug 19, 2026 12:59:51 PM org.richfaces.application.InitializationListener logWarningWhenConnectionFactoryPresent
WARNING: JMS API was found on the classpath; if you want to enable RichFaces Push JMS integration, set context-param 'org.richfaces.push.jms.enabled' in web.xml
Aug 19, 2026 12:59:51 PM org.jboss.test.faces.staging.StagingServer init
WARNING: Initial context factory builder already set.
Aug 19, 2026 12:59:51 PM org.jboss.test.faces.staging.StagingServer destroy
INFO: Staging server have been destroyed
Aug 19, 2026 12:59:51 PM org.jboss.test.faces.staging.StagingServer init
INFO: Init staging server
Aug 19, 2026 12:59:51 PM com.sun.faces.config.ConfigureListener contextInitialized
INFO: Initializing Mojarra 2.2.11 ( 20150505-0732 https://svn.java.net/svn/mojarra~svn/tags/2.2.11@14688) for context ''
Aug 19, 2026 12:59:51 PM com.sun.faces.config.ConfigureListener contextInitialized
WARNING: JSF1059: WARNING!  The com.sun.faces.verifyObjects feature is to aid developers not using tools.  It shouldn''t be enabled if using an IDE, or if this application is being deployed for production as it will impact application start times.
Aug 19, 2026 12:59:51 PM com.sun.faces.spi.InjectionProviderFactory createInstance
INFO: JSF1048: PostConstruct/PreDestroy annotations present.  ManagedBeans methods marked with these annotations will have said annotations processed.
Aug 19, 2026 12:59:51 PM org.richfaces.application.DefaultModule configure
WARNING: There was no service org.richfaces.focus.FocusManager found
Aug 19, 2026 12:59:51 PM org.richfaces.cache.CacheManager getCacheFactory
INFO: Selected [org.richfaces.cache.JBossCacheCacheFactory]
Aug 19, 2026 12:59:51 PM org.jboss.cache.jmx.PlatformMBeanServerRegistration registerToPlatformMBeanServer
INFO: JBossCache MBeans were successfully registered to the platform mbean server.
Aug 19, 2026 12:59:51 PM org.jboss.cache.factories.ComponentRegistry internalStart
INFO: JBoss Cache version: JBossCache 'Malagueta' 3.2.5.GA
Aug 19, 2026 12:59:51 PM org.richfaces.application.InitializationListener logWarningWhenConnectionFactoryPresent
WARNING: JMS API was found on the classpath; if you want to enable RichFaces Push JMS integration, set context-param 'org.richfaces.push.jms.enabled' in web.xml
Aug 19, 2026 12:59:51 PM org.jboss.test.faces.staging.StagingServer init
WARNING: Initial context factory builder already set.
Aug 19, 2026 12:59:51 PM org.jboss.test.faces.staging.StagingServer destroy
INFO: Staging server have been destroyed
Aug 19, 2026 12:59:51 PM org.jboss.test.faces.staging.StagingServer init
INFO: Init staging server
Aug 19, 2026 12:59:51 PM com.sun.faces.config.ConfigureListener contextInitialized
INFO: Initializing Mojarra 2.2.11 ( 20150505-0732 https://svn.java.net/svn/mojarra~svn/tags/2.2.11@14688) for context ''
Aug 19, 2026 12:59:51 PM com.sun.faces.config.ConfigureListener contextInitialized
WARNING: JSF1059: WARNING!  The com.sun.faces.verifyObjects feature is to aid developers not using tools.  It shouldn''t be enabled if using an IDE, or if this application is being deployed for production as it will impact application start times.
Aug 19, 2026 12:59:51 PM com.sun.faces.spi.InjectionProviderFactory createInstance
INFO: JSF1048: PostConstruct/PreDestroy annotations present.  ManagedBeans methods marked with these annotations will have said annotations processed.
Aug 19, 2026 12:59:51 PM org.richfaces.application.DefaultModule configure
WARNING: There was no service org.richfaces.focus.FocusManager found
Aug 19, 2026 12:59:51 PM org.richfaces.cache.CacheManager getCacheFactory
INFO: Selected [org.richfaces.cache.JBossCacheCacheFactory]
Aug 19, 2026 12:59:51 PM org.jboss.cache.jmx.PlatformMBeanServerRegistration registerToPlatformMBeanServer
INFO: JBossCache MBeans were successfully registered to the platform mbean server.
Aug 19, 2026 12:59:51 PM org.jboss.cache.factories.ComponentRegistry internalStart
INFO: JBoss Cache version: JBossCache 'Malagueta' 3.2.5.GA
Aug 19, 2026 12:59:51 PM org.richfaces.application.InitializationListener logWarningWhenConnectionFactoryPresent
WARNING: JMS API was found on the classpath; if you want to enable RichFaces Push JMS integration, set context-param 'org.richfaces.push.jms.enabled' in web.xml
Aug 19, 2026 12:59:51 PM org.jboss.test.faces.staging.StagingServer init
WARNING: Initial context factory builder already set.
Aug 19, 2026 12:59:51 PM org.jboss.test.faces.staging.StagingServer destroy
INFO: Staging server have been destroyed
Aug 19, 2026 12:59:51 PM org.jboss.test.faces.staging.StagingServer init
INFO: Init staging server
Aug 19, 2026 12:59:51 PM com.sun.faces.config.ConfigureListener contextInitialized
INFO: Initializing Mojarra 2.2.11 ( 20150505-0732 https://svn.java.net/svn/mojarra~svn/tags/2.2.11@14688) for context ''
Aug 19, 2026 12:59:51 PM com.sun.faces.config.ConfigureListener contextInitialized
WARNING: JSF1059: WARNING!  The com.sun.faces.verifyObjects feature is to aid developers not using tools.  It shouldn''t be enabled if using an IDE, or if this application is being deployed for production as it will impact application start times.
Aug 19, 2026 12:59:51 PM com.sun.faces.spi.InjectionProviderFactory createInstance
INFO: JSF1048: PostConstruct/PreDestroy annotations present.  ManagedBeans methods marked with these annotations will have said annotations processed.
Aug 19, 2026 12:59:51 PM org.richfaces.application.DefaultModule configure
WARNING: There was no service org.richfaces.focus.FocusManager found
Aug 19, 2026 12:59:51 PM org.richfaces.cache.CacheManager getCacheFactory
INFO: Selected [org.richfaces.cache.JBossCacheCacheFactory]
Aug 19, 2026 12:59:51 PM org.jboss.cache.jmx.PlatformMBeanServerRegistration registerToPlatformMBeanServer
INFO: JBossCache MBeans were successfully registered to the platform mbean server.
Aug 19, 2026 12:59:51 PM org.jboss.cache.factories.ComponentRegistry internalStart
INFO: JBoss Cache version: JBossCache 'Malagueta' 3.2.5.GA
Aug 19, 2026 12:59:51 PM org.richfaces.application.InitializationListener logWarningWhenConnectionFactoryPresent
WARNING: JMS API was found on the classpath; if you want to enable RichFaces Push JMS integration, set context-param 'org.richfaces.push.jms.enabled' in web.xml
Aug 19, 2026 12:59:51 PM org.jboss.test.faces.staging.StagingServer init
WARNING: Initial context factory builder already set.
Aug 19, 2026 12:59:51 PM org.jboss.test.faces.staging.StagingServer destroy
INFO: Staging server have been destroyed
Aug 19, 2026 12:59:51 PM org.jboss.test.faces.staging.StagingServer init
INFO: Init staging server
Aug 19, 2026 12:59:51 PM com.sun.faces.config.ConfigureListener contextInitialized
INFO: Initializing Mojarra 2.2.11 ( 20150505-0732 https://svn.java.net/svn/mojarra~svn/tags/2.2.11@14688) for context ''
Aug 19, 2026 12:59:51 PM com.sun.faces.config.ConfigureListener contextInitialized
WARNING: JSF1059: WARNING!  The com.sun.faces.verifyObjects feature is to aid developers not using tools.  It shouldn''t be enabled if using an IDE, or if this application is being deployed for production as it will impact application start times.
Aug 19, 2026 12:59:51 PM com.sun.faces.spi.InjectionProviderFactory createInstance
INFO: JSF1048: PostConstruct/PreDestroy annotations present.  ManagedBeans methods marked with these annotations will have said annotations processed.
Aug 19, 2026 12:59:51 PM org.richfaces.application.DefaultModule configure
WARNING: There was no service org.richfaces.focus.FocusManager found
Aug 19, 2026 12:59:51 PM org.richfaces.cache.CacheManager getCacheFactory
INFO: Selected [org.richfaces.cache.JBossCacheCacheFactory]
Aug 19, 2026 12:59:51 PM org.jboss.cache.jmx.PlatformMBeanServerRegistration registerToPlatformMBeanServer
INFO: JBossCache MBeans were successfully registered to the platform mbean server.
Aug 19, 2026 12:59:51 PM org.jboss.cache.factories.ComponentRegistry internalStart
INFO: JBoss Cache version: JBossCache 'Malagueta' 3.2.5.GA
Aug 19, 2026 12:59:51 PM org.richfaces.application.InitializationListener logWarningWhenConnectionFactoryPresent
WARNING: JMS API was found on the classpath; if you want to enable RichFaces Push JMS integration, set context-param 'org.richfaces.push.jms.enabled' in web.xml
Aug 19, 2026 12:59:51 PM org.jboss.test.faces.staging.StagingServer init
WARNING: Initial context factory builder already set.
Aug 19, 2026 12:59:51 PM org.jboss.test.faces.staging.StagingServer destroy
INFO: Staging server have been destroyed
Tests run: 11, Failures: 0, Errors: 0, Skipped: 0, Time elapsed: 1.342 sec - in org.richfaces.skin.SkinTestCase
Running org.richfaces.TestJsfVersion
Tests run: 2, Failures: 0, Errors: 0, Skipped: 0, Time elapsed: 0 sec - in org.richfaces.TestJsfVersion
Running org.richfaces.log.JavaLoggerTest
Tests run: 2, Failures: 0, Errors: 0, Skipped: 0, Time elapsed: 0.002 sec - in org.richfaces.log.JavaLoggerTest
Running org.richfaces.resource.CachedResourceImplTest
Tests run: 10, Failures: 0, Errors: 0, Skipped: 0, Time elapsed: 1.137 sec - in org.richfaces.resource.CachedResourceImplTest
Running org.richfaces.resource.ResourceUtilsTest
Tests run: 3, Failures: 0, Errors: 0, Skipped: 0, Time elapsed: 0 sec - in org.richfaces.resource.ResourceUtilsTest
Running org.richfaces.resource.ResourceKeyEqualsHashcodeTest
Tests run: 9, Failures: 0, Errors: 0, Skipped: 0, Time elapsed: 0 sec - in org.richfaces.resource.ResourceKeyEqualsHashcodeTest
Running org.richfaces.resource.ResourceLibraryFactoryTest
Tests run: 1, Failures: 0, Errors: 0, Skipped: 0, Time elapsed: 0.006 sec - in org.richfaces.resource.ResourceLibraryFactoryTest
Running org.richfaces.resource.AbstractCacheableResourceTest
Tests run: 6, Failures: 0, Errors: 0, Skipped: 0, Time elapsed: 0.673 sec - in org.richfaces.resource.AbstractCacheableResourceTest
Running org.richfaces.resource.ResourceLibraryTest
Tests run: 2, Failures: 0, Errors: 0, Skipped: 0, Time elapsed: 0.458 sec - in org.richfaces.resource.ResourceLibraryTest
Running org.richfaces.resource.ResourceHandlerImplTest
Tests run: 10, Failures: 0, Errors: 0, Skipped: 0, Time elapsed: 1.181 sec - in org.richfaces.resource.ResourceHandlerImplTest
Running org.richfaces.resource.AbstractBaseResourceTest
Tests run: 6, Failures: 0, Errors: 0, Skipped: 0, Time elapsed: 0.678 sec - in org.richfaces.resource.AbstractBaseResourceTest
Running org.richfaces.resource.mapping.ResourceServletMappingTest
Tests run: 6, Failures: 0, Errors: 0, Skipped: 0, Time elapsed: 0.055 sec - in org.richfaces.resource.mapping.ResourceServletMappingTest
Running org.richfaces.resource.mapping.ResourceMappingFeatureLocationTest
Tests run: 4, Failures: 0, Errors: 0, Skipped: 0, Time elapsed: 0.067 sec - in org.richfaces.resource.mapping.ResourceMappingFeatureLocationTest
Running org.richfaces.resource.mapping.ResourceMappingFeatureMappingTest
Tests run: 7, Failures: 0, Errors: 0, Skipped: 0, Time elapsed: 0.041 sec - in org.richfaces.resource.mapping.ResourceMappingFeatureMappingTest
Running org.richfaces.resource.mapping.ResourceMappingConfigurationTest
Tests run: 7, Failures: 0, Errors: 0, Skipped: 0, Time elapsed: 0.017 sec - in org.richfaces.resource.mapping.ResourceMappingConfigurationTest
Running org.richfaces.resource.mapping.ResourceFactoryImplStaticResourcesTest
Tests run: 5, Failures: 0, Errors: 0, Skipped: 0, Time elapsed: 0.046 sec - in org.richfaces.resource.mapping.ResourceFactoryImplStaticResourcesTest
Running org.richfaces.resource.Xcss2EcssConverterTest
Tests run: 14, Failures: 0, Errors: 0, Skipped: 0, Time elapsed: 0.008 sec - in org.richfaces.resource.Xcss2EcssConverterTest
Running org.richfaces.resource.UserResourcesTestCase
Tests run: 3, Failures: 0, Errors: 0, Skipped: 2, Time elapsed: 0.125 sec - in org.richfaces.resource.UserResourcesTestCase

Results :

Tests run: 238, Failures: 0, Errors: 0, Skipped: 2

[[1;34mINFO[m] 
[[1;34mINFO[m] [1m--- [0;32mmaven-jar-plugin:2.4:jar[m [1m(default-jar)[m @ [36mrichfaces-core[0;1m ---[m
[[1;34mINFO[m] Building jar: /RicksCafe/Git.Projects/richfaces/core/target/richfaces-core-4.5.18-SNAPSHOT.jar
[[1;34mINFO[m] 
[[1;34mINFO[m] [1m--- [0;32mmaven-source-plugin:3.0.0:jar-no-fork[m [1m(attach-sources)[m @ [36mrichfaces-core[0;1m ---[m
[[1;34mINFO[m] Building jar: /RicksCafe/Git.Projects/richfaces/core/target/richfaces-core-4.5.18-SNAPSHOT-sources.jar
[[1;34mINFO[m] 
[[1;34mINFO[m] [1m--- [0;32mmaven-jar-plugin:2.4:test-jar[m [1m(default)[m @ [36mrichfaces-core[0;1m ---[m
[[1;34mINFO[m] Building jar: /RicksCafe/Git.Projects/richfaces/core/target/richfaces-core-4.5.18-SNAPSHOT-tests.jar
[[1;34mINFO[m] 
[[1;34mINFO[m] [1m--- [0;32mmaven-checkstyle-plugin:2.10:check[m [1m(richfaces-checkstyle-report)[m @ [36mrichfaces-core[0;1m ---[m
[[1;34mINFO[m] 
[[1;34mINFO[m] 
[[1;34mINFO[m] [1m--- [0;32mmaven-surefire-plugin:2.19.1:test[m [1m(integration-tests)[m @ [36mrichfaces-core[0;1m ---[m
Downloading from central-https: https://repo.maven.apache.org/maven2/org/apache/maven/surefire/surefire-junit47/2.19.1/surefire-junit47-2.19.1.pom
Downloaded from central-https: https://repo.maven.apache.org/maven2/org/apache/maven/surefire/surefire-junit47/2.19.1/surefire-junit47-2.19.1.pom (0 B at 0 B/s)
Downloading from central-https: https://repo.maven.apache.org/maven2/org/apache/maven/surefire/common-junit48/2.19.1/common-junit48-2.19.1.pom
Downloaded from central-https: https://repo.maven.apache.org/maven2/org/apache/maven/surefire/common-junit48/2.19.1/common-junit48-2.19.1.pom (0 B at 0 B/s)
Downloading from central-https: https://repo.maven.apache.org/maven2/org/apache/maven/surefire/common-junit4/2.19.1/common-junit4-2.19.1.pom
Downloaded from central-https: https://repo.maven.apache.org/maven2/org/apache/maven/surefire/common-junit4/2.19.1/common-junit4-2.19.1.pom (0 B at 0 B/s)
Downloading from central-https: https://repo.maven.apache.org/maven2/org/apache/maven/surefire/common-junit3/2.19.1/common-junit3-2.19.1.pom
Downloaded from central-https: https://repo.maven.apache.org/maven2/org/apache/maven/surefire/common-junit3/2.19.1/common-junit3-2.19.1.pom (0 B at 0 B/s)
Downloading from central-https: https://repo.maven.apache.org/maven2/org/apache/maven/surefire/common-java5/2.19.1/common-java5-2.19.1.pom
Downloaded from central-https: https://repo.maven.apache.org/maven2/org/apache/maven/surefire/common-java5/2.19.1/common-java5-2.19.1.pom (0 B at 0 B/s)
Downloading from central-https: https://repo.maven.apache.org/maven2/org/apache/maven/shared/maven-shared-utils/0.9/maven-shared-utils-0.9.pom
Downloaded from central-https: https://repo.maven.apache.org/maven2/org/apache/maven/shared/maven-shared-utils/0.9/maven-shared-utils-0.9.pom (0 B at 0 B/s)
Downloading from central-https: https://repo.maven.apache.org/maven2/org/apache/maven/surefire/surefire-grouper/2.19.1/surefire-grouper-2.19.1.pom
Downloaded from central-https: https://repo.maven.apache.org/maven2/org/apache/maven/surefire/surefire-grouper/2.19.1/surefire-grouper-2.19.1.pom (0 B at 0 B/s)
Downloading from central-https: https://repo.maven.apache.org/maven2/org/apache/maven/surefire/surefire-junit47/2.19.1/surefire-junit47-2.19.1.jar
Downloading from central-https: https://repo.maven.apache.org/maven2/org/apache/maven/surefire/common-junit48/2.19.1/common-junit48-2.19.1.jar
Downloading from central-https: https://repo.maven.apache.org/maven2/org/apache/maven/surefire/common-junit3/2.19.1/common-junit3-2.19.1.jar
Downloading from central-https: https://repo.maven.apache.org/maven2/org/apache/maven/surefire/common-junit4/2.19.1/common-junit4-2.19.1.jar
Downloading from central-https: https://repo.maven.apache.org/maven2/org/apache/maven/surefire/common-java5/2.19.1/common-java5-2.19.1.jar
Downloaded from central-https: https://repo.maven.apache.org/maven2/org/apache/maven/surefire/common-java5/2.19.1/common-java5-2.19.1.jar (0 B at 0 B/s)
Downloaded from central-https: https://repo.maven.apache.org/maven2/org/apache/maven/surefire/surefire-junit47/2.19.1/surefire-junit47-2.19.1.jar (0 B at 0 B/s)
Downloaded from central-https: https://repo.maven.apache.org/maven2/org/apache/maven/surefire/common-junit48/2.19.1/common-junit48-2.19.1.jar (0 B at 0 B/s)
Downloaded from central-https: https://repo.maven.apache.org/maven2/org/apache/maven/surefire/common-junit4/2.19.1/common-junit4-2.19.1.jar (0 B at 0 B/s)
Downloaded from central-https: https://repo.maven.apache.org/maven2/org/apache/maven/surefire/common-junit3/2.19.1/common-junit3-2.19.1.jar (0 B at 0 B/s)
Downloading from central-https: https://repo.maven.apache.org/maven2/org/apache/maven/shared/maven-shared-utils/0.9/maven-shared-utils-0.9.jar
Downloading from central-https: https://repo.maven.apache.org/maven2/org/apache/maven/surefire/surefire-grouper/2.19.1/surefire-grouper-2.19.1.jar
Downloaded from central-https: https://repo.maven.apache.org/maven2/org/apache/maven/shared/maven-shared-utils/0.9/maven-shared-utils-0.9.jar (0 B at 0 B/s)
Downloaded from central-https: https://repo.maven.apache.org/maven2/org/apache/maven/surefire/surefire-grouper/2.19.1/surefire-grouper-2.19.1.jar (0 B at 0 B/s)

-------------------------------------------------------
 T E S T S
-------------------------------------------------------
Aug 19, 2026 12:59:58 PM org.richfaces.arquillian.container.installation.ContainerInstaller unpackContainerDistribution
INFO: The container distribution will be resolved from Maven artifact 'org.wildfly:wildfly-dist:zip:8.1.0.Final'
Aug 19, 2026 12:59:59 PM org.jboss.shrinkwrap.resolver.impl.maven.logging.LogTransferListener transferFailed
WARNING: Failed downloading org/wildfly/wildfly-dist/8.1.0.Final/wildfly-dist-8.1.0.Final.pom from http://repo1.maven.org/maven2/. Reason: 
org.eclipse.aether.transfer.ArtifactTransferException: Could not transfer artifact org.wildfly:wildfly-dist:pom:8.1.0.Final from/to central (http://repo1.maven.org/maven2): Error transferring file: Server returned HTTP response code: 501 for URL: https://repo1.maven.org/501-https-required.html from https://repo1.maven.org/501-https-required.html
Running org.richfaces.integration.partialResponse.ITStatelessViews
Tests run: 1, Failures: 0, Errors: 1, Skipped: 0, Time elapsed: 0.003 sec <<< FAILURE! - in org.richfaces.integration.partialResponse.ITStatelessViews
org.richfaces.integration.partialResponse.ITStatelessViews  Time elapsed: 0.003 sec  <<< ERROR!
org.jboss.shrinkwrap.resolver.api.NoResolvedResultException: Unable to collect/resolve dependency tree for a resolution due to: Failed to collect dependencies at org.wildfly:wildfly-dist:zip:8.1.0.Final, caused by: Server returned HTTP response code: 501 for URL: https://repo1.maven.org/501-https-required.html
Caused by: org.eclipse.aether.resolution.DependencyResolutionException: Failed to collect dependencies at org.wildfly:wildfly-dist:zip:8.1.0.Final
Caused by: org.eclipse.aether.collection.DependencyCollectionException: Failed to collect dependencies at org.wildfly:wildfly-dist:zip:8.1.0.Final
Caused by: org.eclipse.aether.resolution.ArtifactDescriptorException: Failed to read artifact descriptor for org.wildfly:wildfly-dist:zip:8.1.0.Final
Caused by: org.eclipse.aether.resolution.ArtifactResolutionException: Could not transfer artifact org.wildfly:wildfly-dist:pom:8.1.0.Final from/to central (http://repo1.maven.org/maven2): Error transferring file: Server returned HTTP response code: 501 for URL: https://repo1.maven.org/501-https-required.html from https://repo1.maven.org/501-https-required.html
Caused by: org.eclipse.aether.transfer.ArtifactTransferException: Could not transfer artifact org.wildfly:wildfly-dist:pom:8.1.0.Final from/to central (http://repo1.maven.org/maven2): Error transferring file: Server returned HTTP response code: 501 for URL: https://repo1.maven.org/501-https-required.html from https://repo1.maven.org/501-https-required.html
Caused by: org.apache.maven.wagon.TransferFailedException: Error transferring file: Server returned HTTP response code: 501 for URL: https://repo1.maven.org/501-https-required.html from https://repo1.maven.org/501-https-required.html
Caused by: java.io.IOException: Server returned HTTP response code: 501 for URL: https://repo1.maven.org/501-https-required.html
Caused by: java.io.IOException: Server returned HTTP response code: 501 for URL: https://repo1.maven.org/501-https-required.html

Running org.richfaces.integration.javascript.ITJavaScriptServiceAjax
Tests run: 1, Failures: 0, Errors: 1, Skipped: 0, Time elapsed: 0 sec <<< FAILURE! - in org.richfaces.integration.javascript.ITJavaScriptServiceAjax
org.richfaces.integration.javascript.ITJavaScriptServiceAjax  Time elapsed: 0 sec  <<< ERROR!
java.lang.RuntimeException: Arquillian has previously been attempted initialized, but failed. See cause for previous exception
Caused by: org.jboss.shrinkwrap.resolver.api.NoResolvedResultException: Unable to collect/resolve dependency tree for a resolution due to: Failed to collect dependencies at org.wildfly:wildfly-dist:zip:8.1.0.Final, caused by: Server returned HTTP response code: 501 for URL: https://repo1.maven.org/501-https-required.html
Caused by: org.eclipse.aether.resolution.DependencyResolutionException: Failed to collect dependencies at org.wildfly:wildfly-dist:zip:8.1.0.Final
Caused by: org.eclipse.aether.collection.DependencyCollectionException: Failed to collect dependencies at org.wildfly:wildfly-dist:zip:8.1.0.Final
Caused by: org.eclipse.aether.resolution.ArtifactDescriptorException: Failed to read artifact descriptor for org.wildfly:wildfly-dist:zip:8.1.0.Final
Caused by: org.eclipse.aether.resolution.ArtifactResolutionException: Could not transfer artifact org.wildfly:wildfly-dist:pom:8.1.0.Final from/to central (http://repo1.maven.org/maven2): Error transferring file: Server returned HTTP response code: 501 for URL: https://repo1.maven.org/501-https-required.html from https://repo1.maven.org/501-https-required.html
Caused by: org.eclipse.aether.transfer.ArtifactTransferException: Could not transfer artifact org.wildfly:wildfly-dist:pom:8.1.0.Final from/to central (http://repo1.maven.org/maven2): Error transferring file: Server returned HTTP response code: 501 for URL: https://repo1.maven.org/501-https-required.html from https://repo1.maven.org/501-https-required.html
Caused by: org.apache.maven.wagon.TransferFailedException: Error transferring file: Server returned HTTP response code: 501 for URL: https://repo1.maven.org/501-https-required.html from https://repo1.maven.org/501-https-required.html
Caused by: java.io.IOException: Server returned HTTP response code: 501 for URL: https://repo1.maven.org/501-https-required.html
Caused by: java.io.IOException: Server returned HTTP response code: 501 for URL: https://repo1.maven.org/501-https-required.html

Running org.richfaces.integration.resource.ITResourceMapping
Tests run: 1, Failures: 0, Errors: 1, Skipped: 0, Time elapsed: 0 sec <<< FAILURE! - in org.richfaces.integration.resource.ITResourceMapping
org.richfaces.integration.resource.ITResourceMapping  Time elapsed: 0 sec  <<< ERROR!
java.lang.RuntimeException: Arquillian has previously been attempted initialized, but failed. See cause for previous exception
Caused by: org.jboss.shrinkwrap.resolver.api.NoResolvedResultException: Unable to collect/resolve dependency tree for a resolution due to: Failed to collect dependencies at org.wildfly:wildfly-dist:zip:8.1.0.Final, caused by: Server returned HTTP response code: 501 for URL: https://repo1.maven.org/501-https-required.html
Caused by: org.eclipse.aether.resolution.DependencyResolutionException: Failed to collect dependencies at org.wildfly:wildfly-dist:zip:8.1.0.Final
Caused by: org.eclipse.aether.collection.DependencyCollectionException: Failed to collect dependencies at org.wildfly:wildfly-dist:zip:8.1.0.Final
Caused by: org.eclipse.aether.resolution.ArtifactDescriptorException: Failed to read artifact descriptor for org.wildfly:wildfly-dist:zip:8.1.0.Final
Caused by: org.eclipse.aether.resolution.ArtifactResolutionException: Could not transfer artifact org.wildfly:wildfly-dist:pom:8.1.0.Final from/to central (http://repo1.maven.org/maven2): Error transferring file: Server returned HTTP response code: 501 for URL: https://repo1.maven.org/501-https-required.html from https://repo1.maven.org/501-https-required.html
Caused by: org.eclipse.aether.transfer.ArtifactTransferException: Could not transfer artifact org.wildfly:wildfly-dist:pom:8.1.0.Final from/to central (http://repo1.maven.org/maven2): Error transferring file: Server returned HTTP response code: 501 for URL: https://repo1.maven.org/501-https-required.html from https://repo1.maven.org/501-https-required.html
Caused by: org.apache.maven.wagon.TransferFailedException: Error transferring file: Server returned HTTP response code: 501 for URL: https://repo1.maven.org/501-https-required.html from https://repo1.maven.org/501-https-required.html
Caused by: java.io.IOException: Server returned HTTP response code: 501 for URL: https://repo1.maven.org/501-https-required.html
Caused by: java.io.IOException: Server returned HTTP response code: 501 for URL: https://repo1.maven.org/501-https-required.html

Running org.richfaces.ehcache.ITEhCache
Tests run: 1, Failures: 0, Errors: 1, Skipped: 0, Time elapsed: 0 sec <<< FAILURE! - in org.richfaces.ehcache.ITEhCache
org.richfaces.ehcache.ITEhCache  Time elapsed: 0 sec  <<< ERROR!
java.lang.RuntimeException: Arquillian has previously been attempted initialized, but failed. See cause for previous exception
Caused by: org.jboss.shrinkwrap.resolver.api.NoResolvedResultException: Unable to collect/resolve dependency tree for a resolution due to: Failed to collect dependencies at org.wildfly:wildfly-dist:zip:8.1.0.Final, caused by: Server returned HTTP response code: 501 for URL: https://repo1.maven.org/501-https-required.html
Caused by: org.eclipse.aether.resolution.DependencyResolutionException: Failed to collect dependencies at org.wildfly:wildfly-dist:zip:8.1.0.Final
Caused by: org.eclipse.aether.collection.DependencyCollectionException: Failed to collect dependencies at org.wildfly:wildfly-dist:zip:8.1.0.Final
Caused by: org.eclipse.aether.resolution.ArtifactDescriptorException: Failed to read artifact descriptor for org.wildfly:wildfly-dist:zip:8.1.0.Final
Caused by: org.eclipse.aether.resolution.ArtifactResolutionException: Could not transfer artifact org.wildfly:wildfly-dist:pom:8.1.0.Final from/to central (http://repo1.maven.org/maven2): Error transferring file: Server returned HTTP response code: 501 for URL: https://repo1.maven.org/501-https-required.html from https://repo1.maven.org/501-https-required.html
Caused by: org.eclipse.aether.transfer.ArtifactTransferException: Could not transfer artifact org.wildfly:wildfly-dist:pom:8.1.0.Final from/to central (http://repo1.maven.org/maven2): Error transferring file: Server returned HTTP response code: 501 for URL: https://repo1.maven.org/501-https-required.html from https://repo1.maven.org/501-https-required.html
Caused by: org.apache.maven.wagon.TransferFailedException: Error transferring file: Server returned HTTP response code: 501 for URL: https://repo1.maven.org/501-https-required.html from https://repo1.maven.org/501-https-required.html
Caused by: java.io.IOException: Server returned HTTP response code: 501 for URL: https://repo1.maven.org/501-https-required.html
Caused by: java.io.IOException: Server returned HTTP response code: 501 for URL: https://repo1.maven.org/501-https-required.html


Results :

Tests in error: 
  ITEhCache.org.richfaces.ehcache.ITEhCache » Runtime Arquillian has previously ...
  ITJavaScriptServiceAjax.org.richfaces.integration.javascript.ITJavaScriptServiceAjax » Runtime
  ITStatelessViews.org.richfaces.integration.partialResponse.ITStatelessViews » NoResolvedResult
  ITResourceMapping.org.richfaces.integration.resource.ITResourceMapping » Runtime

Tests run: 4, Failures: 0, Errors: 4, Skipped: 0

[[1;34mINFO[m] [1m------------------------------------------------------------------------[m
[[1;34mINFO[m] [1mReactor Summary for RichFaces Parent 4.5.18-SNAPSHOT:[m
[[1;34mINFO[m] 
[[1;34mINFO[m] RichFaces BOM ...................................... [1;32mSUCCESS[m [ 16.947 s]
[[1;34mINFO[m] RichFaces Build Version Management ................. [1;32mSUCCESS[m [  0.003 s]
[[1;34mINFO[m] RichFaces Build Resources .......................... [1;32mSUCCESS[m [01:47 min]
[[1;34mINFO[m] RichFaces Parent ................................... [1;32mSUCCESS[m [ 40.378 s]
[[1;34mINFO[m] RichFaces Page Fragments ........................... [1;32mSUCCESS[m [ 13.423 s]
[[1;34mINFO[m] RichFaces Core ..................................... [1;31mFAILURE[m [ 59.070 s]
[[1;34mINFO[m] RichFaces UI Components Parent ..................... [1;33mSKIPPED[m
[[1;34mINFO[m] RichFaces a4j components ........................... [1;33mSKIPPED[m
[[1;34mINFO[m] RichFaces Resources Maven Plugin ................... [1;33mSKIPPED[m
[[1;34mINFO[m] RichFaces rich components .......................... [1;33mSKIPPED[m
[[1;34mINFO[m] RichFaces Push Depchain ............................ [1;33mSKIPPED[m
[[1;34mINFO[m] RichFaces Push Native Depchain ..................... [1;33mSKIPPED[m
[[1;34mINFO[m] RichFaces Distribution Assembler ................... [1;33mSKIPPED[m
[[1;34mINFO[m] RichFaces Photoalbum ............................... [1;33mSKIPPED[m
[[1;34mINFO[m] RichFaces Showcase ................................. [1;33mSKIPPED[m
[[1;34mINFO[m] RichFaces Examples Template ........................ [1;33mSKIPPED[m
[[1;34mINFO[m] RichFaces Example - JPA Demo ....................... [1;33mSKIPPED[m
[[1;34mINFO[m] RichFaces Example - Push Demo ...................... [1;33mSKIPPED[m
[[1;34mINFO[m] RichFaces Example - IRC Client ..................... [1;33mSKIPPED[m
[[1;34mINFO[m] RichFaces Example - Component ...................... [1;33mSKIPPED[m
[[1;34mINFO[m] [1m------------------------------------------------------------------------[m
[[1;34mINFO[m] [1;31mBUILD FAILURE[m
[[1;34mINFO[m] [1m------------------------------------------------------------------------[m
[[1;34mINFO[m] Total time:  04:00 min
[[1;34mINFO[m] Finished at: 2026-08-19T13:00:00+02:00
[[1;34mINFO[m] [1m------------------------------------------------------------------------[m
[[1;31mERROR[m] Failed to execute goal [32morg.apache.maven.plugins:maven-surefire-plugin:2.19.1:test[m [1m(integration-tests)[m on project [36mrichfaces-core[m: [1;31mThere are test failures.[m
[[1;31mERROR[m] [1;31m[m
[[1;31mERROR[m] [1;31mPlease refer to /RicksCafe/Git.Projects/richfaces/core/target/surefire-reports for the individual test results.[m
[[1;31mERROR[m] -> [1m[Help 1][m
[[1;31mERROR[m] 
[[1;31mERROR[m] To see the full stack trace of the errors, re-run Maven with the [1m-e[m switch.
[[1;31mERROR[m] Re-run Maven using the [1m-X[m switch to enable full debug logging.
[[1;31mERROR[m] 
[[1;31mERROR[m] For more information about the errors and possible solutions, please read the following articles:
[[1;31mERROR[m] [1m[Help 1][m http://cwiki.apache.org/confluence/display/MAVEN/MojoFailureException
[[1;31mERROR[m] 
[[1;31mERROR[m] After correcting the problems, you can resume the build with the command
[[1;31mERROR[m]   [1mmvn <args> -rf :richfaces-core[m
